Date,Mkt,CPI,RF,SnP,Return,Bond
1928-01-01,-0.0043,17.3,0.25,17.65999985,-0.0043,1
1928-02-01,-0.0137,17.1,0.33,17.53000069,-0.007361221,1
1928-03-01,0.091,17.1,0.29,17.29999924,-0.013120447,1
1928-04-01,0.0445,17.1,0.22,19.28000069,0.114450956,1
1928-05-01,0.0184,17.2,0.32,19.78000069,0.025933609,1
1928-06-01,-0.0454,17.1,0.31,20.06999969,0.014661223,1
1928-07-01,0.0094,17.1,0.32,19.13999939,-0.046337834,1
1928-08-01,0.07,17.1,0.32,19.42000008,0.014629085,1
1928-09-01,0.0315,17.3,0.27,20.87000084,0.074665333,1
1928-10-01,0.0174,17.2,0.41,21.36000061,0.023478666,1
1928-11-01,0.1219,17.2,0.38,21.98999977,0.029494342,1
1928-12-01,0.0042,17.1,0.06,24.28000069,0.104138287,1
1929-01-01,0.05,17.1,0.34,24.35000038,0.002883019,1
1929-02-01,0.0002,17.1,0.36,25.84000015,0.061190955,1
1929-03-01,-0.0055,17,0.34,25.82999992,-0.000387006,1
1929-04-01,0.0179,16.9,0.36,24.87999916,-0.036778969,1
1929-05-01,-0.0595,17,0.44,25.98999977,0.044614174,1
1929-06-01,0.1022,17.1,0.52,24.82999992,-0.044632546,1
1929-07-01,0.0479,17.3,0.33,27.77000046,0.118405177,1
1929-08-01,0.0858,17.3,0.4,29.07999992,0.047173188,1
1929-09-01,-0.0512,17.3,0.35,31.70999908,0.090440136,1
1929-10-01,-0.1966,17.3,0.46,29.97999954,-0.054556909,1
1929-11-01,-0.1237,17.3,0.37,24.14999962,-0.194462976,1
1929-12-01,0.017,17.2,0.37,20.92000008,-0.133747395,1
1930-01-01,0.0575,17.1,0.14,21.45000076,0.025334641,1
1930-02-01,0.028,17,0.3,22.79000092,0.062470867,1
1930-03-01,0.0745,16.9,0.35,23.28000069,0.021500647,1
1930-04-01,-0.0185,17,0.21,25.37000084,0.089776636,1
1930-05-01,-0.014,16.9,0.26,24.29999924,-0.04217586,1
1930-06-01,-0.16,16.8,0.27,24.48999977,0.007818952,1
1930-07-01,0.0432,16.6,0.2,20.23999977,-0.173540222,1
1930-08-01,0.0039,16.5,0.09,21.11000061,0.042984232,1
1930-09-01,-0.1253,16.6,0.22,21.37000084,0.012316448,1
1930-10-01,-0.0869,16.5,0.09,19.42000008,-0.091249447,1
1930-11-01,-0.0291,16.4,0.13,16.94000053,-0.127703374,1
1930-12-01,-0.0769,16.1,0.14,16.79999924,-0.008264539,1
1931-01-01,0.0639,15.9,0.15,15.34000015,-0.086904711,1
1931-02-01,0.1092,15.7,0.04,16.19000053,0.055410715,1
1931-03-01,-0.063,15.6,0.13,18.03000069,0.113650407,1
1931-04-01,-0.099,15.5,0.08,16.52000046,-0.083749316,1
1931-05-01,-0.1315,15.3,0.09,14.64999962,-0.113196174,1
1931-06-01,0.1398,15.1,0.08,12.39999962,-0.153583622,1
1931-07-01,-0.0656,15.1,0.06,15.06999969,0.215322593,1
1931-08-01,0.0044,15.1,0.03,13.72999954,-0.088918393,1
1931-09-01,-0.291,15,0.03,13.92000008,0.01383835,1
1931-10-01,0.0814,14.9,0.1,9.529999733,-0.315373586,1
1931-11-01,-0.0891,14.7,0.17,10.43000031,0.094438678,1
1931-12-01,-0.1341,14.6,0.12,9.380000114,-0.100671156,1
1932-01-01,-0.0135,14.3,0.23,8.119999886,-0.134328381,1
1932-02-01,0.0569,14.1,0.23,8.229999542,0.013546756,1
1932-03-01,-0.1105,14,0.16,8.350000381,0.014580905,1
1932-04-01,-0.1785,13.9,0.11,7.179999828,-0.14011982,1
1932-05-01,-0.2045,13.7,0.06,5.829999924,-0.188022275,1
1932-06-01,-0.0068,13.6,0.02,4.400000095,-0.245282993,1
1932-07-01,0.3387,13.6,0.03,4.599999905,0.045454501,1
1932-08-01,0.3709,13.5,0.03,6.110000134,0.328260926,1
1932-09-01,-0.0291,13.4,0.03,8.470000267,0.386252059,1
1932-10-01,-0.1315,13.3,0.02,8.079999924,-0.046044903,1
1932-11-01,-0.0586,13.2,0.02,6.760000229,-0.1633663,1
1932-12-01,0.0441,13.1,0.01,6.730000019,-0.004437901,1
1933-01-01,0.0126,12.9,0.01,6.920000076,0.028231806,1
1933-02-01,-0.1527,12.7,-0.03,6.670000076,-0.036127167,1
1933-03-01,0.0333,12.6,0.04,5.769999981,-0.134932546,1
1933-04-01,0.3895,12.6,0.1,5.849999905,0.013864805,1
1933-05-01,0.2147,12.6,0.04,8.430000305,0.441025717,1
1933-06-01,0.1313,12.7,0.02,9.739999771,0.155397321,1
1933-07-01,-0.0961,13.1,0.02,10.90999985,0.120123214,1
1933-08-01,0.1208,13.2,0.03,10.25,-0.060494946,1
1933-09-01,-0.1063,13.2,0.02,11.22999954,0.095609711,1
1933-10-01,-0.0835,13.2,0.01,9.720000267,-0.134461205,1
1933-11-01,0.0999,13.2,0.02,9.119999886,-0.061728433,1
1933-12-01,0.0185,13.2,0.02,9.909999847,0.086622804,1
1934-01-01,0.1265,13.2,0.05,9.970000267,0.006054533,1
1934-02-01,-0.0248,13.3,0.02,11.46000004,0.149448318,1
1934-03-01,0.0011,13.3,0.02,10.72000027,-0.064572406,1
1934-04-01,-0.0178,13.3,0.01,10.61999989,-0.009328394,1
1934-05-01,-0.0724,13.3,0.01,10.46000004,-0.015065899,1
1934-06-01,0.0265,13.4,0.01,9.380000114,-0.10325047,1
1934-07-01,-0.1095,13.4,0.01,9.81000042,0.045842249,1
1934-08-01,0.0559,13.4,0.01,8.949999809,-0.087665706,1
1934-09-01,-0.0022,13.6,0.01,9.149999619,0.022346348,1
1934-10-01,-0.0165,13.5,0.01,8.829999924,-0.034972646,1
1934-11-01,0.0834,13.5,0.01,8.770000458,-0.006794957,1
1934-12-01,0.0037,13.4,0.01,9.539999962,0.087799255,1
1935-01-01,-0.0344,13.6,0.01,9.5,-0.004192868,1
1935-02-01,-0.0192,13.7,0.02,9.050000191,-0.047368401,1
1935-03-01,-0.0367,13.7,0.01,8.789999962,-0.028729306,1
1935-04-01,0.0907,13.8,0.01,8.539999962,-0.028441411,1
1935-05-01,0.0348,13.8,0.01,9.229999542,0.080796204,1
1935-06-01,0.0594,13.7,0.01,9.579999924,0.03791987,1
1935-07-01,0.0752,13.7,0.01,10.27999973,0.073068874,1
1935-08-01,0.0266,13.7,0.01,11.03999996,0.073929985,1
1935-09-01,0.0264,13.7,0.01,11.23999977,0.018115925,1
1935-10-01,0.0704,13.7,0.01,11.47999954,0.021352293,1
1935-11-01,0.049,13.8,0.02,12.60999966,0.09843207,1
1935-12-01,0.0457,13.8,0.01,12.93999958,0.026169701,1
1936-01-01,0.069,13.8,0.01,13.43000031,0.037867136,1
1936-02-01,0.025,13.8,0.01,14.31000042,0.065524951,1
1936-03-01,0.0101,13.7,0.02,14.60000038,0.020265545,1
1936-04-01,-0.0812,13.7,0.02,15.18999958,0.040410903,1
1936-05-01,0.0521,13.7,0.02,13.86999989,-0.086899258,1
1936-06-01,0.0243,13.8,0.03,14.39000034,0.037491021,1
1936-07-01,0.0668,13.9,0.01,14.89999962,0.035441227,1
1936-08-01,0.0101,14,0.02,15.85000038,0.063758442,1
1936-09-01,0.0099,14,0.01,15.94999981,0.006309112,1
1936-10-01,0.0714,14,0.02,16.04000092,0.005642703,1
1936-11-01,0.0328,14,0.01,17.22999954,0.074189436,1
1936-12-01,0.0021,14,0,17.13999939,-0.005223456,1
1937-01-01,0.0336,14.1,0.01,17.18000031,0.002333776,1
1937-02-01,0.0111,14.1,0.02,17.87999916,0.040744985,1
1937-03-01,-0.0026,14.2,0.01,18.09000015,0.011745022,1
1937-04-01,-0.0733,14.3,0.03,17.70999908,-0.02100614,1
1937-05-01,-0.0077,14.4,0.06,16.43000031,-0.072275485,1
1937-06-01,-0.0418,14.4,0.03,15.96000004,-0.028606224,1
1937-07-01,0.0894,14.5,0.03,15.47000027,-0.03070174,1
1937-08-01,-0.0484,14.5,0.02,16.77000046,0.084033624,1
1937-09-01,-0.1357,14.6,0.04,15.60999966,-0.069171185,1
1937-10-01,-0.0959,14.6,0.02,13.72000027,-0.121076197,1
1937-11-01,-0.0829,14.5,0.02,12.07999992,-0.11953355,1
1937-12-01,-0.0424,14.4,0,10.97000027,-0.091887389,1
1938-01-01,0.0049,14.2,0,10.55000019,-0.038286241,1
1938-02-01,0.0584,14.1,0,10.89000034,0.032227502,1
1938-03-01,-0.2383,14.1,-0.01,11.46000004,0.052341568,1
1938-04-01,0.1452,14.2,0.01,8.909999847,-0.222513105,1
1938-05-01,-0.0383,14.1,0,9.779999733,0.097643086,1
1938-06-01,0.2387,14.1,0,9.569999695,-0.021472397,1
1938-07-01,0.0733,14.1,-0.01,11.90999985,0.24451413,1
1938-08-01,-0.0267,14.1,0,12.25,0.028547452,1
1938-09-01,0.0083,14.1,0.02,11.92000008,-0.026938769,1
1938-10-01,0.0781,14,0.01,12.23999977,0.026845612,1
1938-11-01,-0.0178,14,-0.06,13.10000038,0.070261489,1
1938-12-01,0.0419,14,0,12.60999966,-0.037404634,1
1939-01-01,-0.0597,14,-0.01,13.14000034,0.04203019,1
1939-02-01,0.0352,13.9,0.01,12.11999989,-0.077625604,1
1939-03-01,-0.12,13.9,-0.01,12.69999981,0.04785478,1
1939-04-01,-0.0018,13.8,0,10.97999954,-0.135433094,1
1939-05-01,0.0681,13.8,0.01,10.85999966,-0.010928952,1
1939-06-01,-0.053,13.8,0.01,11.42000008,0.051565418,1
1939-07-01,0.1024,13.8,0,10.85999966,-0.049036814,1
1939-08-01,-0.0669,13.8,-0.01,12.03999996,0.108655648,1
1939-09-01,0.1689,14.1,0.01,11.30000019,-0.061461775,1
1939-10-01,-0.0053,14,0,12.78999996,0.131858385,1
1939-11-01,-0.0362,14,0,12.81999969,0.002345562,1
1939-12-01,0.0303,14,0,12.28999996,-0.041341634,1
1940-01-01,-0.0241,13.9,0,12.46000004,0.01383239,1
1940-02-01,0.0144,14,0,12.05000019,-0.032905285,1
1940-03-01,0.0205,14,0,12.06000042,0.000829894,1
1940-04-01,0.0022,14,0,12.21000004,0.012437779,1
1940-05-01,-0.2197,14,-0.02,12.02999973,-0.01474204,1
1940-06-01,0.0667,14.1,0,9.270000458,-0.229426379,1
1940-07-01,0.0317,14,0.01,9.869999886,0.064724854,1
1940-08-01,0.0218,14,-0.01,10.26000023,0.039513713,1
1940-09-01,0.0239,14,0,10.5,0.02339179,1
1940-10-01,0.0302,14,0,10.81000042,0.029523849,1
1940-11-01,-0.0161,14,0,11.07999992,0.024976826,1
1940-12-01,0.0069,14.1,0,10.56999969,-0.046028902,1
1941-01-01,-0.0418,14.1,-0.01,10.57999992,0.000946095,1
1941-02-01,-0.0144,14.1,-0.01,10.06999969,-0.048204181,1
1941-03-01,0.0085,14.2,0.01,9.920000076,-0.014895692,1
1941-04-01,-0.0547,14.3,-0.01,9.970000267,0.005040342,1
1941-05-01,0.0139,14.4,0,9.300000191,-0.067201611,1
1941-06-01,0.0583,14.7,0,9.380000114,0.008602142,1
1941-07-01,0.059,14.7,0.03,9.819999695,0.04690827,1
1941-08-01,-0.0016,14.9,0.01,10.34000015,0.052953205,1
1941-09-01,-0.0086,15.1,0.01,10.27999973,-0.005802748,1
1941-10-01,-0.0525,15.3,0,10.17000008,-0.010700356,1
1941-11-01,-0.0192,15.4,0,9.5,-0.065880046,1
1941-12-01,-0.0486,15.5,0.01,9.069999695,-0.04526319,1
1942-01-01,0.0081,15.7,0.02,8.68999958,-0.041896376,1
1942-02-01,-0.0245,15.8,0.01,8.850000381,0.018412061,1
1942-03-01,-0.0657,16,0.01,8.590000153,-0.029378556,1
1942-04-01,-0.0436,16.1,0.01,8.050000191,-0.06286379,1
1942-05-01,0.0597,16.3,0.03,7.710000038,-0.042236043,1
1942-06-01,0.0271,16.3,0.02,8.18999958,0.06225675,1
1942-07-01,0.0354,16.4,0.03,8.229999542,0.004884,1
1942-08-01,0.0183,16.5,0.03,8.56000042,0.040097314,1
1942-09-01,0.0264,16.5,0.03,8.619999886,0.007009283,1
1942-10-01,0.0685,16.7,0.03,8.920000076,0.034802807,1
1942-11-01,0.0018,16.8,0.03,9.359999657,0.049327307,1
1942-12-01,0.0515,16.9,0.03,9.279999733,-0.008547001,1
1943-01-01,0.0716,16.9,0.03,9.770000458,0.052801804,1
1943-02-01,0.0618,16.9,0.03,10.52000046,0.076765605,1
1943-03-01,0.0604,17.2,0.03,10.92000008,0.038022776,1
1943-04-01,0.0084,17.4,0.03,11.59000015,0.061355318,1
1943-05-01,0.0577,17.5,0.03,11.59000015,0,1
1943-06-01,0.0185,17.5,0.03,12.18000031,0.050905966,1
1943-07-01,-0.0474,17.4,0.03,12.35999966,0.014778272,1
1943-08-01,0.0133,17.3,0.03,11.85000038,-0.041262078,1
1943-09-01,0.0243,17.4,0.03,11.84000015,-0.000843901,1
1943-10-01,-0.0112,17.4,0.03,12.09000015,0.021114865,1
1943-11-01,-0.0588,17.4,0.03,11.92000008,-0.014061214,1
1943-12-01,0.0639,17.4,0.03,11.13000011,-0.066275164,1
1944-01-01,0.0177,17.4,0.03,11.67000008,0.048517516,1
1944-02-01,0.004,17.4,0.03,11.82999992,0.013710355,1
1944-03-01,0.0248,17.4,0.02,11.86999989,0.003381231,1
1944-04-01,-0.0166,17.5,0.03,12.02000046,0.012636948,1
1944-05-01,0.051,17.5,0.03,11.96000004,-0.004991715,1
1944-06-01,0.0552,17.6,0.03,12.31000042,0.029264246,1
1944-07-01,-0.0146,17.7,0.03,12.97999954,0.054427222,1
1944-08-01,0.016,17.7,0.03,12.77999973,-0.015408306,1
1944-09-01,0.0003,17.7,0.02,12.85999966,0.006259775,1
1944-10-01,0.0019,17.7,0.03,12.73999977,-0.009331251,1
1944-11-01,0.0174,17.7,0.03,12.82999992,0.007064376,1
1944-12-01,0.0405,17.8,0.02,12.80000019,-0.002338249,1
1945-01-01,0.0204,17.8,0.03,13.27999973,0.037499964,1
1945-02-01,0.0625,17.8,0.02,13.5,0.016566286,1
1945-03-01,-0.0387,17.8,0.02,14.31999969,0.060740718,1
1945-04-01,0.0783,17.8,0.03,13.60999966,-0.049581009,1
1945-05-01,0.0176,17.9,0.03,14.78999996,0.08670098,1
1945-06-01,0.0041,18.1,0.02,15.02999973,0.016227165,1
1945-07-01,-0.0214,18.1,0.03,14.86999989,-0.010645366,1
1945-08-01,0.0623,18.1,0.03,14.68000031,-0.012777376,1
1945-09-01,0.048,18.1,0.03,15.51000023,0.056539503,1
1945-10-01,0.0392,18.1,0.03,16.32999992,0.052869096,1
1945-11-01,0.0541,18.1,0.02,16.87000084,0.033068029,1
1945-12-01,0.0123,18.2,0.03,17.19000053,0.018968564,1
1946-01-01,0.0627,18.2,0.03,17.36000061,0.009889475,1
1946-02-01,-0.058,18.1,0.03,18.63999939,0.073732646,1
1946-03-01,0.059,18.3,0.03,17.20999908,-0.076716757,1
1946-04-01,0.0426,18.4,0.03,18.05999947,0.049389914,1
1946-05-01,0.0396,18.5,0.03,18.70999908,0.035991121,1
1946-06-01,-0.0386,18.7,0.03,19.18000031,0.025120323,1
1946-07-01,-0.0266,19.8,0.03,18.54000092,-0.033368059,1
1946-08-01,-0.0641,20.2,0.03,18.01000023,-0.028586875,1
1946-09-01,-0.1014,20.4,0.03,16.64999962,-0.075513636,1
1946-10-01,-0.0141,20.8,0.03,14.92000008,-0.103903879,1
1946-11-01,0.0002,21.3,0.03,15.06999969,0.010053594,1
1946-12-01,0.0499,21.5,0.03,14.68000031,-0.02587919,1
1947-01-01,0.0128,21.5,0.03,15.30000019,0.042234324,1
1947-02-01,-0.0105,21.5,0.03,15.65999985,0.023529389,1
1947-03-01,-0.0164,21.9,0.03,15.43000031,-0.014687072,1
1947-04-01,-0.0477,21.9,0.03,15.22999954,-0.012961812,1
1947-05-01,-0.0094,21.9,0.03,14.68999958,-0.035456335,1
1947-06-01,0.0532,22,0.03,14.44999981,-0.01633763,1
1947-07-01,0.0417,22.2,0.03,15.46000004,0.069896211,1
1947-08-01,-0.0171,22.5,0.03,15.80000019,0.021992248,1
1947-09-01,-0.0048,23,0.06,15.31999969,-0.030379778,1
1947-10-01,0.0253,23,0.06,15.15999985,-0.010443854,1
1947-11-01,-0.0191,23.1,0.06,15.43000031,0.017810057,1
1947-12-01,0.0308,23.4,0.08,15.06999969,-0.023331212,1
1948-01-01,-0.0386,23.7,0.07,15.30000019,0.015262143,1
1948-02-01,-0.0431,23.5,0.07,14.68000031,-0.040522868,1
1948-03-01,0.0816,23.4,0.09,14.06999969,-0.041553174,1
1948-04-01,0.0373,23.8,0.08,15.11999989,0.074626881,1
1948-05-01,0.0738,23.9,0.08,15.47999954,0.023809501,1
1948-06-01,-0.0001,24.1,0.09,16.73999977,0.081395366,1
1948-07-01,-0.0501,24.4,0.08,16.70000076,-0.002389427,1
1948-08-01,0.0034,24.5,0.09,15.85000038,-0.050898224,1
1948-09-01,-0.0293,24.5,0.04,16.15999985,0.019558325,1
1948-10-01,0.06,24.4,0.04,15.67000008,-0.030321768,1
1948-11-01,-0.0926,24.2,0.04,16.70000076,0.065730739,1
1948-12-01,0.033,24.1,0.04,15.01000023,-0.101197632,1
1949-01-01,0.0033,24,0.1,15.19999981,0.0126582,1
1949-02-01,-0.0284,23.8,0.09,15.34000015,0.009210549,1
1949-03-01,0.0414,23.8,0.1,14.71000004,-0.041069107,1
1949-04-01,-0.0178,23.9,0.09,14.93999958,0.015635591,1
1949-05-01,-0.0284,23.8,0.1,14.71000004,-0.015394883,1
1949-06-01,0.002,23.9,0.1,14.14000034,-0.038749129,1
1949-07-01,0.0563,23.7,0.09,14.26000023,0.008486555,1
1949-08-01,0.0269,23.8,0.09,15.11999989,0.06030853,1
1949-09-01,0.0318,23.9,0.09,15.31000042,0.012566173,1
1949-10-01,0.0323,23.7,0.09,15.57999992,0.017635499,1
1949-11-01,0.019,23.8,0.08,16.20000076,0.039794663,1
1949-12-01,0.0522,23.6,0.09,16.14999962,-0.00308649,1
1950-01-01,0.0179,23.5,0.09,16.79000092,0.039628564,1
1950-02-01,0.0157,23.5,0.09,17.04999924,0.015485307,1
1950-03-01,0.0136,23.6,0.1,17.23999977,0.011143727,1
1950-04-01,0.0403,23.6,0.09,17.29000092,0.002900298,1
1950-05-01,0.0441,23.7,0.1,18.21999931,0.053788221,1
1950-06-01,-0.0584,23.8,0.1,18.77000046,0.030186672,1
1950-07-01,0.0146,24.1,0.1,17.69000053,-0.05753862,1
1950-08-01,0.0495,24.3,0.1,18.02000046,0.018654602,1
1950-09-01,0.0491,24.4,0.1,18.54999924,0.029411696,1
1950-10-01,-0.0006,24.6,0.12,19.45000076,0.048517604,1
1950-11-01,0.0287,24.7,0.11,19.55999947,0.00565546,1
1950-12-01,0.0565,25,0.11,19.65999985,0.005112494,1
1951-01-01,0.0583,25.4,0.13,20.43000031,0.039165843,1
1951-02-01,0.0151,25.7,0.1,21.77000046,0.065589825,1
1951-03-01,-0.0204,25.8,0.11,21.85000038,0.003674778,1
1951-04-01,0.0499,25.8,0.13,21.47999954,-0.016933677,1
1951-05-01,-0.0222,25.9,0.12,22.53000069,0.048882736,1
1951-06-01,-0.025,25.9,0.12,21.47999954,-0.046604577,1
1951-07-01,0.0707,25.9,0.13,20.95999908,-0.024208588,1
1951-08-01,0.044,25.9,0.13,22.51000023,0.07395044,1
1951-09-01,0.0082,26.1,0.12,23.28000069,0.034207039,1
1951-10-01,-0.0237,26.2,0.16,23.46999931,0.008161453,1
1951-11-01,0.0068,26.4,0.11,23.10000038,-0.015764761,1
1951-12-01,0.0345,26.5,0.12,22.87999916,-0.009523862,1
1952-01-01,0.016,26.5,0.15,23.77000046,0.03889866,1
1952-02-01,-0.025,26.3,0.12,24.29999924,0.022296961,1
1952-03-01,0.0455,26.3,0.11,23.26000023,-0.042798314,1
1952-04-01,-0.0485,26.4,0.12,24.18000031,0.039552883,1
1952-05-01,0.0333,26.4,0.13,23.17000008,-0.041770067,1
1952-06-01,0.0398,26.5,0.15,23.86000061,0.029779911,1
1952-07-01,0.0106,26.7,0.15,25.12000084,0.052808055,1
1952-08-01,-0.0061,26.7,0.15,25.45000076,0.013136939,1
1952-09-01,-0.0187,26.7,0.16,25.03000069,-0.016502949,1
1952-10-01,-0.0052,26.7,0.14,24.47999954,-0.021973677,1
1952-11-01,0.0604,26.7,0.1,24.52000046,0.001634024,1
1952-12-01,0.0309,26.7,0.16,25.68000031,0.047308313,1
1953-01-01,-0.0018,26.6,0.16,26.56999969,0.034657297,1
1953-02-01,-0.0013,26.5,0.14,26.37999916,-0.007150942,1
1953-03-01,-0.0125,26.6,0.18,25.89999962,-0.018195586,1
1953-04-01,-0.0267,26.6,0.16,25.25,-0.025096511,1
1953-05-01,0.0069,26.7,0.17,24.72999954,-0.020594078,1
1953-06-01,-0.0171,26.8,0.18,24.14999962,-0.023453293,1
1953-07-01,0.0255,26.8,0.15,24.23999977,0.003726714,1
1953-08-01,-0.0435,26.9,0.17,24.75,0.021039614,1
1953-09-01,0.0036,26.9,0.16,23.42000008,-0.053737371,1
1953-10-01,0.0473,27,0.13,23.48999977,0.002988885,1
1953-11-01,0.0291,26.9,0.08,24.54000092,0.044699921,1
1953-12-01,0.0016,26.9,0.13,24.78000069,0.009779941,1
1954-01-01,0.0524,26.9,0.11,24.80999947,0.001210604,1
1954-02-01,0.0174,26.9,0.07,25.98999977,0.04756148,1
1954-03-01,0.0373,26.9,0.08,26.25,0.010003857,1
1954-04-01,0.0436,26.8,0.09,27.17000008,0.035047622,1
1954-05-01,0.0314,26.9,0.05,28.26000023,0.040117782,1
1954-06-01,0.0113,26.9,0.06,29.19000053,0.032908715,1
1954-07-01,0.0504,26.9,0.05,29.20999908,0.000685116,1
1954-08-01,-0.0229,26.9,0.05,30.87999916,0.057172206,1
1954-09-01,0.0648,26.8,0.09,30.04000092,-0.027202016,1
1954-10-01,-0.016,26.8,0.07,32.29000092,0.074900131,1
1954-11-01,0.0944,26.8,0.06,31.79000092,-0.01548467,1
1954-12-01,0.0556,26.7,0.08,33.99000168,0.069204174,1
1955-01-01,0.0068,26.7,0.08,35.97999954,0.058546566,1
1955-02-01,0.0311,26.7,0.09,36.72000122,0.020567029,1
1955-03-01,-0.0006,26.7,0.1,36.83000183,0.002995659,1
1955-04-01,0.0321,26.7,0.1,36.95000076,0.003258184,1
1955-05-01,0.0107,26.7,0.14,37.95999908,0.027334189,1
1955-06-01,0.0665,26.7,0.1,37.95999908,0,1
1955-07-01,0.02,26.8,0.1,41.18999863,0.085089558,1
1955-08-01,0.0037,26.8,0.16,42.93000031,0.042243305,1
1955-09-01,-0.002,26.9,0.16,43.36999893,0.010249211,1
1955-10-01,-0.025,26.9,0.18,43.66999817,0.006917206,1
1955-11-01,0.072,26.9,0.17,42.27999878,-0.031829619,1
1955-12-01,0.0167,26.8,0.18,45.34999847,0.072611159,1
1956-01-01,-0.0281,26.8,0.22,45.47999954,0.002866617,1
1956-02-01,0.0396,26.8,0.19,44.02999878,-0.031882163,1
1956-03-01,0.0679,26.8,0.15,45.54000092,0.034294848,1
1956-04-01,0.0047,26.9,0.19,48.47999954,0.064558598,1
1956-05-01,-0.0497,27,0.23,48.15999985,-0.006600654,1
1956-06-01,0.0368,27.2,0.2,45.58000183,-0.053571388,1
1956-07-01,0.0506,27.4,0.22,46.97000122,0.030495817,1
1956-08-01,-0.0301,27.3,0.17,49.61999893,0.056418941,1
1956-09-01,-0.0496,27.4,0.18,47.50999832,-0.042523189,1
1956-10-01,0.0077,27.5,0.25,44.70000076,-0.059145394,1
1956-11-01,0.0056,27.5,0.2,46.52000046,0.040715876,1
1956-12-01,0.034,27.6,0.24,45.08000183,-0.030954398,1
1957-01-01,-0.0331,27.6,0.27,46.66999817,0.035270547,1
1957-02-01,-0.0182,27.7,0.24,44.61999893,-0.043925419,1
1957-03-01,0.0236,27.8,0.23,43.74000168,-0.019722037,1
1957-04-01,0.0451,27.9,0.25,44.13999939,0.009144895,1
1957-05-01,0.0371,28,0.26,46.02000046,0.042591778,1
1957-06-01,-0.005,28.1,0.24,47.43000031,0.030638849,1
1957-07-01,0.0096,28.3,0.3,47.43000031,0,1
1957-08-01,-0.0486,28.3,0.25,47.79000092,0.007590146,1
1957-09-01,-0.0572,28.3,0.26,45.22000122,-0.053776933,1
1957-10-01,-0.0403,28.3,0.29,42.75999832,-0.05440077,1
1957-11-01,0.0258,28.4,0.28,40.43999863,-0.054256309,1
1957-12-01,-0.0367,28.4,0.24,41.72000122,0.031651895,1
1958-01-01,0.0494,28.6,0.28,39.99000168,-0.04146691,1
1958-02-01,-0.014,28.6,0.12,41.70000076,0.042760665,1
1958-03-01,0.0336,28.8,0.09,40.84000015,-0.020623515,1
1958-04-01,0.0317,28.9,0.08,41.93000031,0.026689524,1
1958-05-01,0.0242,28.9,0.11,43.54000092,0.038397343,1
1958-06-01,0.0296,28.9,0.03,44.09000015,0.012632045,1
1958-07-01,0.0446,29,0.07,45.27999878,0.026990216,1
1958-08-01,0.0195,28.9,0.04,47.49000168,0.048807486,1
1958-09-01,0.0485,28.9,0.19,47.75,0.005474801,1
1958-10-01,0.0271,28.9,0.18,49.97999954,0.046701561,1
1958-11-01,0.0312,29,0.11,51.33000183,0.02701085,1
1958-12-01,0.0537,28.9,0.22,52.68999863,0.026495164,1
1959-01-01,0.0092,29,0.21,55.20999908,0.047826922,1
1959-02-01,0.0114,28.9,0.19,55.45000076,0.004347069,1
1959-03-01,0.005,28.9,0.22,55.40999985,-0.000721387,1
1959-04-01,0.0386,29,0.2,55.68999863,0.005053217,1
1959-05-01,0.0195,29,0.22,57.65000153,0.035194881,1
1959-06-01,0,29.1,0.25,58.63000107,0.016999124,1
1959-07-01,0.0342,29.2,0.25,58.97000122,0.005799081,1
1959-08-01,-0.012,29.2,0.19,60.50999832,0.026114924,1
1959-09-01,-0.0449,29.3,0.31,58.86999893,-0.027102949,1
1959-10-01,0.0158,29.4,0.3,56.93999863,-0.032784106,1
1959-11-01,0.0186,29.4,0.26,57.52000046,0.010186193,1
1959-12-01,0.0279,29.4,0.34,58.70000076,0.020514609,1
1960-01-01,-0.0665,29.3,0.33,59.88999939,0.020272549,1
1960-02-01,0.0146,29.4,0.29,55.95999908,-0.06562031,1
1960-03-01,-0.0128,29.4,0.35,56.00999832,0.000893482,1
1960-04-01,-0.0152,29.5,0.19,55.43000031,-0.010355259,1
1960-05-01,0.0339,29.5,0.27,54.36999893,-0.019123243,1
1960-06-01,0.0232,29.6,0.24,55.88999939,0.027956603,1
1960-07-01,-0.0224,29.6,0.13,57.06000137,0.020934013,1
1960-08-01,0.0318,29.6,0.17,55.52999878,-0.026813925,1
1960-09-01,-0.0583,29.6,0.16,57.09000015,0.028092948,1
1960-10-01,-0.0049,29.8,0.22,53.52000046,-0.062532837,1
1960-11-01,0.0482,29.8,0.13,53.93999863,0.007847499,1
1960-12-01,0.0487,29.8,0.16,55.29999924,0.025213212,1
1961-01-01,0.0639,29.8,0.19,58.11000061,0.050813769,1
1961-02-01,0.0371,29.8,0.14,61.90000153,0.065221147,1
1961-03-01,0.0309,29.8,0.2,63.43000031,0.024717266,1
1961-04-01,0.0046,29.8,0.17,65.05999756,0.025697576,1
1961-05-01,0.0258,29.8,0.18,65.16999817,0.001690756,1
1961-06-01,-0.0288,29.8,0.2,66.55999756,0.021328824,1
1961-07-01,0.0301,30,0.18,64.63999939,-0.028846127,1
1961-08-01,0.0271,29.9,0.14,67.37000275,0.042233963,1
1961-09-01,-0.0198,30,0.17,68.19000244,0.012171585,1
1961-10-01,0.0276,30,0.19,66.73000336,-0.02141075,1
1961-11-01,0.046,30,0.15,68.73000336,0.029971526,1
1961-12-01,0.0001,30,0.19,71.77999878,0.044376477,1
1962-01-01,-0.0363,30,0.24,71.55000305,-0.003204176,1
1962-02-01,0.0201,30.1,0.2,69.26000214,-0.032005602,1
1962-03-01,-0.0048,30.1,0.2,70.19999695,0.013571972,1
1962-04-01,-0.0637,30.2,0.22,69.55000305,-0.009259173,1
1962-05-01,-0.0841,30.2,0.24,65.69999695,-0.055355944,1
1962-06-01,-0.0827,30.2,0.2,59.38000107,-0.096194767,1
1962-07-01,0.0655,30.3,0.27,54.75,-0.077972398,1
1962-08-01,0.0236,30.3,0.23,57.75,0.054794521,1
1962-09-01,-0.0501,30.4,0.21,59.11999893,0.023722925,1
1962-10-01,0.002,30.4,0.25,55.49000168,-0.061400496,1
1962-11-01,0.1107,30.4,0.2,57.11999893,0.029374612,1
1962-12-01,0.0124,30.4,0.23,62.25999832,0.089985985,1
1963-01-01,0.0518,30.4,0.25,63.09999847,0.013491811,1
1963-02-01,-0.0215,30.4,0.23,66.30999756,0.050871619,1
1963-03-01,0.0331,30.5,0.23,64.09999847,-0.033328294,1
1963-04-01,0.0476,30.5,0.25,66.84999847,0.042901717,1
1963-05-01,0.02,30.5,0.24,69.97000122,0.046671695,1
1963-06-01,-0.0177,30.6,0.23,70.80000305,0.011862253,1
1963-07-01,-0.0012,30.7,0.27,68.86000061,-0.027401163,1
1963-08-01,0.0532,30.7,0.25,69.06999969,0.003049653,1
1963-09-01,-0.013,30.7,0.27,72.5,0.04965977,1
1963-10-01,0.0282,30.8,0.29,72.22000122,-0.003862052,1
1963-11-01,-0.0058,30.8,0.27,73.83000183,0.022293002,1
1963-12-01,0.0212,30.9,0.29,73.23000336,-0.008126757,1
1964-01-01,0.0254,30.9,0.3,75.01999664,0.024443441,1
1964-02-01,0.018,30.9,0.26,77.04000092,0.026926211,1
1964-03-01,0.0172,30.9,0.31,77.80000305,0.009865033,1
1964-04-01,0.0039,30.9,0.29,79.23999786,0.01850893,1
1964-05-01,0.0168,30.9,0.26,80.16999817,0.011736501,1
1964-06-01,0.0157,31,0.3,80.11000061,-0.000748379,1
1964-07-01,0.0204,31.1,0.3,82.26999664,0.026962876,1
1964-08-01,-0.0116,31,0.28,83.18000031,0.011061185,1
1964-09-01,0.0297,31.1,0.28,82.18000031,-0.012022121,1
1964-10-01,0.0088,31.1,0.29,84.08000183,0.023119999,1
1964-11-01,0.0029,31.2,0.29,84.86000061,0.009276864,1
1964-12-01,0.0034,31.2,0.31,83.55000305,-0.015437162,1
1965-01-01,0.0382,31.2,0.28,84.75,0.01436262,1
1965-02-01,0.0074,31.2,0.3,87.58000183,0.033392352,1
1965-03-01,-0.0098,31.3,0.36,87.25,-0.003768004,1
1965-04-01,0.0342,31.4,0.31,86.31999969,-0.010659029,1
1965-05-01,-0.0046,31.4,0.31,89.11000061,0.032321605,1
1965-06-01,-0.0516,31.6,0.35,88.72000122,-0.004376606,1
1965-07-01,0.0174,31.6,0.31,84.48000336,-0.047790778,1
1965-08-01,0.0306,31.6,0.33,85.25,0.009114543,1
1965-09-01,0.0317,31.6,0.31,87.16999817,0.022521973,1
1965-10-01,0.0291,31.7,0.31,89.90000153,0.031318153,1
1965-11-01,0.0032,31.7,0.35,92.23000336,0.025917706,1
1965-12-01,0.0134,31.8,0.33,91.5,-0.007915031,1
1966-01-01,0.011,31.8,0.38,92.43000031,0.010163938,1
1966-02-01,-0.0086,32,0.35,92.16000366,-0.002921093,1
1966-03-01,-0.0213,32.1,0.38,90.05999756,-0.022786524,1
1966-04-01,0.0248,32.3,0.34,89.94000244,-0.001332391,1
1966-05-01,-0.0525,32.3,0.41,91.05999756,0.012452692,1
1966-06-01,-0.0106,32.4,0.38,86.09999847,-0.054469572,1
1966-07-01,-0.0128,32.5,0.35,85.61000061,-0.005691032,1
1966-08-01,-0.075,32.7,0.41,82.30999756,-0.038546934,1
1966-09-01,-0.0066,32.7,0.4,77.69999695,-0.056007785,1
1966-10-01,0.0431,32.9,0.45,76.55999756,-0.014671807,1
1966-11-01,0.018,32.9,0.4,80.80999756,0.055512018,1
1966-12-01,0.0053,32.9,0.4,80.08000183,-0.009033483,1
1967-01-01,0.0858,32.9,0.43,80.33000183,0.003121878,1
1967-02-01,0.0114,32.9,0.36,86.43000031,0.07593674,1
1967-03-01,0.0438,33,0.39,87.68000031,0.014462571,1
1967-04-01,0.0421,33.1,0.32,90.19999695,0.028740838,1
1967-05-01,-0.04,33.2,0.33,93.83999634,0.040354762,1
1967-06-01,0.0268,33.3,0.27,90.23000336,-0.038469662,1
1967-07-01,0.0489,33.4,0.31,90.63999939,0.004543899,1
1967-08-01,-0.0058,33.5,0.31,95.37000275,0.052184503,1
1967-09-01,0.0343,33.6,0.32,93.68000031,-0.017720482,1
1967-10-01,-0.027,33.7,0.39,96.70999908,0.032344137,1
1967-11-01,0.0073,33.8,0.36,92.70999908,-0.04136077,1
1967-12-01,0.0338,33.9,0.33,94.5,0.019307528,1
1968-01-01,-0.0366,34.1,0.4,96.47000122,0.020846574,1
1968-02-01,-0.0336,34.2,0.39,92.55999756,-0.040530772,1
1968-03-01,0.0058,34.3,0.38,89.11000061,-0.037273088,1
1968-04-01,0.0948,34.4,0.43,92.48000336,0.037818457,1
1968-05-01,0.0273,34.5,0.45,97.97000122,0.059364162,1
1968-06-01,0.0112,34.7,0.43,98.68000031,0.007247107,1
1968-07-01,-0.0224,34.9,0.48,99.40000153,0.007296324,1
1968-08-01,0.0176,35,0.42,97.27999878,-0.021327995,1
1968-09-01,0.0446,35.1,0.43,98.86000061,0.016241795,1
1968-10-01,0.0086,35.3,0.44,102.8600006,0.040461258,1
1968-11-01,0.0585,35.4,0.42,103.0599976,0.001944361,1
1968-12-01,-0.0351,35.5,0.43,108.3700027,0.051523436,1
1969-01-01,-0.0072,35.6,0.53,103.8600006,-0.041616702,1
1969-02-01,-0.0538,35.8,0.46,103.0100021,-0.008184079,1
1969-03-01,0.031,36.1,0.46,98.12999725,-0.047374088,1
1969-04-01,0.0199,36.3,0.53,101.4199982,0.033526964,1
1969-05-01,0.0038,36.4,0.48,103.5100021,0.020607415,1
1969-06-01,-0.0667,36.6,0.51,103.4599991,-0.000483075,1
1969-07-01,-0.0647,36.8,0.53,98.08000183,-0.052000747,1
1969-08-01,0.0518,37,0.5,93.47000122,-0.047002452,1
1969-09-01,-0.0236,37.1,0.62,95.51000214,0.021825194,1
1969-10-01,0.0566,37.3,0.6,92.51999664,-0.031305679,1
1969-11-01,-0.0327,37.5,0.52,97.12000275,0.049719047,1
1969-12-01,-0.0199,37.7,0.64,93.22000122,-0.040156522,1
1970-01-01,-0.075,37.8,0.6,92.05999756,-0.012443721,1
1970-02-01,0.0575,38,0.62,85.01999664,-0.076471878,1
1970-03-01,-0.0049,38.2,0.57,89.5,0.052693525,1
1970-04-01,-0.105,38.5,0.5,90.06999969,0.006368712,1
1970-05-01,-0.0639,38.6,0.53,81.44000244,-0.095814336,1
1970-06-01,-0.0521,38.8,0.58,77.83999634,-0.044204396,1
1970-07-01,0.0745,39,0.52,72.94000244,-0.062949565,1
1970-08-01,0.0502,39,0.53,78.05000305,0.070057588,1
1970-09-01,0.0472,39.2,0.54,80.94999695,0.03715559,1
1970-10-01,-0.0182,39.4,0.46,84.31999969,0.041630672,1
1970-11-01,0.0506,39.6,0.46,83.25,-0.01268975,1
1970-12-01,0.0614,39.8,0.42,87.47000122,0.050690705,1
1971-01-01,0.0522,39.8,0.38,92.15000153,0.053504061,1
1971-02-01,0.0174,39.9,0.33,96.41999817,0.046337456,1
1971-03-01,0.0443,40,0.3,97,0.006015369,1
1971-04-01,0.0343,40.1,0.28,100.3899994,0.034948447,1
1971-05-01,-0.0369,40.3,0.29,103.9499969,0.035461675,1
1971-06-01,0.0027,40.6,0.37,100.1999969,-0.036075037,1
1971-07-01,-0.041,40.7,0.4,99.77999878,-0.004191599,1
1971-08-01,0.0426,40.8,0.47,95.58000183,-0.042092574,1
1971-09-01,-0.0048,40.8,0.37,99.06999969,0.036513892,1
1971-10-01,-0.0405,40.9,0.37,98.93000031,-0.001413136,1
1971-11-01,-0.0009,40.9,0.37,92.80000305,-0.061962976,1
1971-12-01,0.0908,41.1,0.37,95.44000244,0.028448268,1
1972-01-01,0.0278,41.1,0.29,102.0899963,0.069677218,1
1972-02-01,0.0312,41.3,0.25,104.0100021,0.018806993,1
1972-03-01,0.009,41.4,0.27,107.3499985,0.032112261,1
1972-04-01,0.0058,41.5,0.29,107.1999969,-0.001397313,1
1972-05-01,0.0155,41.6,0.3,106.6900024,-0.004757412,1
1972-06-01,-0.0214,41.7,0.29,109.6900024,0.028118848,1
1972-07-01,-0.0049,41.9,0.31,107.1399994,-0.023247361,1
1972-08-01,0.0355,42,0.29,108.4000015,0.011760334,1
1972-09-01,-0.008,42.1,0.34,111.5100021,0.028690042,1
1972-10-01,0.0092,42.3,0.4,110.5500031,-0.008609085,1
1972-11-01,0.0497,42.4,0.37,112.6699982,0.019176798,1
1972-12-01,0.0099,42.5,0.37,117.3799973,0.041803489,1
1973-01-01,-0.0285,42.6,0.44,118.0500031,0.005708007,1
1973-02-01,-0.0444,42.9,0.41,114.7600021,-0.027869554,1.047923275
1973-03-01,-0.0084,43.3,0.46,111.0500031,-0.032328329,1.024390221
1973-04-01,-0.0516,43.6,0.52,111.5199966,0.00423227,1.01339288
1973-05-01,-0.0243,43.9,0.51,107.0999985,-0.039634131,0.99412629
1973-06-01,-0.0106,44.2,0.51,103.9300003,-0.029598489,1.001477139
1973-07-01,0.0569,44.3,0.64,104.2600021,0.003175232,1.017699098
1973-08-01,-0.0312,45.1,0.7,106.8300018,0.02464991,1.15072463
1973-09-01,0.0543,45.2,0.68,104.25,-0.024150536,0.916876594
1973-10-01,-0.0018,45.6,0.65,108.2099991,0.037985603,0.927197775
1973-11-01,-0.1219,45.9,0.56,107.6900024,-0.00480544,1.011851841
1973-12-01,0.0125,46.2,0.64,95.95999908,-0.108923791,0.991215235
1974-01-01,0.0046,46.6,0.63,97.55000305,0.016569445,1.008862621
1974-02-01,0.0011,47.2,0.58,95.31999969,-0.022860105,1.002928255
1974-03-01,-0.0225,47.8,0.56,95.52999878,0.002203096,1.03065694
1974-04-01,-0.0454,48,0.75,93.25,-0.023866836,1.086402286
1974-05-01,-0.0393,48.6,0.75,92.22000122,-0.011045563,1.063885237
1974-06-01,-0.0223,49,0.6,87.27999878,-0.053567582,0.987745168
1974-07-01,-0.0735,49.4,0.7,86.01999664,-0.014436322,1.039702193
1974-08-01,-0.0875,50,0.6,78.75,-0.084515193,1.022672981
1974-09-01,-0.1096,50.6,0.81,72.15000153,-0.083809504,1.007001216
1974-10-01,0.1661,51.1,0.51,63.38999939,-0.121413748,0.939745023
1974-11-01,-0.0397,51.5,0.54,73.87999725,0.165483483,0.980271288
1974-12-01,-0.0275,51.9,0.7,69.97000122,-0.052923608,0.950943412
1975-01-01,0.1424,52.1,0.58,68.55999756,-0.020151545,0.973544999
1975-02-01,0.0599,52.5,0.43,76.98000336,0.122812224,0.997282611
1975-03-01,0.0307,52.7,0.41,81.58999634,0.059885591,0.971389641
1975-04-01,0.0467,52.9,0.44,82.63999939,0.012869262,1.072931272
1975-05-01,0.0563,53.2,0.44,88.09999847,0.066069689,1.0627451
1975-06-01,0.0524,53.6,0.41,91.15000153,0.034619786,0.936039364
1975-07-01,-0.0611,54.2,0.48,94.84999847,0.040592396,1.03153742
1975-08-01,-0.0237,54.3,0.48,87.98999786,-0.072324731,1.042038268
1975-09-01,-0.0373,54.6,0.53,86.87999725,-0.012615077,0.997554956
1975-10-01,0.0587,54.9,0.56,82.93000031,-0.045464976,1.029411737
1975-11-01,0.0305,55.3,0.41,89.04000092,0.073676602,0.911904785
1975-12-01,-0.0112,55.5,0.48,90.66999817,0.018306348,1.027415149
1976-01-01,0.1263,55.6,0.47,90.19000244,-0.005293876,0.952986037
1976-02-01,0.0066,55.8,0.34,100.8600006,0.118305775,0.990666644
1976-03-01,0.0272,55.9,0.4,100.0199966,-0.008328415,1.018842577
1976-04-01,-0.0107,56.1,0.42,102.2399979,0.022195574,0.982826934
1976-05-01,-0.0097,56.5,0.37,101.6399994,-0.00586853,0.986559153
1976-06-01,0.0448,56.8,0.43,99.84999847,-0.017611186,1.050408703
1976-07-01,-0.006,57.1,0.47,103.5899963,0.037456163,0.984435813
1976-08-01,-0.0014,57.4,0.42,103.4400024,-0.001447957,0.984189676
1976-09-01,0.0251,57.6,0.44,104.0599976,0.005993765,0.955823302
1976-10-01,-0.0201,57.9,0.41,104.1699982,0.001057088,0.973389347
1976-11-01,0.0076,58,0.4,103.0999985,-0.010271669,0.964028776
1976-12-01,0.0605,58.2,0.4,102.4899979,-0.005916592,0.898507485
1977-01-01,-0.0369,58.5,0.36,107.4599991,0.048492549,1.018272447
1977-02-01,-0.0159,59.1,0.35,102.5400009,-0.045784461,1.127243021
1977-03-01,-0.0099,59.5,0.38,100.6600037,-0.018334282,1.011577413
1977-04-01,0.0053,60,0.38,99.20999908,-0.014404972,0.989985737
1977-05-01,-0.0108,60.3,0.37,98.44000244,-0.007761281,0.997109829
1977-06-01,0.0511,60.7,0.4,96.93000031,-0.015339314,0.995652144
1977-07-01,-0.0127,61,0.42,100.0999985,0.032703994,0.976710357
1977-08-01,-0.0131,61.2,0.44,99.12000275,-0.009790167,1.046199693
1977-09-01,0.0016,61.4,0.43,96.83000183,-0.023103318,0.992877466
1977-10-01,-0.0389,61.6,0.49,96.52999878,-0.003098245,1.020086133
1977-11-01,0.045,61.9,0.5,91.34999847,-0.053662078,1.050632862
1977-12-01,0.0076,62.1,0.49,94.69000244,0.036562715,0.98795185
1978-01-01,-0.0552,62.5,0.49,95.09999847,0.004329877,1.021680196
1978-02-01,-0.0092,62.9,0.46,89.93000031,-0.054363809,1.026525174
1978-03-01,0.0338,63.4,0.53,87.19000244,-0.030468118,1.016795881
1978-04-01,0.0842,63.9,0.54,89.20999908,0.023167755,1.012706468
1978-05-01,0.0227,64.5,0.51,97.66999817,0.094832409,1.013801774
1978-06-01,-0.0115,65.2,0.54,97.34999847,-0.003276336,1.023514918
1978-07-01,0.0567,65.7,0.56,95.52999878,-0.018695426,1.027811309
1978-08-01,0.0431,66,0.56,100.6600037,0.05370046,0.992941127
1978-09-01,-0.0081,66.5,0.62,103.6800003,0.030001952,0.99763039
1978-10-01,-0.1123,67.1,0.68,102.5400009,-0.010995364,1.009501179
1978-11-01,0.0341,67.4,0.7,96.84999847,-0.055490564,1.03176476
1978-12-01,0.0166,67.7,0.78,96.27999878,-0.005885387,1.004560999
1979-01-01,0.05,68.3,0.77,96.11000061,-0.001765664,1.057888678
1979-02-01,-0.0283,69.1,0.73,99.95999908,0.04005825,0.96030044
1979-03-01,0.0649,69.8,0.81,96.90000153,-0.030612221,1.036871501
1979-04-01,0.0074,70.6,0.8,101.5899963,0.048400358,0.990301707
1979-05-01,-0.0139,71.5,0.82,101.6800003,0.000885953,1.017410316
1979-06-01,0.0466,72.3,0.81,99.16999817,-0.024685308,0.963636349
1979-07-01,0.0159,73.1,0.77,102.9100037,0.037713074,0.970033246
1979-08-01,0.063,73.8,0.77,104.1699982,0.012243654,1.025171656
1979-09-01,0.0001,74.6,0.83,109.3199997,0.049438433,1.044642814
1979-10-01,-0.0723,75.2,0.87,108.5599976,-0.006952087,1.020299203
1979-11-01,0.062,75.9,0.99,102.5699997,-0.055176842,1.179057592
1979-12-01,0.0274,76.7,0.95,106.1600037,0.035000526,0.927175787
1980-01-01,0.0631,77.8,0.8,107.9400024,0.016767132,0.994252924
1980-02-01,-0.0033,78.9,0.89,115.1200027,0.066518437,1.088631991
1980-03-01,-0.1169,80.1,1.21,113.6600037,-0.01268241,1.192920293
1980-04-01,0.0523,81,1.26,102.1800003,-0.101003018,0.993323501
1980-05-01,0.0607,81.8,0.81,105.4599991,0.032100203,0.800597461
1980-06-01,0.0367,82.7,0.61,111.2399979,0.054807499,0.920708921
1980-07-01,0.0702,82.7,0.53,114.9300003,0.033171544,0.967578551
1980-08-01,0.0244,83.3,0.64,121.2099991,0.054641945,1.063874309
1980-09-01,0.0294,84,0.75,122.3799973,0.009652654,1.147637797
1980-10-01,0.0201,84.8,0.95,127.1299973,0.038813532,1.009434015
1980-11-01,0.1055,85.5,0.96,127.4700012,0.002674459,1.082412852
1980-12-01,-0.0321,86.3,1.31,137.2100067,0.076410178,1.047880739
1981-01-01,-0.04,87,1.04,135.7599945,-0.010567831,0.943071145
1981-02-01,0.0164,87.9,1.07,129.5500031,-0.045742426,1.016679908
1981-03-01,0.0477,88.5,1.21,131.2700043,0.013276736,1.075000002
1981-04-01,-0.0103,89.1,1.08,136.5700073,0.040374822,0.970930192
1981-05-01,0.0126,89.8,1.15,132.7200012,-0.028190715,1.075598822
1981-06-01,-0.0101,90.6,1.35,132.4100037,-0.002335726,0.973556011
1981-07-01,-0.003,91.6,1.24,129.7700043,-0.019938066,1.034310258
1981-08-01,-0.0576,92.3,1.28,130.9199982,0.008861785,1.05321351
1981-09-01,-0.0593,93.2,1.24,123.0199966,-0.060342206,1.057742853
1981-10-01,0.0613,93.4,1.21,117.0800018,-0.048284791,1.000620243
1981-11-01,0.0443,93.7,1.07,121.8899994,0.041082999,0.916305053
1981-12-01,-0.0278,94,0.87,126.0999985,0.034539331,0.887009465
1982-01-01,-0.0244,94.3,0.8,122.5500031,-0.028152224,1.065598828
1982-02-01,-0.0494,94.6,0.92,117.7799988,-0.038922923,1.058697185
1982-03-01,-0.0089,94.5,0.98,113.3099976,-0.037952125,0.944557154
1982-04-01,0.044,94.9,1.13,113.7900009,0.004236196,1.020758766
1982-05-01,-0.0293,95.8,1.06,116.4400024,0.023288527,0.974754516
1982-06-01,-0.0213,97,0.96,111.6800003,-0.04087944,1.00575539
1982-07-01,-0.0214,97.5,1.05,108.7099991,-0.02659385,1.045779712
1982-08-01,0.119,97.7,0.76,107.0899963,-0.014902058,0.939124463
1982-09-01,0.018,97.9,0.51,118.25,0.104211449,0.916241831
1982-10-01,0.1189,98.2,0.59,121.9700012,0.031458784,0.914149449
1982-11-01,0.053,98,0.63,135.4700012,0.110682954,0.905217378
1982-12-01,0.0122,97.6,0.67,138.7200012,0.023990551,0.993275725
1983-01-01,0.0429,97.8,0.69,140.6399994,0.013840817,0.975822051
1983-02-01,0.0321,97.9,0.62,142.9600067,0.01649607,1.024777007
1983-03-01,0.0345,97.9,0.63,150.8800049,0.055400097,0.941972885
1983-04-01,0.0738,98.6,0.71,152.9600067,0.013785802,1.054414856
1983-05-01,0.0121,99.2,0.69,164.4299927,0.07498683,0.962025284
1983-06-01,0.0374,99.5,0.67,162.5500031,-0.011433374,1.060728686
1983-07-01,-0.0333,99.9,0.74,168.6399994,0.037465372,1.022900834
1983-08-01,0.0026,100.2,0.76,162.0399933,-0.039136659,1.084888043
1983-09-01,0.0167,100.7,0.76,164.2299957,0.013515197,1.011177998
1983-10-01,-0.0268,101,0.76,166.0700073,0.01120387,0.952380918
1983-11-01,0.0286,101.2,0.7,163.6600037,-0.014511974,1.016071456
1983-12-01,-0.0105,101.3,0.73,166.4900055,0.017291958,0.999121246
1984-01-01,-0.0116,101.9,0.76,164.9299927,-0.009370009,1.017590132
1984-02-01,-0.0411,102.4,0.71,162.7400055,-0.013278283,0.977528152
1984-03-01,0.0136,102.6,0.73,158.1900024,-0.027958725,1.040671974
1984-04-01,0.003,103.1,0.81,159.1799927,0.006258235,1.043330438
1984-05-01,-0.0519,103.4,0.78,161.6799927,0.015705491,1.023615632
1984-06-01,0.0257,103.7,0.75,153.2400055,-0.052201803,1.07080353
1984-07-01,-0.0192,104.1,0.82,153.1799927,-0.000391626,1.01931651
1984-08-01,0.1111,104.5,0.83,154.0800018,0.005875501,0.928571394
1984-09-01,0.0006,105,0.86,166.6799927,0.081775641,1.002354842
1984-10-01,0.0016,105.3,1,164.6199951,-0.012358997,0.979639763
1984-11-01,-0.0103,105.3,0.73,167.4900055,0.017434154,0.915267754
1984-12-01,0.0248,105.3,0.64,163.5800018,-0.023344698,0.982532767
1985-01-01,0.0864,105.5,0.65,167.2400055,0.022374396,0.984888882
1985-02-01,0.018,106,0.58,178.6300049,0.06810571,0.986462129
1985-03-01,-0.0022,106.4,0.62,183.2299957,0.025751502,1.053979884
1985-04-01,-0.0024,106.9,0.72,181.2700043,-0.010696892,0.979166604
1985-05-01,0.0575,107.3,0.66,178.3699951,-0.015998285,0.958333394
1985-06-01,0.0182,107.6,0.55,189.5500031,0.062678748,0.895467153
1985-07-01,-0.0012,107.8,0.62,192.4299927,0.015193825,0.989669382
1985-08-01,-0.0047,108,0.55,192.1100006,-0.001662901,1.038622118
1985-09-01,-0.0394,108.3,0.6,188.6300049,-0.0181146,0.978894468
1985-10-01,0.0467,108.7,0.65,185.0700073,-0.018872912,0.99486651
1985-11-01,0.0709,109,0.61,191.5299988,0.034905664,0.975232221
1985-12-01,0.0453,109.3,0.65,202.1699982,0.055552652,0.959788347
1986-01-01,0.0121,109.6,0.56,211.2799988,0.045061091,0.936052928
1986-02-01,0.0766,109.3,0.53,211.7799988,0.002366528,1.004711421
1986-03-01,0.0548,108.8,0.6,226.9199982,0.071489279,0.927315369
1986-04-01,-0.0079,108.6,0.52,235.1399994,0.036224226,0.907711753
1986-05-01,0.0511,108.9,0.49,235.1600037,8.51E-05,1.002785513
1986-06-01,0.0155,109.5,0.52,247.3500061,0.051837057,1.086111164
1986-07-01,-0.0593,109.5,0.52,252.0399933,0.018960934,0.924552412
1986-08-01,0.0653,109.7,0.46,234.9100037,-0.067965363,0.970954352
1986-09-01,-0.0815,110.2,0.45,252.9299927,0.076710181,0.911680928
1986-10-01,0.0512,110.3,0.46,233.6000061,-0.076424256,1.082812457
1986-11-01,0.0156,110.4,0.39,243.9799957,0.044434886,0.975469033
1986-12-01,-0.0278,110.5,0.49,249.0500031,0.020780422,0.989644945
1987-01-01,0.1289,111.2,0.42,242.1699982,-0.027624994,1.017937203
1987-02-01,0.0482,111.6,0.43,274.0799866,0.131766894,0.985315726
1987-03-01,0.0211,112.1,0.47,284.2000122,0.036923621,1
1987-04-01,-0.0167,112.7,0.44,292.3800049,0.02878252,1.061102809
1987-05-01,0.0049,113.1,0.38,288.0299988,-0.014877919,1.120786537
1987-06-01,0.0442,113.5,0.48,289.8299866,0.006249307,1.012531316
1987-07-01,0.0431,113.8,0.46,302.9400024,0.04523347,0.985148529
1987-08-01,0.0399,114.4,0.47,318.6600037,0.051891467,1.031407035
1987-09-01,-0.0214,115,0.45,323.3999939,0.014874757,1.043848923
1987-10-01,-0.2264,115.3,0.6,327.3299866,0.012152111,1.075846044
1987-11-01,-0.0742,115.4,0.35,251.7899933,-0.23077627,0.907809072
1987-12-01,0.072,115.4,0.39,232,-0.078597219,1.008363165
1988-01-01,0.045,115.7,0.29,247.0800018,0.065000008,0.986966865
1988-02-01,0.0521,116,0.46,255.0399933,0.032216251,0.933973623
1988-03-01,-0.0183,116.5,0.44,267.2200012,0.047757247,0.978149091
1988-04-01,0.0102,117.1,0.46,258.8900146,-0.031172766,1.056504576
1988-05-01,0.0022,117.5,0.51,261.3299866,0.009424743,1.036069647
1988-06-01,0.0528,118,0.49,266.6900024,0.020510527,1.028811497
1988-07-01,-0.0074,118.5,0.51,271.7799988,0.019085816,0.977829686
1988-08-01,-0.0272,119,0.59,272.2099915,0.001582135,1.038186121
1988-09-01,0.0392,119.8,0.62,258.3500061,-0.05091652,1.028735633
1988-10-01,0.0176,120.2,0.61,271.9100037,0.052486926,0.962011155
1988-11-01,-0.0172,120.3,0.57,279.0599976,0.026295443,0.973286928
1988-12-01,0.0212,120.5,0.63,272.4899902,-0.02354335,1.05966587
1989-01-01,0.0665,121.1,0.55,277.7200012,0.019193406,1.029279305
1989-02-01,-0.0164,121.6,0.61,297.0899963,0.069746489,0.990153157
1989-03-01,0.0224,122.3,0.67,287.1099854,-0.033592551,1.041988962
1989-04-01,0.05,123.1,0.67,294.8699951,0.027028004,1.010604393
1989-05-01,0.0414,123.8,0.79,309.1199951,0.048326382,0.964323173
1989-06-01,-0.0064,124.1,0.71,321.9700012,0.041569637,0.94124048
1989-07-01,0.079,124.4,0.7,317.980011,-0.012392429,0.928323709
1989-08-01,0.0218,124.6,0.74,343.75,0.081042796,0.932752182
1989-09-01,-0.0011,125,0.65,353.730011,0.029032759,1.092122905
1989-10-01,-0.0299,125.6,0.68,349.1499939,-0.012947776,1.02200481
1989-11-01,0.0172,125.9,0.69,341.2000122,-0.022769531,0.940191442
1989-12-01,0.0177,126.1,0.61,350.6300049,0.027637727,0.979643725
1990-01-01,-0.0728,127.4,0.57,353.3999939,0.007900034,1.020779264
1990-02-01,0.0168,128,0.57,328.7900085,-0.069637764,1.062340997
1990-03-01,0.0247,128.7,0.64,332.7399902,0.012013691,1.021556808
1990-04-01,-0.0267,128.9,0.69,339.9400024,0.021638554,1.014067982
1990-05-01,0.091,129.2,0.68,332.25,-0.022621646,1.04971102
1990-06-01,-0.0046,129.9,0.63,363.1600037,0.093032366,0.922907509
1990-07-01,-0.0122,130.4,0.68,358.019989,-0.014153581,0.99642008
1990-08-01,-0.0949,131.6,0.66,355.519989,-0.00698285,0.965269467
1990-09-01,-0.0552,132.7,0.6,322.5599976,-0.09270925,1.054590516
1990-10-01,-0.0124,133.5,0.68,314.9400024,-0.023623497,0.985882366
1990-11-01,0.0692,133.8,0.57,307.019989,-0.02514769,0.972553641
1990-12-01,0.0306,133.8,0.6,322.2200012,0.049508217,0.970552174
1991-01-01,0.0521,134.6,0.52,330.2200012,0.024827757,0.970922879
1991-02-01,0.0767,134.8,0.48,343.0499878,0.038852845,0.97005208
1991-03-01,0.0309,135,0.44,370.4700012,0.079930081,1.044295357
1991-04-01,0.0025,135.2,0.53,371.2999878,0.002240361,0.994858556
1991-05-01,0.0412,135.6,0.47,380.2900085,0.024212284,0.985788158
1991-06-01,-0.0452,136,0.42,389.8299866,0.02508606,1.007863688
1991-07-01,0.0473,136.2,0.49,377.9200134,-0.030551711,1.031209333
1991-08-01,0.0278,136.6,0.46,387.1199951,0.024343727,0.981084537
1991-09-01,-0.0113,137.2,0.46,395.4299927,0.021466206,0.943444724
1991-10-01,0.0171,137.4,0.42,389.2000122,-0.015754952,0.940054489
1991-11-01,-0.038,137.8,0.39,391.3200073,0.005447058,0.97246376
1991-12-01,0.1122,137.9,0.38,375.2200012,-0.041142814,0.965722799
1992-01-01,-0.0025,138.1,0.34,417.0899963,0.111587855,0.915123428
1992-02-01,0.0137,138.6,0.28,408.7799988,-0.019923752,1.086003414
1992-03-01,-0.0232,139.3,0.34,412.7000122,0.009589543,1.02173911
1992-04-01,0.0139,139.5,0.32,404.230011,-0.020523385,1.036474202
1992-05-01,0.0058,139.7,0.28,412.5299988,0.020532834,1
1992-06-01,-0.0202,140.2,0.32,417.2999878,0.011562769,0.9809384
1992-07-01,0.0408,140.5,0.31,412.8800049,-0.01059186,0.93721972
1992-08-01,-0.0212,140.9,0.26,424.2099915,0.027441354,0.931419485
1992-09-01,0.0145,141.3,0.26,416.0700073,-0.019188572,0.945205451
1992-10-01,0.0125,141.8,0.23,416.2900085,0.00052876,0.938405769
1992-11-01,0.0436,142,0.23,418.6799927,0.005741152,1.138996195
1992-12-01,0.0181,141.9,0.28,430.7799988,0.028900369,1.057627063
1993-01-01,0.0116,142.6,0.23,435.7099915,0.01144434,0.967948747
1993-02-01,0.0034,143.1,0.22,442.519989,0.015629657,0.91887421
1993-03-01,0.0255,143.6,0.25,442.0100098,-0.001152443,0.92252247
1993-04-01,-0.0281,144,0.24,450.2999878,0.018755182,1.023437478
1993-05-01,0.0311,144.2,0.22,440.1900024,-0.022451667,0.980916048
1993-06-01,0.0056,144.4,0.25,453.8299866,0.030986583,1.027237422
1993-07-01,-0.001,144.4,0.24,449.019989,-0.010598677,0.954545409
1993-08-01,0.0396,144.8,0.25,448.1300049,-0.001982059,1.023809501
1993-09-01,0.0014,145.1,0.26,463.1499939,0.033517035,0.932170559
1993-10-01,0.0163,145.7,0.22,461.2799988,-0.004037558,0.981288949
1993-11-01,-0.0164,145.8,0.25,469.1000061,0.016952843,1.050847512
1993-12-01,0.0188,145.8,0.23,461.8900146,-0.015369839,1.034677405
1994-01-01,0.0312,146.2,0.25,466.4500122,0.009872475,1.014029623
1994-02-01,-0.0234,146.7,0.21,479.6199951,0.0282345,0.978670242
1994-03-01,-0.0451,147.2,0.27,464.4400024,-0.031650041,1.12566265
1994-04-01,0.0095,147.4,0.27,445.769989,-0.040198978,1.089133119
1994-05-01,0.0089,147.5,0.31,450.9100037,0.011530643,1.062459941
1994-06-01,-0.0272,148,0.31,457.6300049,0.014903198,1.015224648
1994-07-01,0.031,148.4,0.28,446.2000122,-0.024976493,1.031180406
1994-08-01,0.0438,149,0.37,461.0100098,0.033191388,0.971634266
1994-09-01,-0.0194,149.4,0.37,473.1700134,0.026376876,1.007705994
1994-10-01,0.0172,149.5,0.38,462.7099915,-0.022106266,1.069999973
1994-11-01,-0.0367,149.7,0.37,468.4200134,0.01234039,1.040131915
1994-12-01,0.013,149.7,0.44,448.9200134,-0.041629306,1.029069803
1995-01-01,0.0222,150.3,0.42,459.269989,0.023055278,1.006034917
1995-02-01,0.0403,150.9,0.4,470.3999939,0.024234122,0.965794496
1995-03-01,0.0265,151.4,0.46,485.6499939,0.032419218,0.93260212
1995-04-01,0.0255,151.9,0.44,500.7099915,0.031009982,1.000850226
1995-05-01,0.0344,152.2,0.54,514.2600098,0.02706161,0.974798249
1995-06-01,0.0319,152.5,0.47,533.4899902,0.037393498,0.861002146
1995-07-01,0.0417,152.5,0.45,544.75,0.021106319,1.007084989
1995-08-01,0.0102,152.9,0.47,559.6400146,0.027333666,1.040703524
1995-09-01,0.0378,153.2,0.43,563.8400269,0.007504846,0.963302802
1995-10-01,-0.0105,153.7,0.47,584.4099731,0.036481884,1.000167072
1995-11-01,0.0438,153.6,0.42,584.2199707,-0.000325118,0.95573006
1995-12-01,0.0152,153.5,0.49,606.9799805,0.038957945,0.960321582
1996-01-01,0.0269,154.4,0.43,615.9299927,0.014745152,0.981434335
1996-02-01,0.0172,154.9,0.39,638.460022,0.03657888,0.968286351
1996-03-01,0.0112,155.7,0.39,644.3699951,0.009256606,1.071825318
1996-04-01,0.0252,156.3,0.46,653.7299805,0.014525793,1.086311613
1996-05-01,0.0278,156.6,0.42,654.5800171,0.001300287,1.048856709
1996-06-01,-0.0074,156.7,0.4,669.1199951,0.022212682,1.039366363
1996-07-01,-0.0552,157,0.45,675.8800049,0.010102836,0.978421661
1996-08-01,0.0318,157.3,0.41,650.0200195,-0.038261208,0.987507661
1996-09-01,0.0545,157.8,0.44,651.9899902,0.003030631,1.050132767
1996-10-01,0.0128,158.3,0.42,689.0800171,0.056887418,0.948096374
1996-11-01,0.0666,158.6,0.41,703.7700195,0.021318282,0.956078398
1996-12-01,-0.0124,158.6,0.46,757.0200195,0.075663922,0.955537339
1997-01-01,0.0544,159.1,0.45,740.7399902,-0.021505414,1.064388738
1997-02-01,-0.001,159.6,0.39,786.1599731,0.061317039,1.008227153
1997-03-01,-0.046,160,0.43,790.8200073,0.00592759,1.018880005
1997-04-01,0.0447,160.2,0.43,759.6400146,-0.03942742,1.055590466
1997-05-01,0.0723,160.1,0.49,798.5300293,0.051195321,0.973371036
1997-06-01,0.0447,160.3,0.37,848.2800293,0.062301978,0.994650722
1997-07-01,0.0776,160.5,0.43,891.0300293,0.050396094,0.970497862
1997-08-01,-0.0374,160.8,0.41,947.1400146,0.062972048,0.961526277
1997-09-01,0.0579,161.2,0.44,899.4699707,-0.050330514,1.023052835
1997-10-01,-0.0338,161.6,0.42,955.4099731,0.062192185,0.952679916
1997-11-01,0.0337,161.5,0.39,914.6199951,-0.042693691,0.964014142
1997-12-01,0.018,161.3,0.48,974.7700195,0.065765044,1.019277977
1998-01-01,0.0058,161.6,0.43,970.4299927,-0.00445236,0.980914707
1998-02-01,0.0743,161.9,0.39,980.2800293,0.010150177,0.94250656
1998-03-01,0.0515,162.2,0.39,1049.339966,0.070449193,1.039055243
1998-04-01,0.0116,162.5,0.43,1108.150024,0.05604481,1
1998-05-01,-0.0267,162.8,0.4,1121,0.011595881,1.006980497
1998-06-01,0.0359,163,0.41,1090.97998,-0.026779678,0.981514381
1998-07-01,-0.0206,163.2,0.4,1148.560059,0.052778309,0.982433965
1998-08-01,-0.1565,163.4,0.43,1120.670044,-0.024282591,1.013640531
1998-09-01,0.0661,163.6,0.46,994.2600098,-0.11279862,0.889252555
1998-10-01,0.0745,164,0.32,986.3900146,-0.00791543,0.835378354
1998-11-01,0.0641,164,0.31,1098.670044,0.113829244,1.035250931
1998-12-01,0.0654,163.9,0.38,1175.280029,0.069729748,1.043509106
1999-01-01,0.0385,164.3,0.35,1229.22998,0.045903912,1.024926275
1999-02-01,-0.0373,164.5,0.35,1273,0.035607673,1.02387802
1999-03-01,0.0388,165,0.43,1236.160034,-0.028939486,1.146188737
1999-04-01,0.047,166.2,0.37,1293.719971,0.046563499,0.967784476
1999-05-01,-0.0212,166.2,0.34,1335.180054,0.032047185,1.015767929
1999-06-01,0.0517,166.2,0.4,1294.26001,-0.030647585,1.09735529
1999-07-01,-0.0311,166.7,0.38,1380.959961,0.066988048,0.997205764
1999-08-01,-0.0099,167.1,0.39,1328.719971,-0.037828751,1.014535934
1999-09-01,-0.024,167.9,0.39,1331.069946,0.001768601,1.012946626
1999-10-01,0.0651,168.2,0.39,1282.810059,-0.036256463,1.00051121
1999-11-01,0.0373,168.3,0.36,1354.119995,0.05558885,1.017714205
1999-12-01,0.0816,168.3,0.44,1397.719971,0.032198015,1.025271971
2000-01-01,-0.0433,168.8,0.41,1469.25,0.051176223,1.035259563
2000-02-01,0.0288,169.8,0.43,1409.280029,-0.040816723,1.050299553
2000-03-01,0.0567,171.2,0.47,1379.189941,-0.02135139,0.984987253
2000-04-01,-0.0594,171.3,0.46,1498.579956,0.086565317,0.965096769
2000-05-01,-0.0392,171.5,0.5,1468.25,-0.020239131,1.036007608
2000-06-01,0.0504,172.4,0.4,1448.810059,-0.013240212,0.980945122
2000-07-01,-0.0203,172.8,0.48,1454.599976,0.003996326,0.959595998
2000-08-01,0.0753,172.8,0.5,1438.099976,-0.011343325,0.988825872
2000-09-01,-0.0494,173.7,0.51,1520.77002,0.057485603,0.964788707
2000-10-01,-0.022,174,0.56,1436.51001,-0.055406149,0.990154539
2000-11-01,-0.1021,174.1,0.51,1421.219971,-0.010643879,0.989885134
2000-12-01,0.0169,174,0.5,1315.22998,-0.074576767,0.945098653
2001-01-01,0.0367,175.1,0.54,1320.280029,0.00383967,0.912772613
2001-02-01,-0.0967,175.8,0.38,1373.469971,0.040286864,0.948203192
2001-03-01,-0.0684,176.2,0.42,1241.22998,-0.096281676,0.97988561
2001-04-01,0.0833,176.9,0.39,1160.329956,-0.065177305,0.981849689
2001-05-01,0.0104,177.7,0.32,1266.439941,0.091448113,1.067341493
2001-06-01,-0.0166,178,0.28,1260.670044,-0.004555998,1.012783562
2001-07-01,-0.0183,177.5,0.3,1224.380005,-0.02878631,1.003664424
2001-08-01,-0.0615,177.5,0.31,1215.930054,-0.006901412,0.922920963
2001-09-01,-0.0897,178.3,0.28,1133.579956,-0.067726015,0.957362586
2001-10-01,0.0268,177.7,0.22,1038.550049,-0.083831676,0.865243365
2001-11-01,0.0771,177.4,0.17,1084.099976,0.043859154,0.929954912
2001-12-01,0.0175,176.7,0.15,1139.449951,0.051056154,1.156918601
2002-01-01,-0.013,177.1,0.14,1148.079956,0.007573834,1.068557427
2002-02-01,-0.0216,177.8,0.13,1122.199951,-0.022541988,0.99123007
2002-03-01,0.0437,178.8,0.13,1131.780029,0.008536873,0.999301453
2002-04-01,-0.0505,179.8,0.15,1146.540039,0.013041412,1.126281528
2002-05-01,-0.0124,179.8,0.14,1086.459961,-0.052401204,0.901530762
2002-06-01,-0.0708,179.9,0.13,1067.140015,-0.017782474,1.000229556
2002-07-01,-0.0803,180.1,0.15,968.6500244,-0.092293409,0.927047419
2002-08-01,0.0064,180.7,0.14,884.6599731,-0.086708356,0.830982463
2002-09-01,-0.1021,181,0.14,916.0700073,0.035505206,0.955330526
2002-10-01,0.0798,181.3,0.14,847.9099731,-0.074404831,0.840087275
2002-11-01,0.0608,181.3,0.12,900.960022,0.062565662,1.051577062
2002-12-01,-0.0565,180.9,0.11,936.3099976,0.039235898,1.150670356
2003-01-01,-0.0247,181.7,0.1,879.8200073,-0.060332572,0.83716654
2003-02-01,-0.0179,183.1,0.09,855.7000122,-0.027414693,1.083150182
2003-03-01,0.0119,184.2,0.1,841.1500244,-0.017003608,0.901589406
2003-04-01,0.0832,183.8,0.1,858.4799805,0.020602693,1.024756274
2003-05-01,0.0614,183.5,0.09,916.2999878,0.067351608,1.005490434
2003-06-01,0.0152,183.7,0.1,963.5900269,0.051609778,0.826720031
2003-07-01,0.0242,183.9,0.07,982.3200073,0.019437707,1.072214902
2003-08-01,0.0241,184.6,0.07,980.1500244,-0.002209039,1.342094441
2003-09-01,-0.0116,185.2,0.08,1008.01001,0.028424205,1.054773607
2003-10-01,0.0615,185,0.07,1018.219971,0.010128829,0.815781843
2003-11-01,0.0142,184.5,0.07,1050.709961,0.031908616,1.154694146
2003-12-01,0.0437,184.3,0.08,1070.119995,0.018473256,1.059131479
2004-01-01,0.0222,185.2,0.07,1111.920044,0.039061086,0.935737144
2004-02-01,0.0146,186.2,0.06,1131.130005,0.017276387,0.978868912
2004-03-01,-0.0123,187.4,0.09,1155.969971,0.02196031,0.939999961
2004-04-01,-0.0175,188,0.08,1132.170044,-0.020588707,0.963525822
2004-05-01,0.0123,189.1,0.06,1107.300049,-0.021966661,1.266035781
2004-06-01,0.0194,189.7,0.08,1121.199951,0.012552968,1.062569233
2004-07-01,-0.0396,189.4,0.1,1128.939941,0.006903309,0.970818138
2004-08-01,0.0019,189.5,0.11,1101.719971,-0.024111088,0.990338161
2004-09-01,0.0171,189.9,0.11,1105.910034,0.003803202,0.895934944
2004-10-01,0.0154,190.9,0.11,1131.5,0.023139284,1.036902595
2004-11-01,0.0469,191,0.15,1130.51001,-0.000874936,0.976954493
2004-12-01,0.0359,190.3,0.16,1191.369995,0.053834097,1.10839054
2005-01-01,-0.026,190.7,0.16,1211.920044,0.01724909,0.971713421
2005-02-01,0.0205,191.8,0.16,1189.410034,-0.018573841,1.025505896
2005-03-01,-0.0176,193.3,0.21,1210.410034,0.017655812,1.083536098
2005-04-01,-0.024,194.6,0.21,1172.920044,-0.030972967,1.029191643
2005-05-01,0.0389,194.4,0.24,1156.849976,-0.013700907,0.944484826
2005-06-01,0.008,194.5,0.23,1202.219971,0.039218564,0.933008233
2005-07-01,0.0416,195.4,0.24,1194.439941,-0.006471386,1.052269617
2005-08-01,-0.0092,196.4,0.3,1235.349976,0.03425039,1.086797389
2005-09-01,0.0078,198.8,0.29,1221.589966,-0.011138552,0.91941303
2005-10-01,-0.0175,199.2,0.27,1228.810059,0.005910406,1.097592921
2005-11-01,0.0392,197.6,0.31,1202.76001,-0.02119941,1.064600691
2005-12-01,0.0007,196.8,0.32,1264.670044,0.051473306,0.996417315
2006-01-01,0.0339,198.3,0.35,1248.290039,-0.012951999,0.978651732
2006-02-01,0.0004,198.7,0.34,1282.459961,0.027373383,1.034672795
2006-03-01,0.0183,199.8,0.37,1291.23999,0.00684624,1.02774079
2006-04-01,0.0109,201.5,0.36,1294.869995,0.002811255,1.039516322
2006-05-01,-0.0314,202.5,0.43,1305.189941,0.007969871,1.036352245
2006-06-01,0.0005,202.9,0.4,1285.709961,-0.014925016,1.007215925
2006-07-01,-0.0038,203.5,0.4,1270.199951,-0.012063382,1.014527354
2006-08-01,0.0245,203.9,0.42,1270.920044,0.000566913,0.961161249
2006-09-01,0.0225,202.9,0.41,1311.01001,0.03154405,0.955101987
2006-10-01,0.0364,201.8,0.41,1335.849976,0.018947198,0.980128218
2006-11-01,0.0213,201.5,0.42,1367.810059,0.023924904,0.984739547
2006-12-01,0.0127,201.8,0.4,1396.709961,0.021128593,0.969670118
2007-01-01,0.0184,202.416,0.44,1418.300049,0.015457818,1.073287692
2007-02-01,-0.0158,203.499,0.38,1445.939941,0.019488043,1.02829183
2007-03-01,0.0111,205.352,0.43,1403.170044,-0.029579304,0.930906061
2007-04-01,0.0393,206.686,0.44,1420.859985,0.012607126,1.008222262
2007-05-01,0.0365,207.949,0.41,1486.300049,0.046056659,1.000440788
2007-06-01,-0.0156,208.352,0.4,1536.339966,0.03366744,1.083718906
2007-07-01,-0.0333,208.299,0.4,1503.349976,-0.021473106,1.00345593
2007-08-01,0.0134,207.917,0.42,1465.810059,-0.024970844,0.930510546
2007-09-01,0.0354,208.49,0.32,1473.98999,0.005580485,0.925538861
2007-10-01,0.0212,208.936,0.32,1547.040039,0.049559393,0.99647145
2007-11-01,-0.0449,210.177,0.34,1508.439941,-0.024950936,0.951841361
2007-12-01,-0.006,210.036,0.27,1481.140015,-0.01809812,0.847718236
2008-01-01,-0.0615,211.08,0.21,1468.359985,-0.008628509,1.010825027
2008-02-01,-0.0296,211.693,0.13,1395.420044,-0.049674427,0.794500708
2008-03-01,-0.0076,213.528,0.17,1330.630005,-0.046430492,0.914025562
2008-04-01,0.0478,214.823,0.18,1370.180054,0.029722799,1.051813421
2008-05-01,0.0204,216.632,0.18,1409.339966,0.028580121,1.161045836
2008-06-01,-0.0827,218.815,0.17,1400.380005,-0.006357558,1.11194523
2008-07-01,-0.0062,219.964,0.15,1284.910034,-0.082456169,0.980628123
2008-08-01,0.0166,219.086,0.13,1260.310059,-0.01914529,0.966177746
2008-09-01,-0.0909,218.783,0.15,1282.829956,0.017868537,0.956939299
2008-10-01,-0.1715,216.573,0.08,1161.060059,-0.094922867,0.934930406
2008-11-01,-0.0783,212.425,0.03,968.75,-0.16563317,0.976800585
2008-12-01,0.0174,210.228,0,816.210022,-0.157460622,0.610776317
2009-01-01,-0.0812,211.143,0,903.25,0.106639193,
2009-02-01,-0.1009,212.193,0.01,825.8800049,-0.085657343,
2009-03-01,0.0897,212.709,0.02,735.0900269,-0.109931198,
2009-04-01,0.1019,213.24,0.01,811.0800171,0.10337508,
2009-05-01,0.0521,213.856,0,877.5200195,0.081915472,
2009-06-01,0.0044,215.693,0.01,942.8699951,0.074471208,
2009-07-01,0.0773,215.351,0.01,923.3300171,-0.020723937,
2009-08-01,0.0334,215.834,0.01,987.4799805,0.069476744,
2009-09-01,0.0409,215.969,0.01,998.039978,0.010693885,
2009-10-01,-0.0259,216.177,0,1029.849976,0.031872468,
2009-11-01,0.0556,216.33,0,1036.189941,0.006156203,
2009-12-01,0.0276,215.949,0.01,1108.859985,0.070131972,
2010-01-01,-0.0336,216.687,0,1115.099976,0.005627392,
2010-02-01,0.034,216.741,0,1089.189941,-0.023235615,
2010-03-01,0.0632,217.631,0.01,1115.709961,0.024348388,
2010-04-01,0.0201,218.009,0.01,1178.099976,0.055919564,
2010-05-01,-0.0788,218.178,0.01,1186.689941,0.007291373,
2010-06-01,-0.0556,217.965,0.01,1070.709961,-0.097734022,
2010-07-01,0.0694,218.011,0.01,1027.369995,-0.040477783,
2010-08-01,-0.0476,218.312,0.01,1101.599976,0.072252432,
2010-09-01,0.0955,218.439,0.01,1080.290039,-0.019344532,
2010-10-01,0.0389,218.711,0.01,1146.23999,0.061048375,
2010-11-01,0.0061,218.803,0.01,1184.380005,0.033274022,
2010-12-01,0.0683,219.179,0.01,1206.069946,0.01831333,
2011-01-01,0.02,220.223,0.01,1257.640015,0.042758771,
2011-02-01,0.035,221.309,0.01,1307.589966,0.039717209,
2011-03-01,0.0047,223.467,0.01,1306.329956,-0.000963612,
2011-04-01,0.029,224.906,0,1332.410034,0.019964388,
2011-05-01,-0.0127,225.964,0,1363.609985,0.023416178,
2011-06-01,-0.0175,225.722,0,1314.550049,-0.035977983,
2011-07-01,-0.0235,225.922,0,1339.670044,0.019109196,
2011-08-01,-0.0598,226.545,0.01,1286.939941,-0.039360515,
2011-09-01,-0.0759,226.889,0,1204.420044,-0.064121017,
2011-10-01,0.1135,226.421,0,1131.420044,-0.060610084,
2011-11-01,-0.0028,226.23,0,1218.280029,0.076770768,
2011-12-01,0.0074,225.672,0,1244.579956,0.021587752,
2012-01-01,0.0505,226.665,0,1257.599976,0.010461377,
2012-02-01,0.0442,227.663,0,1324.089966,0.05287054,
2012-03-01,0.0311,229.392,0,1374.089966,0.037761785,
2012-04-01,-0.0085,230.085,0,1408.469971,0.025020199,
2012-05-01,-0.0618,229.815,0.01,1405.819946,-0.001881492,
2012-06-01,0.0389,229.478,0,1278.040039,-0.090893508,
2012-07-01,0.0079,229.104,0,1362.160034,0.06581953,
2012-08-01,0.0256,230.379,0.01,1375.319946,0.009661062,
2012-09-01,0.0274,231.407,0.01,1406.579956,0.022729264,
2012-10-01,-0.0175,231.317,0.01,1444.48999,0.026951923,
2012-11-01,0.0079,230.221,0.01,1427.589966,-0.011699648,
2012-12-01,0.0119,229.601,0.01,1416.180054,-0.007992429,
2013-01-01,0.0557,230.28,0,1426.189941,0.007068231,
2013-02-01,0.0129,232.166,0,1513.170044,0.060987741,
2013-03-01,0.0403,232.773,0,1518.199951,0.003324086,
2013-04-01,0.0155,232.531,0,1562.170044,0.028961991,
2013-05-01,0.028,232.945,0,1582.699951,0.013141916,
2013-06-01,-0.012,233.504,0,1630.73999,0.03035322,
2013-07-01,0.0565,233.596,0,1614.959961,-0.009676607,
2013-08-01,-0.0271,233.877,0,1706.869995,0.056911649,
2013-09-01,0.0377,234.149,0,1632.969971,-0.043295637,
2013-10-01,0.0418,233.546,0,1695,0.03798602,
2013-11-01,0.0313,233.069,0,1761.640015,0.039315643,
2013-12-01,0.0281,233.049,0,1805.810059,0.025073252,
2014-01-01,-0.0332,233.916,0,1848.359985,0.023562792,
2014-02-01,0.0465,234.781,0,1782.589966,-0.035582906,
2014-03-01,0.0043,236.293,0,1859.449951,0.04311703,
2014-04-01,-0.0019,237.072,0,1885.52002,0.014020312,
2014-05-01,0.0206,237.9,0,1883.680054,-0.00097584,
2014-06-01,0.0261,238.343,0,1923.569946,0.021176575,
2014-07-01,-0.0204,238.25,0,1973.319946,0.025863369,
2014-08-01,0.0424,237.852,0,1925.150024,-0.024410599,
2014-09-01,-0.0197,238.031,0,2003.369995,0.040630584,
2014-10-01,0.0252,237.433,0,1946.160034,-0.028556862,
2014-11-01,0.0255,236.151,0,2018.050049,0.036939416,
2014-12-01,-0.0006,234.812,0,2053.439941,0.017536677,
2015-01-01,-0.0311,233.707,0,2058.899902,0.002658934,
2015-02-01,0.0613,234.722,0,1994.98999,-0.031040806,
2015-03-01,-0.0112,236.119,0,2104.5,0.054892511,
2015-04-01,0.0059,236.599,0,2059.689941,-0.021292496,
2015-05-01,0.0136,237.805,0,2108.290039,0.023595832,
2015-06-01,-0.0153,238.638,0,2111.72998,0.001631626,
2015-07-01,0.0154,238.654,0,2077.419922,-0.01624737,
2015-08-01,-0.0604,238.316,0,2103.840088,0.012717778,
2015-09-01,-0.0307,237.945,0,1913.849976,-0.090306347,
2015-10-01,0.0775,237.838,0,1923.819946,0.005209379,
2015-11-01,0.0056,237.336,0,2079.360107,0.080849646,
2015-12-01,-0.0216,236.525,0.01,2102.629883,0.011190835,
2016-01-01,-0.0576,236.916,0.01,2043.939941,-0.027912635,
2016-02-01,-0.0005,237.111,0.02,1939.380005,-0.051156071,
2016-03-01,0.0698,238.132,0.02,1978.349976,0.020094036,
2016-04-01,0.0092,239.261,0.01,2072.780029,0.047731723,
2016-05-01,0.0179,240.229,0.01,2065.300049,-0.003608671,
2016-06-01,-0.0003,241.018,0.02,2099.330078,0.016477039,
2016-07-01,0.0397,240.628,0.02,2102.949951,0.001724299,
2016-08-01,0.0051,240.849,0.02,2170.840088,0.032283287,
2016-09-01,0.0027,241.428,0.02,2170.860107,9.22E-06,
2016-10-01,-0.02,241.729,0.02,2168.27002,-0.001193116,
2016-11-01,0.0487,241.353,0.01,2111.719971,-0.026080723,
2016-12-01,0.0184,241.432,0.03,2191.080078,0.037580791,
2017-01-01,0.0198,242.839,0.04,2238.830078,0.021792905,
2017-02-01,0.0361,243.603,0.04,2279.550049,0.018188058,
2017-03-01,0.002,243.801,0.03,2395.959961,0.051067057,
2017-04-01,0.0114,244.524,0.05,2362.719971,-0.01387335,
2017-05-01,0.0112,244.733,0.06,2388.330078,0.010839248,
2017-06-01,0.0084,244.955,0.06,2430.060059,0.017472451,
2017-07-01,0.0194,244.786,0.07,2423.409912,-0.002736618,
2017-08-01,0.0025,245.519,0.09,2476.350098,0.021845328,
2017-09-01,0.026,246.819,0.09,2476.550049,8.07E-05,
2017-10-01,0.0234,246.663,0.09,2519.360107,0.017286167,
2017-11-01,0.032,246.669,0.08,2579.360107,0.023815571,
2017-12-01,0.0115,246.524,0.09,2642.219971,0.024370332,
2018-01-01,0.0569,247.867,0.12,2673.610107,0.011880213,
2018-02-01,-0.0354,248.991,0.11,2821.97998,0.055494207,
2018-03-01,-0.0224,249.554,0.11,2677.669922,-0.051137875,
2018-04-01,0.0042,250.546,0.14,2640.870117,-0.013743219,
2018-05-01,0.0279,251.588,0.14,2654.800049,0.005274751,
2018-06-01,0.0062,251.989,0.14,2734.620117,0.03006632,
2018-07-01,0.0335,252.006,0.16,2718.370117,-0.005942324,
2018-08-01,0.036,252.146,0.16,2813.360107,0.03494373,
2018-09-01,0.0021,252.439,0.15,2901.52002,0.031336163,
2018-10-01,-0.0749,252.885,0.19,2924.590088,0.007951028,
2018-11-01,0.0187,252.038,0.18,2740.370117,-0.062990014,
2018-12-01,-0.0937,251.233,0.2,2760.169922,0.00722523,
2019-01-01,0.0861,251.712,0.21,2506.850098,-0.091776895,
2019-02-01,0.0358,252.776,0.18,2706.530029,0.079653718,
2019-03-01,0.0129,254.202,0.19,2803.689941,0.035898331,
2019-04-01,0.0418,255.548,0.21,2867.189941,0.022648724,
2019-05-01,-0.0673,256.092,0.21,2923.72998,0.01971967,
2019-06-01,0.0711,256.143,0.18,2752.060059,-0.058716066,
2019-07-01,0.0138,256.571,0.19,2964.330078,0.077131318,
2019-08-01,-0.0242,256.558,0.16,2953.560059,-0.003633205,
2019-09-01,0.0161,256.759,0.18,2926.459961,-0.009175401,
2019-10-01,0.0222,257.346,0.16,2940.25,0.004712191,
2019-11-01,0.0399,257.208,0.12,3066.909912,0.04307794,
2019-12-01,0.0291,256.974,0.14,3140.97998,0.024151367,
2020-01-01,0.0002,257.971,0.13,3230.780029,0.028589819,
