,Date,Mkt,CPI,RF,Return,SnP
0,1928-01-01,-0.0043,17.3,0.0025,-0.0043,1.0
1,1928-02-01,-0.0137,17.1,0.0033,-0.0137,0.9863
2,1928-03-01,0.091,17.1,0.0029,0.091,1.0760532999999999
3,1928-04-01,0.0445,17.1,0.0022,0.0445,1.12393767185
4,1928-05-01,0.0184,17.2,0.0032,0.0184,1.14461812501204
5,1928-06-01,-0.0454,17.1,0.0031,-0.0454,1.0926524621364933
6,1928-07-01,0.0094,17.1,0.0032,0.0094,1.1029233952805764
7,1928-08-01,0.07,17.1,0.0032,0.07,1.1801280329502168
8,1928-09-01,0.0315,17.3,0.0027,0.0315,1.217302065988149
9,1928-10-01,0.0174,17.2,0.0040999999999999,0.0174,1.238483121936343
10,1928-11-01,0.1219,17.2,0.0038,0.1219,1.3894542145003832
11,1928-12-01,0.0042,17.1,0.0006,0.0042,1.3952899222012847
12,1929-01-01,0.05,17.1,0.0034,0.05,1.465054418311349
13,1929-02-01,0.0002,17.1,0.0036,0.0002,1.4653474291950113
14,1929-03-01,-0.0055,17.0,0.0034,-0.0055,1.4572880183344388
15,1929-04-01,0.0179,16.9,0.0036,0.0179,1.4833734738626252
16,1929-05-01,-0.0595,17.0,0.0044,-0.0595,1.3951127521677993
17,1929-06-01,0.1022,17.1,0.0052,0.1022,1.5376932754393482
18,1929-07-01,0.0479,17.3,0.0033,0.0479,1.6113487833328932
19,1929-08-01,0.0858,17.3,0.004,0.0858,1.7496025089428555
20,1929-09-01,-0.0512,17.3,0.0034999999999999,-0.0512,1.6600228604849812
21,1929-10-01,-0.1966,17.3,0.0046,-0.1966,1.333662366113634
22,1929-11-01,-0.1237,17.3,0.0037,-0.1237,1.1686883314253773
23,1929-12-01,0.017,17.2,0.0037,0.017,1.1885560330596088
24,1930-01-01,0.0575,17.1,0.0014,0.0575,1.2568980049605363
25,1930-02-01,0.028,17.0,0.003,0.028,1.2920911490994311
26,1930-03-01,0.0745,16.9,0.0034999999999999,0.0745,1.388351939707339
27,1930-04-01,-0.0185,17.0,0.0021,-0.0185,1.3626674288227532
28,1930-05-01,-0.014,16.9,0.0026,-0.014,1.3435900848192346
29,1930-06-01,-0.16,16.8,0.0027,-0.16,1.128615671248157
30,1930-07-01,0.0432,16.6,0.002,0.0432,1.1773718682460772
31,1930-08-01,0.0039,16.5,0.0009,0.0039,1.1819636185322369
32,1930-09-01,-0.1253,16.6,0.0022,-0.1253,1.0338635771301474
33,1930-10-01,-0.0869,16.5,0.0009,-0.0869,0.9440208322775377
34,1930-11-01,-0.0291,16.4,0.0013,-0.0291,0.9165498260582613
35,1930-12-01,-0.0769,16.1,0.0014,-0.0769,0.8460671444343811
36,1931-01-01,0.0639,15.9,0.0015,0.0639,0.900130834963738
37,1931-02-01,0.1092,15.7,0.0004,0.1092,0.9984251221417781
38,1931-03-01,-0.063,15.6,0.0013,-0.063,0.9355243394468462
39,1931-04-01,-0.099,15.5,0.0008,-0.099,0.8429074298416084
40,1931-05-01,-0.1315,15.3,0.0009,-0.1315,0.732065102817437
41,1931-06-01,0.1398,15.1,0.0008,0.1398,0.8344078041913147
42,1931-07-01,-0.0656,15.1,0.0006,-0.0656,0.7796706522363643
43,1931-08-01,0.0044,15.1,0.0003,0.0044,0.7831012031062043
44,1931-09-01,-0.291,15.0,0.0003,-0.291,0.555218753002299
45,1931-10-01,0.0814,14.9,0.001,0.0814,0.6004135594966861
46,1931-11-01,-0.0891,14.7,0.0017,-0.0891,0.5469167113455313
47,1931-12-01,-0.1341,14.6,0.0012,-0.1341,0.4735751803540956
48,1932-01-01,-0.0135,14.3,0.0023,-0.0135,0.46718191541931536
49,1932-02-01,0.0569,14.1,0.0023,0.0569,0.49376456640667443
50,1932-03-01,-0.1105,14.0,0.0016,-0.1105,0.4392035818187369
51,1932-04-01,-0.1785,13.9,0.0011,-0.1785,0.36080574246409236
52,1932-05-01,-0.2045,13.7,0.0006,-0.2045,0.28702096813018546
53,1932-06-01,-0.0068,13.6,0.0002,-0.0068,0.2850692255469002
54,1932-07-01,0.3387,13.6,0.0003,0.3387,0.38162217223963524
55,1932-08-01,0.3709,13.5,0.0003,0.3709,0.523165835923316
56,1932-09-01,-0.0291,13.4,0.0003,-0.0291,0.5079417100979475
57,1932-10-01,-0.1315,13.3,0.0002,-0.1315,0.4411473752200675
58,1932-11-01,-0.0586,13.2,0.0002,-0.0586,0.4152961390321715
59,1932-12-01,0.0441,13.1,0.0001,0.0441,0.4336106987634903
60,1933-01-01,0.0126,12.9,0.0001,0.0126,0.4390741935679102
61,1933-02-01,-0.1527,12.7,-0.0003,-0.1527,0.3720275642100903
62,1933-03-01,0.0333,12.6,0.0004,0.0333,0.3844160820982864
63,1933-04-01,0.3895,12.6,0.001,0.3895,0.534146146075569
64,1933-05-01,0.2147,12.6,0.0004,0.2147,0.6488273236379937
65,1933-06-01,0.1313,12.7,0.0002,0.1313,0.7340183512316623
66,1933-07-01,-0.0961,13.1,0.0002,-0.0961,0.6634791876782995
67,1933-08-01,0.1208,13.2,0.0003,0.1208,0.7436274735498382
68,1933-09-01,-0.1063,13.2,0.0002,-0.1063,0.6645798731114902
69,1933-10-01,-0.0835,13.2,0.0001,-0.0835,0.6090874537066808
70,1933-11-01,0.0999,13.2,0.0002,0.0999,0.6699352903319783
71,1933-12-01,0.0185,13.2,0.0002,0.0185,0.6823290932031199
72,1934-01-01,0.1265,13.2,0.0005,0.1265,0.7686437234933146
73,1934-02-01,-0.0248,13.3,0.0002,-0.0248,0.7495813591506804
74,1934-03-01,0.0011,13.3,0.0002,0.0011,0.7504058986457461
75,1934-04-01,-0.0178,13.3,0.0001,-0.0178,0.7370486736498518
76,1934-05-01,-0.0724,13.3,0.0001,-0.0724,0.6836863496776024
77,1934-06-01,0.0265,13.4,0.0001,0.0265,0.701804037944059
78,1934-07-01,-0.1095,13.4,0.0001,-0.1095,0.6249564957891846
79,1934-08-01,0.0559,13.4,0.0001,0.0559,0.6598915639038
80,1934-09-01,-0.0022,13.6,0.0001,-0.0022,0.6584398024632117
81,1934-10-01,-0.0165,13.5,0.0001,-0.0165,0.6475755457225687
82,1934-11-01,0.0834,13.5,0.0001,0.0834,0.7015833462358309
83,1934-12-01,0.0037,13.4,0.0001,0.0037,0.7041792046169035
84,1935-01-01,-0.0344,13.6,0.0001,-0.0344,0.679955439978082
85,1935-02-01,-0.0192,13.7,0.0002,-0.0192,0.6669002955305029
86,1935-03-01,-0.0367,13.7,0.0001,-0.0367,0.6424250546845335
87,1935-04-01,0.0907,13.8,0.0001,0.0907,0.7006930071444207
88,1935-05-01,0.0348,13.8,0.0001,0.0348,0.7250771237930465
89,1935-06-01,0.0594,13.7,0.0001,0.0594,0.7681467049463533
90,1935-07-01,0.0752,13.7,0.0001,0.0752,0.825911337158319
91,1935-08-01,0.0266,13.7,0.0001,0.0266,0.8478805787267303
92,1935-09-01,0.0264,13.7,0.0001,0.0264,0.8702646260051159
93,1935-10-01,0.0704,13.7,0.0001,0.0704,0.931531255675876
94,1935-11-01,0.049,13.8,0.0002,0.049,0.977176287203994
95,1935-12-01,0.0457,13.8,0.0001,0.0457,1.0218332435292166
96,1936-01-01,0.069,13.8,0.0001,0.069,1.0923397373327324
97,1936-02-01,0.025,13.8,0.0001,0.025,1.1196482307660505
98,1936-03-01,0.0101,13.7,0.0002,0.0101,1.1309566778967877
99,1936-04-01,-0.0812,13.7,0.0002,-0.0812,1.0391229956515684
100,1936-05-01,0.0521,13.7,0.0002,0.0521,1.0932613037250152
101,1936-06-01,0.0243,13.8,0.0003,0.0243,1.119827553405533
102,1936-07-01,0.0668,13.9,0.0001,0.0668,1.1946320339730228
103,1936-08-01,0.0101,14.0,0.0002,0.0101,1.2066978175161502
104,1936-09-01,0.0099,14.0,0.0001,0.0099,1.2186441259095602
105,1936-10-01,0.0714,14.0,0.0002,0.0714,1.3056553164995026
106,1936-11-01,0.0328,14.0,0.0001,0.0328,1.348480810880686
107,1936-12-01,0.0021,14.0,0.0,0.0021,1.3513126205835355
108,1937-01-01,0.0336,14.1,0.0001,0.0336,1.3967167246351424
109,1937-02-01,0.0111,14.1,0.0002,0.0111,1.4122202802785928
110,1937-03-01,-0.0026,14.2,0.0001,-0.0026,1.4085485075498685
111,1937-04-01,-0.0733,14.3,0.0003,-0.0733,1.3053019019464631
112,1937-05-01,-0.0077,14.4,0.0006,-0.0077,1.2952510773014752
113,1937-06-01,-0.0418,14.4,0.0003,-0.0418,1.2411095822702736
114,1937-07-01,0.0894,14.5,0.0003,0.0894,1.3520647789252358
115,1937-08-01,-0.0484,14.5,0.0002,-0.0484,1.2866248436252545
116,1937-09-01,-0.1357,14.6,0.0004,-0.1357,1.1120298523453076
117,1937-10-01,-0.0959,14.6,0.0002,-0.0959,1.0053861895053926
118,1937-11-01,-0.0829,14.5,0.0002,-0.0829,0.9220396743953955
119,1937-12-01,-0.0424,14.4,0.0,-0.0424,0.8829451922010307
120,1938-01-01,0.0049,14.2,0.0,0.0049,0.8872716236428158
121,1938-02-01,0.0584,14.1,0.0,0.0584,0.9390882864635561
122,1938-03-01,-0.2383,14.1,-0.0001,-0.2383,0.7153035477992908
123,1938-04-01,0.1452,14.2,0.0001,0.1452,0.8191656229397478
124,1938-05-01,-0.0383,14.1,0.0,-0.0383,0.7877915795811555
125,1938-06-01,0.2387,14.1,0.0,0.2387,0.9758374296271772
126,1938-07-01,0.0733,14.1,-0.0001,0.0733,1.0473663132188493
127,1938-08-01,-0.0267,14.1,0.0,-0.0267,1.019401632655906
128,1938-09-01,0.0083,14.1,0.0002,0.0083,1.02786266620695
129,1938-10-01,0.0781,14.0,0.0001,0.0781,1.1081387404377128
130,1938-11-01,-0.0178,14.0,-0.0006,-0.0178,1.0884138708579214
131,1938-12-01,0.0419,14.0,0.0,0.0419,1.1340184120468686
132,1939-01-01,-0.0597,14.0,-0.0001,-0.0597,1.0663175128476705
133,1939-02-01,0.0352,13.9,0.0001,0.0352,1.1038518892999085
134,1939-03-01,-0.12,13.9,-0.0001,-0.12,0.9713896625839195
135,1939-04-01,-0.0018,13.8,0.0,-0.0018,0.9696411611912684
136,1939-05-01,0.0681,13.8,0.0001,0.0681,1.0356737242683938
137,1939-06-01,-0.053,13.8,0.0001,-0.053,0.9807830168821688
138,1939-07-01,0.1024,13.8,0.0,0.1024,1.0812151978109028
139,1939-08-01,-0.0669,13.8,-0.0001,-0.0669,1.0088819010773535
140,1939-09-01,0.1689,14.1,0.0001,0.1689,1.1792820541693185
141,1939-10-01,-0.0053,14.0,0.0,-0.0053,1.1730318592822213
142,1939-11-01,-0.0362,14.0,0.0,-0.0362,1.1305681059762047
143,1939-12-01,0.0303,14.0,0.0,0.0303,1.1648243195872836
144,1940-01-01,-0.0241,13.9,0.0,-0.0241,1.13675205348523
145,1940-02-01,0.0144,14.0,0.0,0.0144,1.1531212830554174
146,1940-03-01,0.0205,14.0,0.0,0.0205,1.1767602693580534
147,1940-04-01,0.0022,14.0,0.0,0.0022,1.179349141950641
148,1940-05-01,-0.2197,14.0,-0.0002,-0.2197,0.9202461354640851
149,1940-06-01,0.0667,14.1,0.0,0.0667,0.9816265526995396
150,1940-07-01,0.0317,14.0,0.0001,0.0317,1.0127441144201148
151,1940-08-01,0.0218,14.0,-0.0001,0.0218,1.0348219361144735
152,1940-09-01,0.0239,14.0,0.0,0.0239,1.0595541803876094
153,1940-10-01,0.0302,14.0,0.0,0.0302,1.091552716635315
154,1940-11-01,-0.0161,14.0,0.0,-0.0161,1.0739787178974864
155,1940-12-01,0.0069,14.1,0.0,0.0069,1.081389171050979
156,1941-01-01,-0.0418,14.1,-0.0001,-0.0418,1.0361871037010482
157,1941-02-01,-0.0144,14.1,-0.0001,-0.0144,1.021266009407753
158,1941-03-01,0.0085,14.2,0.0001,0.0085,1.029946770487719
159,1941-04-01,-0.0547,14.3,-0.0001,-0.0547,0.9736086821420407
160,1941-05-01,0.0139,14.4,0.0,0.0139,0.9871418428238151
161,1941-06-01,0.0583,14.7,0.0,0.0583,1.0446922122604436
162,1941-07-01,0.059,14.7,0.0003,0.059,1.1063290527838097
163,1941-08-01,-0.0016,14.9,0.0001,-0.0016,1.1045589262993556
164,1941-09-01,-0.0086,15.1,0.0001,-0.0086,1.0950597195331813
165,1941-10-01,-0.0525,15.3,0.0,-0.0525,1.037569084257689
166,1941-11-01,-0.0192,15.4,0.0,-0.0192,1.0176477578399414
167,1941-12-01,-0.0486,15.5,0.0001,-0.0486,0.9681900768089203
168,1942-01-01,0.0081,15.7,0.0002,0.0081,0.9760324164310725
169,1942-02-01,-0.0245,15.8,0.0001,-0.0245,0.9521196222285113
170,1942-03-01,-0.0657,16.0,0.0001,-0.0657,0.8895653630480982
171,1942-04-01,-0.0436,16.1,0.0001,-0.0436,0.8507803132192011
172,1942-05-01,0.0597,16.3,0.0003,0.0597,0.9015718979183874
173,1942-06-01,0.0271,16.3,0.0002,0.0271,0.9260044963519757
174,1942-07-01,0.0354,16.4,0.0003,0.0354,0.9587850555228357
175,1942-08-01,0.0183,16.5,0.0003,0.0183,0.9763308220389034
176,1942-09-01,0.0264,16.5,0.0003,0.0264,1.0021059557407306
177,1942-10-01,0.0685,16.7,0.0003,0.0685,1.0707502137089704
178,1942-11-01,0.0018,16.8,0.0003,0.0018,1.0726775640936466
179,1942-12-01,0.0515,16.9,0.0003,0.0515,1.1279204586444695
180,1943-01-01,0.0716,16.9,0.0003,0.0716,1.2086795634834138
181,1943-02-01,0.0618,16.9,0.0003,0.0618,1.2833759605066888
182,1943-03-01,0.0604,17.2,0.0003,0.0604,1.3608918685212927
183,1943-04-01,0.0084,17.4,0.0003,0.0084,1.3723233602168716
184,1943-05-01,0.0577,17.5,0.0003,0.0577,1.4515064181013853
185,1943-06-01,0.0185,17.5,0.0003,0.0185,1.4783592868362607
186,1943-07-01,-0.0474,17.4,0.0003,-0.0474,1.408285056640222
187,1943-08-01,0.0133,17.3,0.0003,0.0133,1.4270152478935372
188,1943-09-01,0.0243,17.4,0.0003,0.0243,1.4616917184173501
189,1943-10-01,-0.0112,17.4,0.0003,-0.0112,1.4453207711710756
190,1943-11-01,-0.0588,17.4,0.0003,-0.0588,1.3603359098262167
191,1943-12-01,0.0639,17.4,0.0003,0.0639,1.4472613744641118
192,1944-01-01,0.0177,17.4,0.0003,0.0177,1.4728779007921267
193,1944-02-01,0.004,17.4,0.0003,0.004,1.4787694123952952
194,1944-03-01,0.0248,17.4,0.0002,0.0248,1.5154428938226985
195,1944-04-01,-0.0166,17.5,0.0003,-0.0166,1.4902865417852418
196,1944-05-01,0.051,17.5,0.0003,0.051,1.566291155416289
197,1944-06-01,0.0552,17.6,0.0003,0.0552,1.652750427195268
198,1944-07-01,-0.0146,17.7,0.0003,-0.0146,1.6286202709582172
199,1944-08-01,0.016,17.7,0.0003,0.016,1.6546781952935488
200,1944-09-01,0.0003,17.7,0.0002,0.0003,1.655174598752137
201,1944-10-01,0.0019,17.7,0.0003,0.0019,1.658319430489766
202,1944-11-01,0.0174,17.7,0.0003,0.0174,1.687174188580288
203,1944-12-01,0.0405,17.8,0.0002,0.0405,1.7555047432177897
204,1945-01-01,0.0204,17.8,0.0003,0.0204,1.7913170399794325
205,1945-02-01,0.0625,17.8,0.0002,0.0625,1.903274354978147
206,1945-03-01,-0.0387,17.8,0.0002,-0.0387,1.8296176374404929
207,1945-04-01,0.0783,17.8,0.0003,0.0783,1.9728766984520836
208,1945-05-01,0.0176,17.9,0.0003,0.0176,2.00759932834484
209,1945-06-01,0.0041,18.1,0.0002,0.0041,2.015830485591054
210,1945-07-01,-0.0214,18.1,0.0003,-0.0214,1.9726917131994055
211,1945-08-01,0.0623,18.1,0.0003,0.0623,2.095590406931729
212,1945-09-01,0.048,18.1,0.0003,0.048,2.1961787464644518
213,1945-10-01,0.0392,18.1,0.0003,0.0392,2.282268953325858
214,1945-11-01,0.0541,18.1,0.0002,0.0541,2.405739703700787
215,1945-12-01,0.0123,18.2,0.0003,0.0123,2.4353303020563066
216,1946-01-01,0.0627,18.2,0.0003,0.0627,2.588025511995237
217,1946-02-01,-0.058,18.1,0.0003,-0.058,2.4379200322995134
218,1946-03-01,0.059,18.3,0.0003,0.059,2.581757314205184
219,1946-04-01,0.0426,18.4,0.0003,0.0426,2.691740175790325
220,1946-05-01,0.0396,18.5,0.0003,0.0396,2.7983330867516223
221,1946-06-01,-0.0386,18.7,0.0003,-0.0386,2.69031742960301
222,1946-07-01,-0.0266,19.8,0.0003,-0.0266,2.6187549859755697
223,1946-08-01,-0.0641,20.2,0.0003,-0.0641,2.4508927913745358
224,1946-09-01,-0.1014,20.4,0.0003,-0.1014,2.2023722623291575
225,1946-10-01,-0.0141,20.8,0.0003,-0.0141,2.1713188134303163
226,1946-11-01,0.0002,21.3,0.0003,0.0002,2.171753077193002
227,1946-12-01,0.0499,21.5,0.0003,0.0499,2.2801235557449333
228,1947-01-01,0.0128,21.5,0.0003,0.0128,2.309309137258468
229,1947-02-01,-0.0105,21.5,0.0003,-0.0105,2.285061391317254
230,1947-03-01,-0.0164,21.9,0.0003,-0.0164,2.247586384499651
231,1947-04-01,-0.0477,21.9,0.0003,-0.0477,2.1403765139590174
232,1947-05-01,-0.0094,21.9,0.0003,-0.0094,2.1202569747278033
233,1947-06-01,0.0532,22.0,0.0003,0.0532,2.233054645783322
234,1947-07-01,0.0417,22.2,0.0003,0.0417,2.326173024512487
235,1947-08-01,-0.0171,22.5,0.0003,-0.0171,2.2863954657933236
236,1947-09-01,-0.0048,23.0,0.0006,-0.0048,2.2754207675575158
237,1947-10-01,0.0253,23.0,0.0006,0.0253,2.3329889129767207
238,1947-11-01,-0.0191,23.1,0.0006,-0.0191,2.2884288247388653
239,1947-12-01,0.0308,23.4,0.0008,0.0308,2.3589124325408224
240,1948-01-01,-0.0386,23.7,0.0007,-0.0386,2.2678584126447467
241,1948-02-01,-0.0431,23.5,0.0007,-0.0431,2.1701137150597583
242,1948-03-01,0.0816,23.4,0.0009,0.0816,2.347194994208634
243,1948-04-01,0.0373,23.8,0.0008,0.0373,2.4347453674926167
244,1948-05-01,0.0738,23.9,0.0008,0.0738,2.614429575613572
245,1948-06-01,-0.0001,24.1,0.0009,-0.0001,2.614168132656011
246,1948-07-01,-0.0501,24.4,0.0008,-0.0501,2.483198309209944
247,1948-08-01,0.0034,24.5,0.0009,0.0034,2.4916411834612586
248,1948-09-01,-0.0293,24.5,0.0004,-0.0293,2.4186360967858436
249,1948-10-01,0.06,24.4,0.0004,0.06,2.5637542625929943
250,1948-11-01,-0.0926,24.2,0.0004,-0.0926,2.3263506178768827
251,1948-12-01,0.033,24.1,0.0004,0.033,2.40312018826682
252,1949-01-01,0.0033,24.0,0.001,0.0033,2.4110504848881003
253,1949-02-01,-0.0284,23.8,0.0009,-0.0284,2.342576651117278
254,1949-03-01,0.0414,23.8,0.001,0.0414,2.4395593244735334
255,1949-04-01,-0.0178,23.9,0.0009,-0.0178,2.3961351684979046
256,1949-05-01,-0.0284,23.8,0.001,-0.0284,2.3280849297125643
257,1949-06-01,0.002,23.9,0.001,0.002,2.3327410995719893
258,1949-07-01,0.0563,23.7,0.0009,0.0563,2.464074423477892
259,1949-08-01,0.0269,23.8,0.0009,0.0269,2.5303580254694475
260,1949-09-01,0.0318,23.9,0.0009,0.0318,2.6108234106793757
261,1949-10-01,0.0323,23.7,0.0009,0.0323,2.69515300684432
262,1949-11-01,0.019,23.8,0.0008,0.019,2.7463609139743617
263,1949-12-01,0.0522,23.6,0.0009,0.0522,2.8897209536838235
264,1950-01-01,0.0179,23.5,0.0009,0.0179,2.9414469587547645
265,1950-02-01,0.0157,23.5,0.0009,0.0157,2.9876276760072145
266,1950-03-01,0.0136,23.6,0.001,0.0136,3.0282594124009123
267,1950-04-01,0.0403,23.6,0.0009,0.0403,3.150298266720669
268,1950-05-01,0.0441,23.7,0.001,0.0441,3.289226420283051
269,1950-06-01,-0.0584,23.8,0.001,-0.0584,3.097135597338521
270,1950-07-01,0.0146,24.1,0.001,0.0146,3.1423537770596632
271,1950-08-01,0.0495,24.3,0.001,0.0495,3.297900289024117
272,1950-09-01,0.0491,24.4,0.001,0.0491,3.459827193215201
273,1950-10-01,-0.0006,24.6,0.0012,-0.0006,3.457751296899272
274,1950-11-01,0.0287,24.7,0.0011,0.0287,3.5569887591202805
275,1950-12-01,0.0565,25.0,0.0011,0.0565,3.757958624010576
276,1951-01-01,0.0583,25.4,0.0013,0.0583,3.9770476117903932
277,1951-02-01,0.0151,25.7,0.001,0.0151,4.037101030728428
278,1951-03-01,-0.0204,25.8,0.0011,-0.0204,3.9547441697015677
279,1951-04-01,0.0499,25.8,0.0013,0.0499,4.152085903769676
280,1951-05-01,-0.0222,25.9,0.0012,-0.0222,4.059909596705989
281,1951-06-01,-0.025,25.9,0.0012,-0.025,3.958411856788339
282,1951-07-01,0.0707,25.9,0.0013,0.0707,4.2382715750632745
283,1951-08-01,0.044,25.9,0.0013,0.044,4.424755524366059
284,1951-09-01,0.0082,26.1,0.0012,0.0082,4.461038519665861
285,1951-10-01,-0.0237,26.2,0.0016,-0.0237,4.35531190674978
286,1951-11-01,0.0068,26.4,0.0011,0.0068,4.384928027715678
287,1951-12-01,0.0345,26.5,0.0012,0.0345,4.536208044671869
288,1952-01-01,0.016,26.5,0.0015,0.016,4.608787373386619
289,1952-02-01,-0.025,26.3,0.0012,-0.025,4.493567689051953
290,1952-03-01,0.0455,26.3,0.0011,0.0455,4.6980250189038175
291,1952-04-01,-0.0485,26.4,0.0012,-0.0485,4.470170805486982
292,1952-05-01,0.0333,26.4,0.0013,0.0333,4.6190274933097
293,1952-06-01,0.0398,26.5,0.0015,0.0398,4.802864787543426
294,1952-07-01,0.0106,26.7,0.0015,0.0106,4.853775154291386
295,1952-08-01,-0.0061,26.7,0.0015,-0.0061,4.824167125850209
296,1952-09-01,-0.0187,26.7,0.0016,-0.0187,4.733955200596809
297,1952-10-01,-0.0052,26.7,0.0014,-0.0052,4.709338633553705
298,1952-11-01,0.0604,26.7,0.001,0.0604,4.993782687020349
299,1952-12-01,0.0309,26.7,0.0016,0.0309,5.148090572049279
300,1953-01-01,-0.0018,26.6,0.0016,-0.0018,5.13882400901959
301,1953-02-01,-0.0013,26.5,0.0014,-0.0013,5.132143537807864
302,1953-03-01,-0.0125,26.6,0.0018,-0.0125,5.067991743585266
303,1953-04-01,-0.0267,26.6,0.0016,-0.0267,4.93267636403154
304,1953-05-01,0.0069,26.7,0.0017,0.0069,4.966711830943357
305,1953-06-01,-0.0171,26.8,0.0018,-0.0171,4.881781058634226
306,1953-07-01,0.0255,26.8,0.0015,0.0255,5.006266475629399
307,1953-08-01,-0.0435,26.9,0.0017,-0.0435,4.788493883939521
308,1953-09-01,0.0036,26.9,0.0016,0.0036,4.805732461921703
309,1953-10-01,0.0473,27.0,0.0013,0.0473,5.033043607370599
310,1953-11-01,0.0291,26.9,0.0008,0.0291,5.179505176345082
311,1953-12-01,0.0016,26.9,0.0013,0.0016,5.187792384627235
312,1954-01-01,0.0524,26.9,0.0011,0.0524,5.4596327055817016
313,1954-02-01,0.0174,26.9,0.0007,0.0174,5.554630314658824
314,1954-03-01,0.0373,26.9,0.0008,0.0373,5.761818025395598
315,1954-04-01,0.0436,26.8,0.0009,0.0436,6.013033291302848
316,1954-05-01,0.0314,26.9,0.0005,0.0314,6.201842536649758
317,1954-06-01,0.0113,26.9,0.0006,0.0113,6.2719233573139
318,1954-07-01,0.0504,26.9,0.0005,0.0504,6.5880282945225215
319,1954-08-01,-0.0229,26.9,0.0005,-0.0229,6.437162446577956
320,1954-09-01,0.0648,26.8,0.0009,0.0648,6.854290573116207
321,1954-10-01,-0.016,26.8,0.0007,-0.016,6.744621923946347
322,1954-11-01,0.0944,26.8,0.0006,0.0944,7.381314233566884
323,1954-12-01,0.0556,26.7,0.0008,0.0556,7.791715304953203
324,1955-01-01,0.0068,26.7,0.0008,0.0068,7.844698969026885
325,1955-02-01,0.0311,26.7,0.0009,0.0311,8.08866910696362
326,1955-03-01,-0.0006,26.7,0.001,-0.0006,8.083815905499442
327,1955-04-01,0.0321,26.7,0.001,0.0321,8.343306396065975
328,1955-05-01,0.0107,26.7,0.0014,0.0107,8.432579774503878
329,1955-06-01,0.0665,26.7,0.001,0.0665,8.993346329508386
330,1955-07-01,0.02,26.8,0.001,0.02,9.173213256098554
331,1955-08-01,0.0037,26.8,0.0016,0.0037,9.207154145146118
332,1955-09-01,-0.002,26.9,0.0016,-0.002,9.188739836855827
333,1955-10-01,-0.025,26.9,0.0018,-0.025,8.95902134093443
334,1955-11-01,0.072,26.9,0.0017,0.072,9.60407087748171
335,1955-12-01,0.0167,26.8,0.0018,0.0167,9.764458861135655
336,1956-01-01,-0.0281,26.8,0.0022,-0.0281,9.490077567137742
337,1956-02-01,0.0396,26.8,0.0019,0.0396,9.865884638796397
338,1956-03-01,0.0679,26.8,0.0015,0.0679,10.535778205770672
339,1956-04-01,0.0047,26.9,0.0019,0.0047,10.585296363337795
340,1956-05-01,-0.0497,27.0,0.0023,-0.0497,10.059207134079907
341,1956-06-01,0.0368,27.2,0.002,0.0368,10.429385956614048
342,1956-07-01,0.0506,27.4,0.0022,0.0506,10.957112886018718
343,1956-08-01,-0.0301,27.3,0.0017,-0.0301,10.627303788149554
344,1956-09-01,-0.0496,27.4,0.0018,-0.0496,10.100189520257338
345,1956-10-01,0.0077,27.5,0.0025,0.0077,10.17796097956332
346,1956-11-01,0.0056,27.5,0.002,0.0056,10.234957561048876
347,1956-12-01,0.034,27.6,0.0024,0.034,10.582946118124537
348,1957-01-01,-0.0331,27.6,0.0027,-0.0331,10.232650601614615
349,1957-02-01,-0.0182,27.7,0.0024,-0.0182,10.04641636066523
350,1957-03-01,0.0236,27.8,0.0023,0.0236,10.283511786776929
351,1957-04-01,0.0451,27.9,0.0025,0.0451,10.747298168360567
352,1957-05-01,0.0371,28.0,0.0026,0.0371,11.146022930406744
353,1957-06-01,-0.005,28.1,0.0024,-0.005,11.09029281575471
354,1957-07-01,0.0096,28.3,0.003,0.0096,11.196759626785957
355,1957-08-01,-0.0486,28.3,0.0025,-0.0486,10.652597108924159
356,1957-09-01,-0.0572,28.3,0.0026,-0.0572,10.043268554293695
357,1957-10-01,-0.0403,28.3,0.0029,-0.0403,9.63852483155566
358,1957-11-01,0.0258,28.4,0.0028,0.0258,9.887198772209796
359,1957-12-01,-0.0367,28.4,0.0024,-0.0367,9.524338577269697
360,1958-01-01,0.0494,28.6,0.0028,0.0494,9.994840902986818
361,1958-02-01,-0.014,28.6,0.0012,-0.014,9.854913130345004
362,1958-03-01,0.0336,28.8,0.0009,0.0336,10.186038211524595
363,1958-04-01,0.0317,28.9,0.0008,0.0317,10.508935622829926
364,1958-05-01,0.0242,28.9,0.0011,0.0242,10.76325186490241
365,1958-06-01,0.0296,28.9,0.0003,0.0296,11.081844120103522
366,1958-07-01,0.0446,29.0,0.0007,0.0446,11.576094367860138
367,1958-08-01,0.0195,28.9,0.0004,0.0195,11.801828208033411
368,1958-09-01,0.0485,28.9,0.0019,0.0485,12.374216876123032
369,1958-10-01,0.0271,28.9,0.0018,0.0271,12.709558153465965
370,1958-11-01,0.0312,29.0,0.0011,0.0312,13.106096367854102
371,1958-12-01,0.0537,28.9,0.0022,0.0537,13.80989374280787
372,1959-01-01,0.0092,29.0,0.0021,0.0092,13.936944765241702
373,1959-02-01,0.0114,28.9,0.0019,0.0114,14.095825935565458
374,1959-03-01,0.005,28.9,0.0022,0.005,14.166305065243284
375,1959-04-01,0.0386,29.0,0.002,0.0386,14.713124440761675
376,1959-05-01,0.0195,29.0,0.0022,0.0195,15.00003036735653
377,1959-06-01,0.0,29.1,0.0025,0.0,15.00003036735653
378,1959-07-01,0.0342,29.2,0.0025,0.0342,15.513031405920122
379,1959-08-01,-0.012,29.2,0.0019,-0.012,15.32687502904908
380,1959-09-01,-0.0449,29.3,0.0031,-0.0449,14.638698340244776
381,1959-10-01,0.0158,29.4,0.003,0.0158,14.869989774020645
382,1959-11-01,0.0186,29.4,0.0026,0.0186,15.14657158381743
383,1959-12-01,0.0279,29.4,0.0034,0.0279,15.569160931005936
384,1960-01-01,-0.0665,29.3,0.0033,-0.0665,14.53381172909404
385,1960-02-01,0.0146,29.4,0.0029,0.0146,14.746005380338813
386,1960-03-01,-0.0128,29.4,0.0034999999999999,-0.0128,14.557256511470477
387,1960-04-01,-0.0152,29.5,0.0019,-0.0152,14.335986212496126
388,1960-05-01,0.0339,29.5,0.0027,0.0339,14.821976145099745
389,1960-06-01,0.0232,29.6,0.0024,0.0232,15.165845991666062
390,1960-07-01,-0.0224,29.6,0.0013,-0.0224,14.826131041452742
391,1960-08-01,0.0318,29.6,0.0017,0.0318,15.29760200857094
392,1960-09-01,-0.0583,29.6,0.0016,-0.0583,14.405751811471255
393,1960-10-01,-0.0049,29.8,0.0022,-0.0049,14.335163627595044
394,1960-11-01,0.0482,29.8,0.0013,0.0482,15.026118514445127
395,1960-12-01,0.0487,29.8,0.0016,0.0487,15.757890486098603
396,1961-01-01,0.0639,29.8,0.0019,0.0639,16.764819688160305
397,1961-02-01,0.0371,29.8,0.0014,0.0371,17.38679449859105
398,1961-03-01,0.0309,29.8,0.002,0.0309,17.92404644859751
399,1961-04-01,0.0046,29.8,0.0017,0.0046,18.006497062261058
400,1961-05-01,0.0258,29.8,0.0018,0.0258,18.471064686467393
401,1961-06-01,-0.0288,29.8,0.002,-0.0288,17.93909802349713
402,1961-07-01,0.0301,30.0,0.0018,0.0301,18.479064874004397
403,1961-08-01,0.0271,29.9,0.0014,0.0271,18.979847532089913
404,1961-09-01,-0.0198,30.0,0.0017,-0.0198,18.604046550954536
405,1961-10-01,0.0276,30.0,0.0019,0.0276,19.11751823576088
406,1961-11-01,0.046,30.0,0.0015,0.046,19.996924074605882
407,1961-12-01,0.0001,30.0,0.0019,0.0001,19.99892376701334
408,1962-01-01,-0.0363,30.0,0.0024,-0.0363,19.272962834270757
409,1962-02-01,0.0201,30.1,0.002,0.0201,19.6603493872396
410,1962-03-01,-0.0048,30.1,0.002,-0.0048,19.565979710180848
411,1962-04-01,-0.0637,30.2,0.0022,-0.0637,18.31962680264233
412,1962-05-01,-0.0841,30.2,0.0024,-0.0841,16.77894618854011
413,1962-06-01,-0.0827,30.2,0.002,-0.0827,15.391327338747844
414,1962-07-01,0.0655,30.3,0.0027,0.0655,16.39945927943583
415,1962-08-01,0.0236,30.3,0.0023,0.0236,16.786486518430518
416,1962-09-01,-0.0501,30.4,0.0021,-0.0501,15.94548354385715
417,1962-10-01,0.002,30.4,0.0025,0.002,15.977374510944864
418,1962-11-01,0.1107,30.4,0.002,0.1107,17.74606986930646
419,1962-12-01,0.0124,30.4,0.0023,0.0124,17.96612113568586
420,1963-01-01,0.0518,30.4,0.0025,0.0518,18.89676621051439
421,1963-02-01,-0.0215,30.4,0.0023,-0.0215,18.49048573698833
422,1963-03-01,0.0331,30.5,0.0023,0.0331,19.10252081488264
423,1963-04-01,0.0476,30.5,0.0025,0.0476,20.011800805671054
424,1963-05-01,0.02,30.5,0.0024,0.02,20.41203682178448
425,1963-06-01,-0.0177,30.6,0.0023,-0.0177,20.050743770038892
426,1963-07-01,-0.0012,30.7,0.0027,-0.0012,20.026682877514848
427,1963-08-01,0.0532,30.7,0.0025,0.0532,21.092102406598634
428,1963-09-01,-0.013,30.7,0.0027,-0.013,20.817905075312854
429,1963-10-01,0.0282,30.8,0.0029,0.0282,21.404969998436677
430,1963-11-01,-0.0058,30.8,0.0027,-0.0058,21.28082117244574
431,1963-12-01,0.0212,30.9,0.0029,0.0212,21.731974581301593
432,1964-01-01,0.0254,30.9,0.003,0.0254,22.283966735666656
433,1964-02-01,0.018,30.9,0.0026,0.018,22.685078136908658
434,1964-03-01,0.0172,30.9,0.0031,0.0172,23.07526148086349
435,1964-04-01,0.0039,30.9,0.0029,0.0039,23.165255000638854
436,1964-05-01,0.0168,30.9,0.0026,0.0168,23.55443128464959
437,1964-06-01,0.0157,31.0,0.003,0.0157,23.924235855818587
438,1964-07-01,0.0204,31.1,0.003,0.0204,24.412290267277285
439,1964-08-01,-0.0116,31.0,0.0028,-0.0116,24.129107700176867
440,1964-09-01,0.0297,31.1,0.0028,0.0297,24.845742198872124
441,1964-10-01,0.0088,31.1,0.0029,0.0088,25.064384730222198
442,1964-11-01,0.0029,31.2,0.0029,0.0029,25.13707144593984
443,1964-12-01,0.0034,31.2,0.0031,0.0034,25.222537488856034
444,1965-01-01,0.0382,31.2,0.0028,0.0382,26.186038420930334
445,1965-02-01,0.0074,31.2,0.003,0.0074,26.37981510524522
446,1965-03-01,-0.0098,31.3,0.0036,-0.0098,26.121292917213818
447,1965-04-01,0.0342,31.4,0.0031,0.0342,27.01464113498253
448,1965-05-01,-0.0046,31.4,0.0031,-0.0046,26.89037378576161
449,1965-06-01,-0.0516,31.6,0.0034999999999999,-0.0516,25.50283049841631
450,1965-07-01,0.0174,31.6,0.0031,0.0174,25.946579749088755
451,1965-08-01,0.0306,31.6,0.0033,0.0306,26.740545089410872
452,1965-09-01,0.0317,31.6,0.0031,0.0317,27.588220368745198
453,1965-10-01,0.0291,31.7,0.0031,0.0291,28.391037581475683
454,1965-11-01,0.0032,31.7,0.0034999999999999,0.0032,28.481888901736404
455,1965-12-01,0.0134,31.8,0.0033,0.0134,28.863546213019674
456,1966-01-01,0.011,31.8,0.0038,0.011,29.181045221362886
457,1966-02-01,-0.0086,32.0,0.0034999999999999,-0.0086,28.930088232459166
458,1966-03-01,-0.0213,32.1,0.0038,-0.0213,28.313877353107788
459,1966-04-01,0.0248,32.3,0.0034,0.0248,29.01606151146486
460,1966-05-01,-0.0525,32.3,0.0040999999999999,-0.0525,27.492718282112953
461,1966-06-01,-0.0106,32.4,0.0038,-0.0106,27.201295468322556
462,1966-07-01,-0.0128,32.5,0.0034999999999999,-0.0128,26.853118886328026
463,1966-08-01,-0.075,32.7,0.0040999999999999,-0.075,24.839134969853426
464,1966-09-01,-0.0066,32.7,0.004,-0.0066,24.67519667905239
465,1966-10-01,0.0431,32.9,0.0045,0.0431,25.738697655919548
466,1966-11-01,0.018,32.9,0.004,0.018,26.2019942137261
467,1966-12-01,0.0053,32.9,0.004,0.0053,26.34086478305885
468,1967-01-01,0.0858,32.9,0.0043,0.0858,28.600910981445303
469,1967-02-01,0.0114,32.9,0.0036,0.0114,28.926961366633783
470,1967-03-01,0.0438,33.0,0.0039,0.0438,30.193962274492346
471,1967-04-01,0.0421,33.1,0.0032,0.0421,31.465128086248477
472,1967-05-01,-0.04,33.2,0.0033,-0.04,30.206522962798534
473,1967-06-01,0.0268,33.3,0.0027,0.0268,31.016057778201535
474,1967-07-01,0.0489,33.4,0.0031,0.0489,32.53274300355559
475,1967-08-01,-0.0058,33.5,0.0031,-0.0058,32.34405309413497
476,1967-09-01,0.0343,33.6,0.0032,0.0343,33.453454115263796
477,1967-10-01,-0.027,33.7,0.0039,-0.027,32.55021085415167
478,1967-11-01,0.0073,33.8,0.0036,0.0073,32.78782739338698
479,1967-12-01,0.0338,33.9,0.0033,0.0338,33.896055959283466
480,1968-01-01,-0.0366,34.1,0.004,-0.0366,32.65546031117369
481,1968-02-01,-0.0336,34.2,0.0039,-0.0336,31.558236844718255
482,1968-03-01,0.0058,34.3,0.0038,0.0058,31.741274618417624
483,1968-04-01,0.0948,34.4,0.0043,0.0948,34.750347452243616
484,1968-05-01,0.0273,34.5,0.0045,0.0273,35.69903193768987
485,1968-06-01,0.0112,34.7,0.0043,0.0112,36.098861095391996
486,1968-07-01,-0.0224,34.9,0.0048,-0.0224,35.29024660685521
487,1968-08-01,0.0176,35.0,0.0042,0.0176,35.91135494713587
488,1968-09-01,0.0446,35.1,0.0043,0.0446,37.51300137777813
489,1968-10-01,0.0086,35.3,0.0044,0.0086,37.835613189627026
490,1968-11-01,0.0585,35.4,0.0042,0.0585,40.0489965612202
491,1968-12-01,-0.0351,35.5,0.0043,-0.0351,38.64327678192137
492,1969-01-01,-0.0072,35.6,0.0053,-0.0072,38.36504518909154
493,1969-02-01,-0.0538,35.8,0.0046,-0.0538,36.30100575791841
494,1969-03-01,0.031,36.1,0.0046,0.031,37.42633693641388
495,1969-04-01,0.0199,36.3,0.0053,0.0199,38.17112104144852
496,1969-05-01,0.0038,36.4,0.0048,0.0038,38.31617130140602
497,1969-06-01,-0.0667,36.6,0.0051,-0.0667,35.76048267560224
498,1969-07-01,-0.0647,36.8,0.0053,-0.0647,33.44677944649078
499,1969-08-01,0.0518,37.0,0.005,0.0518,35.179322621819004
500,1969-09-01,-0.0236,37.1,0.0062,-0.0236,34.34909060794408
501,1969-10-01,0.0566,37.3,0.006,0.0566,36.293249136353715
502,1969-11-01,-0.0327,37.5,0.0052,-0.0327,35.106459889594944
503,1969-12-01,-0.0199,37.7,0.0064,-0.0199,34.40784133779201
504,1970-01-01,-0.075,37.8,0.006,-0.075,31.827253237457604
505,1970-02-01,0.0575,38.0,0.0062,0.0575,33.657320298611424
506,1970-03-01,-0.0049,38.2,0.0056999999999999,-0.0049,33.49239942914822
507,1970-04-01,-0.105,38.5,0.005,-0.105,29.97569748908766
508,1970-05-01,-0.0639,38.6,0.0053,-0.0639,28.060250419534963
509,1970-06-01,-0.0521,38.8,0.0058,-0.0521,26.59831137267719
510,1970-07-01,0.0745,39.0,0.0052,0.0745,28.579885569941645
511,1970-08-01,0.0502,39.0,0.0053,0.0502,30.014595825552718
512,1970-09-01,0.0472,39.2,0.0054,0.0472,31.431284748518802
513,1970-10-01,-0.0182,39.4,0.0046,-0.0182,30.85923536609576
514,1970-11-01,0.0506,39.6,0.0046,0.0506,32.4207126756202
515,1970-12-01,0.0614,39.8,0.0042,0.0614,34.41134443390328
516,1971-01-01,0.0522,39.8,0.0038,0.0522,36.207616613353025
517,1971-02-01,0.0174,39.9,0.0033,0.0174,36.83762914242538
518,1971-03-01,0.0443,40.0,0.003,0.0443,38.46953611343482
519,1971-04-01,0.0343,40.1,0.0028,0.0343,39.78904120212564
520,1971-05-01,-0.0369,40.3,0.0029,-0.0369,38.3208255817672
521,1971-06-01,0.0027,40.6,0.0037,0.0027,38.42429181083797
522,1971-07-01,-0.041,40.7,0.004,-0.041,36.84889584659361
523,1971-08-01,0.0426,40.8,0.0046999999999999,0.0426,38.418658809658496
524,1971-09-01,-0.0048,40.8,0.0037,-0.0048,38.234249247372134
525,1971-10-01,-0.0405,40.9,0.0037,-0.0405,36.68576215285356
526,1971-11-01,-0.0009,40.9,0.0037,-0.0009,36.652744966915996
527,1971-12-01,0.0908,41.1,0.0037,0.0908,39.98081420991197
528,1972-01-01,0.0278,41.1,0.0029,0.0278,41.092280844947524
529,1972-02-01,0.0312,41.3,0.0025,0.0312,42.37436000730989
530,1972-03-01,0.009,41.4,0.0027,0.009,42.75572924737567
531,1972-04-01,0.0058,41.5,0.0029,0.0058,43.003712477010446
532,1972-05-01,0.0155,41.6,0.003,0.0155,43.67027002040411
533,1972-06-01,-0.0214,41.7,0.0029,-0.0214,42.73572624196746
534,1972-07-01,-0.0049,41.9,0.0031,-0.0049,42.526321183381825
535,1972-08-01,0.0355,42.0,0.0029,0.0355,44.036005585391884
536,1972-09-01,-0.008,42.1,0.0034,-0.008,43.68371754070874
537,1972-10-01,0.0092,42.3,0.004,0.0092,44.085607742083276
538,1972-11-01,0.0497,42.4,0.0037,0.0497,46.27666244686482
539,1972-12-01,0.0099,42.5,0.0037,0.0099,46.73480140508878
540,1973-01-01,-0.0285,42.6,0.0044,-0.0285,45.402859565043755
541,1973-02-01,-0.0444,42.9,0.0040999999999999,-0.0444,43.38697260035581
542,1973-03-01,-0.0084,43.3,0.0046,-0.0084,43.02252203051282
543,1973-04-01,-0.0516,43.6,0.0052,-0.0516,40.80255989373836
544,1973-05-01,-0.0243,43.9,0.0051,-0.0243,39.81105768832052
545,1973-06-01,-0.0106,44.2,0.0051,-0.0106,39.38906047682432
546,1973-07-01,0.0569,44.3,0.0064,0.0569,41.630298017955624
547,1973-08-01,-0.0312,45.1,0.0069999999999999,-0.0312,40.3314327197954
548,1973-09-01,0.0543,45.2,0.0068,0.0543,42.52142951648029
549,1973-10-01,-0.0018,45.6,0.0065,-0.0018,42.44489094335063
550,1973-11-01,-0.1219,45.9,0.0056,-0.1219,37.270858737356185
551,1973-12-01,0.0125,46.2,0.0064,0.0125,37.73674447157314
552,1974-01-01,0.0046,46.6,0.0063,0.0046,37.91033349614237
553,1974-02-01,0.0011,47.2,0.0058,0.0011,37.95203486298813
554,1974-03-01,-0.0225,47.8,0.0056,-0.0225,37.098114078570894
555,1974-04-01,-0.0454,48.0,0.0075,-0.0454,35.41385969940378
556,1974-05-01,-0.0393,48.6,0.0075,-0.0393,34.02209501321721
557,1974-06-01,-0.0223,49.0,0.006,-0.0223,33.26340229442246
558,1974-07-01,-0.0735,49.4,0.0069999999999999,-0.0735,30.818542225782412
559,1974-08-01,-0.0875,50.0,0.006,-0.0875,28.12191978102645
560,1974-09-01,-0.1096,50.6,0.0081,-0.1096,25.039757373025953
561,1974-10-01,0.1661,51.1,0.0051,0.1661,29.19886107268556
562,1974-11-01,-0.0397,51.5,0.0054,-0.0397,28.039666288099944
563,1974-12-01,-0.0275,51.9,0.0069999999999999,-0.0275,27.268575465177197
564,1975-01-01,0.1424,52.1,0.0058,0.1424,31.15162061141843
565,1975-02-01,0.0599,52.5,0.0043,0.0599,33.017602686042395
566,1975-03-01,0.0307,52.7,0.0040999999999999,0.0307,34.03124308850389
567,1975-04-01,0.0467,52.9,0.0044,0.0467,35.620502140737024
568,1975-05-01,0.0563,53.2,0.0044,0.0563,37.625936411260525
569,1975-06-01,0.0524,53.6,0.0040999999999999,0.0524,39.59753547921058
570,1975-07-01,-0.0611,54.2,0.0048,-0.0611,37.17812606143081
571,1975-08-01,-0.0237,54.3,0.0048,-0.0237,36.2970044737749
572,1975-09-01,-0.0373,54.6,0.0053,-0.0373,34.943126206903095
573,1975-10-01,0.0587,54.9,0.0056,0.0587,36.994287715248305
574,1975-11-01,0.0305,55.3,0.0040999999999999,0.0305,38.122613490563374
575,1975-12-01,-0.0112,55.5,0.0048,-0.0112,37.69564021946907
576,1976-01-01,0.1263,55.6,0.0046999999999999,0.1263,42.456599579188016
577,1976-02-01,0.0066,55.8,0.0034,0.0066,42.73681313641065
578,1976-03-01,0.0272,55.9,0.004,0.0272,43.89925445372102
579,1976-04-01,-0.0107,56.1,0.0042,-0.0107,43.4295324310662
580,1976-05-01,-0.0097,56.5,0.0037,-0.0097,43.008265966484856
581,1976-06-01,0.0448,56.8,0.0043,0.0448,44.935036281783376
582,1976-07-01,-0.006,57.1,0.0046999999999999,-0.006,44.66542606409267
583,1976-08-01,-0.0014,57.4,0.0042,-0.0014,44.602894467602944
584,1976-09-01,0.0251,57.6,0.0044,0.0251,45.72242711873977
585,1976-10-01,-0.0201,57.9,0.0040999999999999,-0.0201,44.8034063336531
586,1976-11-01,0.0076,58.0,0.004,0.0076,45.14391222178887
587,1976-12-01,0.0605,58.2,0.004,0.0605,47.87511891120709
588,1977-01-01,-0.0369,58.5,0.0036,-0.0369,46.108527023383544
589,1977-02-01,-0.0159,59.1,0.0034999999999999,-0.0159,45.375401443711745
590,1977-03-01,-0.0099,59.5,0.0038,-0.0099,44.926184969419
591,1977-04-01,0.0053,60.0,0.0038,0.0053,45.16429374975693
592,1977-05-01,-0.0108,60.3,0.0037,-0.0108,44.67651937725955
593,1977-06-01,0.0511,60.7,0.004,0.0511,46.95948951743751
594,1977-07-01,-0.0127,61.0,0.0042,-0.0127,46.363104000566054
595,1977-08-01,-0.0131,61.2,0.0044,-0.0131,45.75574733815864
596,1977-09-01,0.0016,61.4,0.0043,0.0016,45.82895653389969
597,1977-10-01,-0.0389,61.6,0.0049,-0.0389,44.04621012473099
598,1977-11-01,0.045,61.9,0.005,0.045,46.02828958034388
599,1977-12-01,0.0076,62.1,0.0049,0.0076,46.378104581154496
600,1978-01-01,-0.0552,62.5,0.0049,-0.0552,43.81803320827476
601,1978-02-01,-0.0092,62.9,0.0046,-0.0092,43.414907302758635
602,1978-03-01,0.0338,63.4,0.0053,0.0338,44.882331169591886
603,1978-04-01,0.0842,63.9,0.0054,0.0842,48.66142345407152
604,1978-05-01,0.0227,64.5,0.0051,0.0227,49.766037766478945
605,1978-06-01,-0.0115,65.2,0.0054,-0.0115,49.19372833216443
606,1978-07-01,0.0567,65.7,0.0056,0.0567,51.983012728598155
607,1978-08-01,0.0431,66.0,0.0056,0.0431,54.22348057720073
608,1978-09-01,-0.0081,66.5,0.0062,-0.0081,53.784270384525406
609,1978-10-01,-0.1123,67.1,0.0068,-0.1123,47.74429682034321
610,1978-11-01,0.0341,67.4,0.0069999999999999,0.0341,49.372377341916916
611,1978-12-01,0.0166,67.7,0.0078,0.0166,50.19195880579274
612,1979-01-01,0.05,68.3,0.0077,0.05,52.701556746082375
613,1979-02-01,-0.0283,69.1,0.0073,-0.0283,51.21010269016824
614,1979-03-01,0.0649,69.8,0.0081,0.0649,54.533638354760164
615,1979-04-01,0.0074,70.6,0.008,0.0074,54.93718727858539
616,1979-05-01,-0.0139,71.5,0.0081999999999999,-0.0139,54.173560375413054
617,1979-06-01,0.0466,72.3,0.0081,0.0466,56.698048288907295
618,1979-07-01,0.0159,73.1,0.0077,0.0159,57.59954725670092
619,1979-08-01,0.063,73.8,0.0077,0.063,61.228318733873074
620,1979-09-01,0.0001,74.6,0.0083,0.0001,61.234441565746465
621,1979-10-01,-0.0723,75.2,0.0087,-0.0723,56.807191440542994
622,1979-11-01,0.062,75.9,0.0098999999999999,0.062,60.32923730985666
623,1979-12-01,0.0274,76.7,0.0095,0.0274,61.982258412146734
624,1980-01-01,0.0631,77.8,0.008,0.0631,65.89333891795319
625,1980-02-01,-0.0033,78.9,0.0089,-0.0033,65.67589089952395
626,1980-03-01,-0.1169,80.1,0.0121,-0.1169,57.99837925336959
627,1980-04-01,0.0523,81.0,0.0126,0.0523,61.031694488320824
628,1980-05-01,0.0607,81.8,0.0081,0.0607,64.73631834376191
629,1980-06-01,0.0367,82.7,0.0060999999999999,0.0367,67.11214122697797
630,1980-07-01,0.0702,82.7,0.0053,0.0702,71.82341354111182
631,1980-08-01,0.0244,83.3,0.0064,0.0244,73.57590483151496
632,1980-09-01,0.0294,84.0,0.0075,0.0294,75.73903643356151
633,1980-10-01,0.0201,84.8,0.0095,0.0201,77.2613910658761
634,1980-11-01,0.1055,85.5,0.0096,0.1055,85.41246782332601
635,1980-12-01,-0.0321,86.3,0.0131,-0.0321,82.67072760619725
636,1981-01-01,-0.04,87.0,0.0104,-0.04,79.36389850194935
637,1981-02-01,0.0164,87.9,0.0107,0.0164,80.66546643738131
638,1981-03-01,0.0477,88.5,0.0121,0.0477,84.5132091864444
639,1981-04-01,-0.0103,89.1,0.0108,-0.0103,83.64272313182403
640,1981-05-01,0.0126,89.8,0.0115,0.0126,84.696621443285
641,1981-06-01,-0.0101,90.6,0.0135,-0.0101,83.84118556670782
642,1981-07-01,-0.003,91.6,0.0124,-0.003,83.5896620100077
643,1981-08-01,-0.0576,92.3,0.0128,-0.0576,78.77489747823127
644,1981-09-01,-0.0593,93.2,0.0124,-0.0593,74.10354605777214
645,1981-10-01,0.0613,93.4,0.0121,0.0613,78.64609343111357
646,1981-11-01,0.0443,93.7,0.0107,0.0443,82.1301153701119
647,1981-12-01,-0.0278,94.0,0.0087,-0.0278,79.84689816282277
648,1982-01-01,-0.0244,94.3,0.008,-0.0244,77.89863384764989
649,1982-02-01,-0.0494,94.6,0.0092,-0.0494,74.050441335576
650,1982-03-01,-0.0089,94.5,0.0098,-0.0089,73.39139240768937
651,1982-04-01,0.044,94.9,0.0113,0.044,76.6206136736277
652,1982-05-01,-0.0293,95.8,0.0106,-0.0293,74.3756296929904
653,1982-06-01,-0.0213,97.0,0.0096,-0.0213,72.79142878052971
654,1982-07-01,-0.0214,97.5,0.0105,-0.0214,71.23369220462638
655,1982-08-01,0.119,97.7,0.0076,0.119,79.71050157697692
656,1982-09-01,0.018,97.9,0.0051,0.018,81.14529060536252
657,1982-10-01,0.1189,98.2,0.0059,0.1189,90.79346565834011
658,1982-11-01,0.053,98.0,0.0063,0.053,95.60551933823213
659,1982-12-01,0.0122,97.6,0.0067,0.0122,96.77190667415856
660,1983-01-01,0.0429,97.8,0.0069,0.0429,100.92342147047995
661,1983-02-01,0.0321,97.9,0.0062,0.0321,104.16306329968236
662,1983-03-01,0.0345,97.9,0.0063,0.0345,107.7566889835214
663,1983-04-01,0.0738,98.6,0.0070999999999999,0.0738,115.70913263050528
664,1983-05-01,0.0121,99.2,0.0069,0.0121,117.1092131353344
665,1983-06-01,0.0374,99.5,0.0067,0.0374,121.48909770659591
666,1983-07-01,-0.0333,99.9,0.0074,-0.0333,117.44351075296626
667,1983-08-01,0.0026,100.2,0.0076,0.0026,117.74886388092396
668,1983-09-01,0.0167,100.7,0.0076,0.0167,119.71526990773539
669,1983-10-01,-0.0268,101.0,0.0076,-0.0268,116.50690067420807
670,1983-11-01,0.0286,101.2,0.0069999999999999,0.0286,119.83899803349041
671,1983-12-01,-0.0105,101.3,0.0073,-0.0105,118.58068855413877
672,1984-01-01,-0.0116,101.9,0.0076,-0.0116,117.20515256691075
673,1984-02-01,-0.0411,102.4,0.0070999999999999,-0.0411,112.38802079641073
674,1984-03-01,0.0136,102.6,0.0073,0.0136,113.91649787924193
675,1984-04-01,0.003,103.1,0.0081,0.003,114.25824737287965
676,1984-05-01,-0.0519,103.4,0.0078,-0.0519,108.3282443342272
677,1984-06-01,0.0257,103.7,0.0075,0.0257,111.11228021361683
678,1984-07-01,-0.0192,104.1,0.0081999999999999,-0.0192,108.97892443351539
679,1984-08-01,0.1111,104.5,0.0083,0.1111,121.08648293807894
680,1984-09-01,0.0006,105.0,0.0086,0.0006,121.15913482784178
681,1984-10-01,0.0016,105.3,0.01,0.0016,121.35298944356634
682,1984-11-01,-0.0103,105.3,0.0073,-0.0103,120.1030536522976
683,1984-12-01,0.0248,105.3,0.0064,0.0248,123.08160938287457
684,1985-01-01,0.0864,105.5,0.0065,0.0864,133.71586043355495
685,1985-02-01,0.018,106.0,0.0058,0.018,136.12274592135896
686,1985-03-01,-0.0022,106.4,0.0062,-0.0022,135.82327588033195
687,1985-04-01,-0.0024,106.9,0.0072,-0.0024,135.49730001821914
688,1985-05-01,0.0575,107.3,0.0066,0.0575,143.28839476926674
689,1985-06-01,0.0182,107.6,0.0055,0.0182,145.89624355406738
690,1985-07-01,-0.0012,107.8,0.0062,-0.0012,145.7211680618025
691,1985-08-01,-0.0047,108.0,0.0055,-0.0047,145.03627857191205
692,1985-09-01,-0.0394,108.3,0.006,-0.0394,139.3218491961787
693,1985-10-01,0.0467,108.7,0.0065,0.0467,145.82817955364024
694,1985-11-01,0.0709,109.0,0.0060999999999999,0.0709,156.16739748399334
695,1985-12-01,0.0453,109.3,0.0065,0.0453,163.2417805900182
696,1986-01-01,0.0121,109.6,0.0056,0.0121,165.21700613515742
697,1986-02-01,0.0766,109.3,0.0053,0.0766,177.87262880511048
698,1986-03-01,0.0548,108.8,0.006,0.0548,187.62004886363053
699,1986-04-01,-0.0079,108.6,0.0052,-0.0079,186.13785047760786
700,1986-05-01,0.0511,108.9,0.0049,0.0511,195.6494946370136
701,1986-06-01,0.0155,109.5,0.0052,0.0155,198.6820618038873
702,1986-07-01,-0.0593,109.5,0.0052,-0.0593,186.9002155389168
703,1986-08-01,0.0653,109.7,0.0046,0.0653,199.10479961360804
704,1986-09-01,-0.0815,110.2,0.0045,-0.0815,182.877758445099
705,1986-10-01,0.0512,110.3,0.0046,0.0512,192.24109967748802
706,1986-11-01,0.0156,110.4,0.0039,0.0156,195.24006083245686
707,1986-12-01,-0.0278,110.5,0.0049,-0.0278,189.81238714131453
708,1987-01-01,0.1289,111.2,0.0042,0.1289,214.27920384383
709,1987-02-01,0.0482,111.6,0.0043,0.0482,224.6074614691026
710,1987-03-01,0.0211,112.1,0.0046999999999999,0.0211,229.34667890610064
711,1987-04-01,-0.0167,112.7,0.0044,-0.0167,225.51658936836876
712,1987-05-01,0.0049,113.1,0.0038,0.0049,226.62162065627373
713,1987-06-01,0.0442,113.5,0.0048,0.0442,236.63829628928104
714,1987-07-01,0.0431,113.8,0.0046,0.0431,246.83740685934902
715,1987-08-01,0.0399,114.4,0.0046999999999999,0.0399,256.68621939303705
716,1987-09-01,-0.0214,115.0,0.0045,-0.0214,251.19313429802608
717,1987-10-01,-0.2264,115.3,0.006,-0.2264,194.323008692953
718,1987-11-01,-0.0742,115.4,0.0034999999999999,-0.0742,179.9042414479359
719,1987-12-01,0.072,115.4,0.0039,0.072,192.8573468321873
720,1988-01-01,0.045,115.7,0.0029,0.045,201.53592743963569
721,1988-02-01,0.0521,116.0,0.0046,0.0521,212.0359492592407
722,1988-03-01,-0.0183,116.5,0.0044,-0.0183,208.1556913877966
723,1988-04-01,0.0102,117.1,0.0046,0.0102,210.2788794399521
724,1988-05-01,0.0022,117.5,0.0051,0.0022,210.74149297472
725,1988-06-01,0.0528,118.0,0.0049,0.0528,221.8686438037852
726,1988-07-01,-0.0074,118.5,0.0051,-0.0074,220.22681583963723
727,1988-08-01,-0.0272,119.0,0.0059,-0.0272,214.2366464487991
728,1988-09-01,0.0392,119.8,0.0062,0.0392,222.63472298959198
729,1988-10-01,0.0176,120.2,0.0060999999999999,0.0176,226.55309411420882
730,1988-11-01,-0.0172,120.3,0.0056999999999999,-0.0172,222.6563808954444
731,1988-12-01,0.0212,120.5,0.0063,0.0212,227.37669617042786
732,1989-01-01,0.0665,121.1,0.0055,0.0665,242.49724646576135
733,1989-02-01,-0.0164,121.6,0.0060999999999999,-0.0164,238.52029162372287
734,1989-03-01,0.0224,122.3,0.0067,0.0224,243.86314615609422
735,1989-04-01,0.05,123.1,0.0067,0.05,256.0563034638989
736,1989-05-01,0.0414,123.8,0.0079,0.0414,266.65703442730444
737,1989-06-01,-0.0064,124.1,0.0070999999999999,-0.0064,264.9504294069697
738,1989-07-01,0.079,124.4,0.0069999999999999,0.079,285.88151333012024
739,1989-08-01,0.0218,124.6,0.0074,0.0218,292.1137303207169
740,1989-09-01,-0.0011,125.0,0.0065,-0.0011,291.7924052173641
741,1989-10-01,-0.0299,125.6,0.0068,-0.0299,283.0678123013649
742,1989-11-01,0.0172,125.9,0.0069,0.0172,287.93657867294843
743,1989-12-01,0.0177,126.1,0.0060999999999999,0.0177,293.0330561154596
744,1990-01-01,-0.0728,127.4,0.0056999999999999,-0.0728,271.7002496302542
745,1990-02-01,0.0168,128.0,0.0056999999999999,0.0168,276.2648138240424
746,1990-03-01,0.0247,128.7,0.0064,0.0247,283.0885547254963
747,1990-04-01,-0.0267,128.9,0.0069,-0.0267,275.53009031432555
748,1990-05-01,0.091,129.2,0.0068,0.091,300.60332853292914
749,1990-06-01,-0.0046,129.9,0.0063,-0.0046,299.2205532216777
750,1990-07-01,-0.0122,130.4,0.0068,-0.0122,295.57006247237325
751,1990-08-01,-0.0949,131.6,0.0066,-0.0949,267.52046354374505
752,1990-09-01,-0.0552,132.7,0.006,-0.0552,252.75333395613032
753,1990-10-01,-0.0124,133.5,0.0068,-0.0124,249.6191926150743
754,1990-11-01,0.0692,133.8,0.0056999999999999,0.0692,266.8928407440374
755,1990-12-01,0.0306,133.8,0.006,0.0306,275.05976167080496
756,1991-01-01,0.0521,134.6,0.0052,0.0521,289.39037525385385
757,1991-02-01,0.0767,134.8,0.0048,0.0767,311.5866170358245
758,1991-03-01,0.0309,135.0,0.0044,0.0309,321.21464350223147
759,1991-04-01,0.0025,135.2,0.0053,0.0025,322.017680110987
760,1991-05-01,0.0412,135.6,0.0046999999999999,0.0412,335.2848085315596
761,1991-06-01,-0.0452,136.0,0.0042,-0.0452,320.1299351859331
762,1991-07-01,0.0473,136.2,0.0049,0.0473,335.2720811202277
763,1991-08-01,0.0278,136.6,0.0046,0.0278,344.59264497537004
764,1991-09-01,-0.0113,137.2,0.0046,-0.0113,340.6987480871484
765,1991-10-01,0.0171,137.4,0.0042,0.0171,346.5246966794386
766,1991-11-01,-0.038,137.8,0.0039,-0.038,333.3567582056199
767,1991-12-01,0.1122,137.9,0.0038,0.1122,370.7593864762905
768,1992-01-01,-0.0025,138.1,0.0034,-0.0025,369.8324880100998
769,1992-02-01,0.0137,138.6,0.0028,0.0137,374.8991930958382
770,1992-03-01,-0.0232,139.3,0.0034,-0.0232,366.2015318160147
771,1992-04-01,0.0139,139.5,0.0032,0.0139,371.2917331082573
772,1992-05-01,0.0058,139.7,0.0028,0.0058,373.44522516028525
773,1992-06-01,-0.0202,140.2,0.0032,-0.0202,365.9016316120475
774,1992-07-01,0.0408,140.5,0.0031,0.0408,380.83041818181897
775,1992-08-01,-0.0212,140.9,0.0026,-0.0212,372.75681331636446
776,1992-09-01,0.0145,141.3,0.0026,0.0145,378.1617871094517
777,1992-10-01,0.0125,141.8,0.0023,0.0125,382.8888094483198
778,1992-11-01,0.0436,142.0,0.0023,0.0436,399.58276154026663
779,1992-12-01,0.0181,141.9,0.0028,0.0181,406.8152095241454
780,1993-01-01,0.0116,142.6,0.0023,0.0116,411.53426595462554
781,1993-02-01,0.0034,143.1,0.0022,0.0034,412.93348245887137
782,1993-03-01,0.0255,143.6,0.0025,0.0255,423.4632862615726
783,1993-04-01,-0.0281,144.0,0.0024,-0.0281,411.56396791762245
784,1993-05-01,0.0311,144.2,0.0022,0.0311,424.3636073198605
785,1993-06-01,0.0056,144.4,0.0025,0.0056,426.7400435208517
786,1993-07-01,-0.001,144.4,0.0024,-0.001,426.31330347733086
787,1993-08-01,0.0396,144.8,0.0025,0.0396,443.19531029503315
788,1993-09-01,0.0014,145.1,0.0026,0.0014,443.81578372944625
789,1993-10-01,0.0163,145.7,0.0022,0.0163,451.0499810042362
790,1993-11-01,-0.0164,145.8,0.0025,-0.0164,443.6527613157667
791,1993-12-01,0.0188,145.8,0.0023,0.0188,451.9934332285031
792,1994-01-01,0.0312,146.2,0.0025,0.0312,466.09562834523234
793,1994-02-01,-0.0234,146.7,0.0021,-0.0234,455.1889906419539
794,1994-03-01,-0.0451,147.2,0.0027,-0.0451,434.65996716400184
795,1994-04-01,0.0095,147.4,0.0027,0.0095,438.78923685205984
796,1994-05-01,0.0089,147.5,0.0031,0.0089,442.6944610600432
797,1994-06-01,-0.0272,148.0,0.0031,-0.0272,430.65317171921
798,1994-07-01,0.031,148.4,0.0028,0.031,444.00342004250547
799,1994-08-01,0.0438,149.0,0.0037,0.0438,463.45076984036723
800,1994-09-01,-0.0194,149.4,0.0037,-0.0194,454.4598249054641
801,1994-10-01,0.0172,149.5,0.0038,0.0172,462.2765338938381
802,1994-11-01,-0.0367,149.7,0.0037,-0.0367,445.31098509993427
803,1994-12-01,0.013,149.7,0.0044,0.013,451.1000279062334
804,1995-01-01,0.0222,150.3,0.0042,0.0222,461.11444852575175
805,1995-02-01,0.0403,150.9,0.004,0.0403,479.6973608013396
806,1995-03-01,0.0265,151.4,0.0046,0.0265,492.40934086257505
807,1995-04-01,0.0255,151.9,0.0044,0.0255,504.96577905457076
808,1995-05-01,0.0344,152.2,0.0054,0.0344,522.3366018540479
809,1995-06-01,0.0319,152.5,0.0046999999999999,0.0319,538.999139453192
810,1995-07-01,0.0417,152.5,0.0045,0.0417,561.4754035683902
811,1995-08-01,0.0102,152.9,0.0046999999999999,0.0102,567.2024526847879
812,1995-09-01,0.0378,153.2,0.0043,0.0378,588.6427053962728
813,1995-10-01,-0.0105,153.7,0.0046999999999999,-0.0105,582.461956989612
814,1995-11-01,0.0438,153.6,0.0042,0.0438,607.9737907057571
815,1995-12-01,0.0152,153.5,0.0049,0.0152,617.2149923244846
816,1996-01-01,0.0269,154.4,0.0043,0.0269,633.8180756180132
817,1996-02-01,0.0172,154.9,0.0039,0.0172,644.7197465186431
818,1996-03-01,0.0112,155.7,0.0039,0.0112,651.9406076796519
819,1996-04-01,0.0252,156.3,0.0046,0.0252,668.3695109931791
820,1996-05-01,0.0278,156.6,0.0042,0.0278,686.9501833987895
821,1996-06-01,-0.0074,156.7,0.004,-0.0074,681.8667520416384
822,1996-07-01,-0.0552,157.0,0.0045,-0.0552,644.2277073289399
823,1996-08-01,0.0318,157.3,0.0040999999999999,0.0318,664.7141484220002
824,1996-09-01,0.0545,157.8,0.0044,0.0545,700.9410695109992
825,1996-10-01,0.0128,158.3,0.0042,0.0128,709.91311520074
826,1996-11-01,0.0666,158.6,0.0040999999999999,0.0666,757.1933286731092
827,1996-12-01,-0.0124,158.6,0.0046,-0.0124,747.8041313975627
828,1997-01-01,0.0544,159.1,0.0045,0.0544,788.4846761455901
829,1997-02-01,-0.001,159.6,0.0039,-0.001,787.6961914694446
830,1997-03-01,-0.046,160.0,0.0043,-0.046,751.4621666618501
831,1997-04-01,0.0447,160.2,0.0043,0.0447,785.0525255116347
832,1997-05-01,0.0723,160.1,0.0049,0.0723,841.811823106126
833,1997-06-01,0.0447,160.3,0.0037,0.0447,879.4408115989697
834,1997-07-01,0.0776,160.5,0.0043,0.0776,947.6854185790496
835,1997-08-01,-0.0374,160.8,0.0040999999999999,-0.0374,912.2419839241932
836,1997-09-01,0.0579,161.2,0.0044,0.0579,965.0607947934039
837,1997-10-01,-0.0338,161.6,0.0042,-0.0338,932.4417399293869
838,1997-11-01,0.0337,161.5,0.0039,0.0337,963.8650265650074
839,1997-12-01,0.018,161.3,0.0048,0.018,981.2145970431775
840,1998-01-01,0.0058,161.6,0.0043,0.0058,986.9056417060281
841,1998-02-01,0.0743,161.9,0.0039,0.0743,1060.232730884786
842,1998-03-01,0.0515,162.2,0.0039,0.0515,1114.8347165253524
843,1998-04-01,0.0116,162.5,0.0043,0.0116,1127.7667992370466
844,1998-05-01,-0.0267,162.8,0.004,-0.0267,1097.6554256974173
845,1998-06-01,0.0359,163.0,0.0040999999999999,0.0359,1137.0612554799548
846,1998-07-01,-0.0206,163.2,0.004,-0.0206,1113.637793617068
847,1998-08-01,-0.1565,163.4,0.0043,-0.1565,939.3534789159968
848,1998-09-01,0.0661,163.6,0.0046,0.0661,1001.4447438723442
849,1998-10-01,0.0745,164.0,0.0032,0.0745,1076.0523772908339
850,1998-11-01,0.0641,164.0,0.0031,0.0641,1145.0273346751762
851,1998-12-01,0.0654,163.9,0.0038,0.0654,1219.9121223629327
852,1999-01-01,0.0385,164.3,0.0034999999999999,0.0385,1266.8787390739058
853,1999-02-01,-0.0373,164.5,0.0034999999999999,-0.0373,1219.6241621064491
854,1999-03-01,0.0388,165.0,0.0043,0.0388,1266.9455795961792
855,1999-04-01,0.047,166.2,0.0037,0.047,1326.4920218371994
856,1999-05-01,-0.0212,166.2,0.0034,-0.0212,1298.370390974251
857,1999-06-01,0.0517,166.2,0.004,0.0517,1365.4961401876199
858,1999-07-01,-0.0311,166.7,0.0038,-0.0311,1323.0292102277847
859,1999-08-01,-0.0099,167.1,0.0039,-0.0099,1309.9312210465296
860,1999-09-01,-0.024,167.9,0.0039,-0.024,1278.492871741413
861,1999-10-01,0.0651,168.2,0.0039,0.0651,1361.7227576917787
862,1999-11-01,0.0373,168.3,0.0036,0.0373,1412.5150165536822
863,1999-12-01,0.0816,168.3,0.0044,0.0816,1527.7762419044625
864,2000-01-01,-0.0433,168.8,0.0040999999999999,-0.0433,1461.6235306299993
865,2000-02-01,0.0288,169.8,0.0043,0.0288,1503.7182883121432
866,2000-03-01,0.0567,171.2,0.0046999999999999,0.0567,1588.9791152594419
867,2000-04-01,-0.0594,171.3,0.0046,-0.0594,1494.593755813031
868,2000-05-01,-0.0392,171.5,0.005,-0.0392,1436.00568058516
869,2000-06-01,0.0504,172.4,0.004,0.0504,1508.380366886652
870,2000-07-01,-0.0203,172.8,0.0048,-0.0203,1477.760245438853
871,2000-08-01,0.0753,172.8,0.005,0.0753,1589.0355919203985
872,2000-09-01,-0.0494,173.7,0.0051,-0.0494,1510.5372336795308
873,2000-10-01,-0.022,174.0,0.0056,-0.022,1477.305414538581
874,2000-11-01,-0.1021,174.1,0.0051,-0.1021,1326.472531714192
875,2000-12-01,0.0169,174.0,0.005,0.0169,1348.8899175001616
876,2001-01-01,0.0367,175.1,0.0054,0.0367,1398.3941774724176
877,2001-02-01,-0.0967,175.8,0.0038,-0.0967,1263.1694605108348
878,2001-03-01,-0.0684,176.2,0.0042,-0.0684,1176.7686694118938
879,2001-04-01,0.0833,176.9,0.0039,0.0833,1274.7934995739045
880,2001-05-01,0.0104,177.7,0.0032,0.0104,1288.051351969473
881,2001-06-01,-0.0166,178.0,0.0028,-0.0166,1266.6696995267798
882,2001-07-01,-0.0183,177.5,0.003,-0.0183,1243.4896440254397
883,2001-08-01,-0.0615,177.5,0.0031,-0.0615,1167.015030917875
884,2001-09-01,-0.0897,178.3,0.0028,-0.0897,1062.3337826445418
885,2001-10-01,0.0268,177.7,0.0022,0.0268,1090.8043280194154
886,2001-11-01,0.0771,177.4,0.0017,0.0771,1174.9053417097123
887,2001-12-01,0.0175,176.7,0.0015,0.0175,1195.4661851896324
888,2002-01-01,-0.013,177.1,0.0014,-0.013,1179.9251247821671
889,2002-02-01,-0.0216,177.8,0.0013,-0.0216,1154.4387420868723
890,2002-03-01,0.0437,178.8,0.0013,0.0437,1204.8877151160689
891,2002-04-01,-0.0505,179.8,0.0015,-0.0505,1144.0408855027074
892,2002-05-01,-0.0124,179.8,0.0014,-0.0124,1129.8547785224737
893,2002-06-01,-0.0708,179.9,0.0013,-0.0708,1049.8610602030826
894,2002-07-01,-0.0803,180.1,0.0015,-0.0803,965.5572170687751
895,2002-08-01,0.0064,180.7,0.0014,0.0064,971.7367832580153
896,2002-09-01,-0.1021,181.0,0.0014,-0.1021,872.522457687372
897,2002-10-01,0.0798,181.3,0.0014,0.0798,942.1497498108243
898,2002-11-01,0.0608,181.3,0.0012,0.0608,999.4324545993225
899,2002-12-01,-0.0565,180.9,0.0011,-0.0565,942.9645209144608
900,2003-01-01,-0.0247,181.7,0.001,-0.0247,919.6732972478736
901,2003-02-01,-0.0179,183.1,0.0009,-0.0179,903.2111452271366
902,2003-03-01,0.0119,184.2,0.001,0.0119,913.9593578553396
903,2003-04-01,0.0832,183.8,0.001,0.0832,990.0007764289038
904,2003-05-01,0.0614,183.5,0.0009,0.0614,1050.7868241016383
905,2003-06-01,0.0152,183.7,0.001,0.0152,1066.7587838279835
906,2003-07-01,0.0242,183.9,0.0007,0.0242,1092.5743463966207
907,2003-08-01,0.0241,184.6,0.0007,0.0241,1118.9053881447792
908,2003-09-01,-0.0116,185.2,0.0008,-0.0116,1105.9260856422995
909,2003-10-01,0.0615,185.0,0.0007,0.0615,1173.9405399093012
910,2003-11-01,0.0142,184.5,0.0007,0.0142,1190.6104955760131
911,2003-12-01,0.0437,184.3,0.0008,0.0437,1242.640174232685
912,2004-01-01,0.0222,185.2,0.0007,0.0222,1270.2267861006505
913,2004-02-01,0.0146,186.2,0.0006,0.0146,1288.77209717772
914,2004-03-01,-0.0123,187.4,0.0009,-0.0123,1272.9202003824341
915,2004-04-01,-0.0175,188.0,0.0008,-0.0175,1250.6440968757415
916,2004-05-01,0.0123,189.1,0.0006,0.0123,1266.0270192673129
917,2004-06-01,0.0194,189.7,0.0008,0.0194,1290.587943441099
918,2004-07-01,-0.0396,189.4,0.001,-0.0396,1239.4806608808315
919,2004-08-01,0.0019,189.5,0.0011,0.0019,1241.835674136505
920,2004-09-01,0.0171,189.9,0.0011,0.0171,1263.0710641642393
921,2004-10-01,0.0154,190.9,0.0011,0.0154,1282.5223585523688
922,2004-11-01,0.0469,191.0,0.0015,0.0469,1342.6726571684746
923,2004-12-01,0.0359,190.3,0.0016,0.0359,1390.874605560823
924,2005-01-01,-0.026,190.7,0.0016,-0.026,1354.7118658162415
925,2005-02-01,0.0205,191.8,0.0016,0.0205,1382.4834590654746
926,2005-03-01,-0.0176,193.3,0.0021,-0.0176,1358.1517501859223
927,2005-04-01,-0.024,194.6,0.0021,-0.024,1325.55610818146
928,2005-05-01,0.0389,194.4,0.0024,0.0389,1377.1202407897188
929,2005-06-01,0.008,194.5,0.0023,0.008,1388.1372027160364
930,2005-07-01,0.0416,195.4,0.0024,0.0416,1445.8837103490237
931,2005-08-01,-0.0092,196.4,0.003,-0.0092,1432.5815802138127
932,2005-09-01,0.0078,198.8,0.0029,0.0078,1443.7557165394803
933,2005-10-01,-0.0175,199.2,0.0027,-0.0175,1418.4899915000394
934,2005-11-01,0.0392,197.6,0.0031,0.0392,1474.094799166841
935,2005-12-01,0.0007,196.8,0.0032,0.0007,1475.1266655262577
936,2006-01-01,0.0339,198.3,0.0034999999999999,0.0339,1525.133459487598
937,2006-02-01,0.0004,198.7,0.0034,0.0004,1525.7435128713928
938,2006-03-01,0.0183,199.8,0.0037,0.0183,1553.6646191569394
939,2006-04-01,0.0109,201.5,0.0036,0.0109,1570.59956350575
940,2006-05-01,-0.0314,202.5,0.0043,-0.0314,1521.2827372116694
941,2006-06-01,0.0005,202.9,0.004,0.0005,1522.0433785802752
942,2006-07-01,-0.0038,203.5,0.004,-0.0038,1516.2596137416701
943,2006-08-01,0.0245,203.9,0.0042,0.0245,1553.407974278341
944,2006-09-01,0.0225,202.9,0.0040999999999999,0.0225,1588.3596536996035
945,2006-10-01,0.0364,201.8,0.0040999999999999,0.0364,1646.175945094269
946,2006-11-01,0.0213,201.5,0.0042,0.0213,1681.2394927247772
947,2006-12-01,0.0127,201.8,0.004,0.0127,1702.5912342823817
948,2007-01-01,0.0184,202.416,0.0044,0.0184,1733.9189129931774
949,2007-02-01,-0.0158,203.499,0.0038,-0.0158,1706.5229941678854
950,2007-03-01,0.0111,205.352,0.0043,0.0111,1725.465399403149
951,2007-04-01,0.0393,206.686,0.0044,0.0393,1793.2761895996925
952,2007-05-01,0.0365,207.949,0.0040999999999999,0.0365,1858.7307705200815
953,2007-06-01,-0.0156,208.352,0.004,-0.0156,1829.7345704999684
954,2007-07-01,-0.0333,208.299,0.004,-0.0333,1768.8044093023195
955,2007-08-01,0.0134,207.917,0.0042,0.0134,1792.5063883869707
956,2007-09-01,0.0354,208.49,0.0032,0.0354,1855.9611145358695
957,2007-10-01,0.0212,208.936,0.0032,0.0212,1895.30749016403
958,2007-11-01,-0.0449,210.177,0.0034,-0.0449,1810.208183855665
959,2007-12-01,-0.006,210.036,0.0027,-0.006,1799.3469347525308
960,2008-01-01,-0.0615,211.08,0.0021,-0.0615,1688.6870982652504
961,2008-02-01,-0.0296,211.693,0.0013,-0.0296,1638.701960156599
962,2008-03-01,-0.0076,213.528,0.0017,-0.0076,1626.2478252594087
963,2008-04-01,0.0478,214.823,0.0018,0.0478,1703.9824713068085
964,2008-05-01,0.0204,216.632,0.0018,0.0204,1738.7437137214674
965,2008-06-01,-0.0827,218.815,0.0017,-0.0827,1594.949608596702
966,2008-07-01,-0.0062,219.964,0.0015,-0.0062,1585.0609210234024
967,2008-08-01,0.0166,219.086,0.0013,0.0166,1611.372932312391
968,2008-09-01,-0.0909,218.783,0.0015,-0.0909,1464.8991327651945
969,2008-10-01,-0.1715,216.573,0.0008,-0.1715,1213.6689314959638
970,2008-11-01,-0.0783,212.425,0.0003,-0.0783,1118.6386541598297
971,2008-12-01,0.0174,210.228,0.0,0.0174,1138.1029667422108
972,2009-01-01,-0.0812,211.143,0.0,-0.0812,1045.6890058427434
973,2009-02-01,-0.1009,212.193,0.0001,-0.1009,940.1789851532106
974,2009-03-01,0.0897,212.709,0.0002,0.0897,1024.5130401214537
975,2009-04-01,0.1019,213.24,0.0001,0.1019,1128.91091890983
976,2009-05-01,0.0521,213.856,0.0,0.0521,1187.7271777850322
977,2009-06-01,0.0044,215.693,0.0001,0.0044,1192.9531773672863
978,2009-07-01,0.0773,215.351,0.0001,0.0773,1285.1684579777773
979,2009-08-01,0.0334,215.834,0.0001,0.0334,1328.0930844742352
980,2009-09-01,0.0409,215.969,0.0001,0.0409,1382.4120916292313
981,2009-10-01,-0.0259,216.177,0.0,-0.0259,1346.607618456034
982,2009-11-01,0.0556,216.33,0.0,0.0556,1421.47900204219
983,2009-12-01,0.0276,215.949,0.0001,0.0276,1460.7118224985543
984,2010-01-01,-0.0336,216.687,0.0,-0.0336,1411.631905262603
985,2010-02-01,0.034,216.741,0.0,0.034,1459.6273900415315
986,2010-03-01,0.0632,217.631,0.0001,0.0632,1551.8758410921562
987,2010-04-01,0.0201,218.009,0.0001,0.0201,1583.0685454981085
988,2010-05-01,-0.0788,218.178,0.0001,-0.0788,1458.3227441128577
989,2010-06-01,-0.0556,217.965,0.0001,-0.0556,1377.2399995401827
990,2010-07-01,0.0694,218.011,0.0001,0.0694,1472.8204555082714
991,2010-08-01,-0.0476,218.312,0.0001,-0.0476,1402.7142018260777
992,2010-09-01,0.0955,218.439,0.0001,0.0955,1536.673408100468
993,2010-10-01,0.0389,218.711,0.0001,0.0389,1596.4500036755758
994,2010-11-01,0.0061,218.803,0.0001,0.0061,1606.1883486979968
995,2010-12-01,0.0683,219.179,0.0001,0.0683,1715.8910129140702
996,2011-01-01,0.02,220.223,0.0001,0.02,1750.2088331723517
997,2011-02-01,0.035,221.309,0.0001,0.035,1811.466142333384
998,2011-03-01,0.0047,223.467,0.0001,0.0047,1819.9800332023506
999,2011-04-01,0.029,224.906,0.0,0.029,1872.7594541652188
1000,2011-05-01,-0.0127,225.964,0.0,-0.0127,1848.9754090973204
1001,2011-06-01,-0.0175,225.722,0.0,-0.0175,1816.6183394381173
1002,2011-07-01,-0.0235,225.922,0.0,-0.0235,1773.9278084613218
1003,2011-08-01,-0.0598,226.545,0.0001,-0.0598,1667.8469255153348
1004,2011-09-01,-0.0759,226.889,0.0,-0.0759,1541.257343868721
1005,2011-10-01,0.1135,226.421,0.0,0.1135,1716.1900523978206
1006,2011-11-01,-0.0028,226.23,0.0,-0.0028,1711.3847202511067
1007,2011-12-01,0.0074,225.672,0.0,0.0074,1724.048967180965
1008,2012-01-01,0.0505,226.665,0.0,0.0505,1811.1134400236037
1009,2012-02-01,0.0442,227.663,0.0,0.0442,1891.1646540726472
1010,2012-03-01,0.0311,229.392,0.0,0.0311,1949.9798748143062
1011,2012-04-01,-0.0085,230.085,0.0,-0.0085,1933.4050458783847
1012,2012-05-01,-0.0618,229.815,0.0001,-0.0618,1813.9206140431006
1013,2012-06-01,0.0389,229.478,0.0,0.0389,1884.482125929377
1014,2012-07-01,0.0079,229.104,0.0,0.0079,1899.369534724219
1015,2012-08-01,0.0256,230.379,0.0001,0.0256,1947.9933948131593
1016,2012-09-01,0.0274,231.407,0.0001,0.0274,2001.36841383104
1017,2012-10-01,-0.0175,231.317,0.0001,-0.0175,1966.3444665889967
1018,2012-11-01,0.0079,230.221,0.0001,0.0079,1981.87858787505
1019,2012-12-01,0.0119,229.601,0.0001,0.0119,2005.4629430707632
1020,2013-01-01,0.0557,230.28,0.0,0.0557,2117.1672289998046
1021,2013-02-01,0.0129,232.166,0.0,0.0129,2144.478686253902
1022,2013-03-01,0.0403,232.773,0.0,0.0403,2230.901177309934
1023,2013-04-01,0.0155,232.531,0.0,0.0155,2265.4801455582387
1024,2013-05-01,0.028,232.945,0.0,0.028,2328.9135896338694
1025,2013-06-01,-0.012,233.504,0.0,-0.012,2300.9666265582628
1026,2013-07-01,0.0565,233.596,0.0,0.0565,2430.9712409588046
1027,2013-08-01,-0.0271,233.877,0.0,-0.0271,2365.091920328821
1028,2013-09-01,0.0377,234.149,0.0,0.0377,2454.2558857252175
1029,2013-10-01,0.0418,233.546,0.0,0.0418,2556.843781748532
1030,2013-11-01,0.0313,233.069,0.0,0.0313,2636.872992117261
1031,2013-12-01,0.0281,233.049,0.0,0.0281,2710.9691231957563
1032,2014-01-01,-0.0332,233.916,0.0,-0.0332,2620.964948305657
1033,2014-02-01,0.0465,234.781,0.0,0.0465,2742.83981840187
1034,2014-03-01,0.0043,236.293,0.0,0.0043,2754.634029620998
1035,2014-04-01,-0.0019,237.072,0.0,-0.0019,2749.400224964718
1036,2014-05-01,0.0206,237.9,0.0,0.0206,2806.0378695989907
1037,2014-06-01,0.0261,238.343,0.0,0.0261,2879.2754579955244
1038,2014-07-01,-0.0204,238.25,0.0,-0.0204,2820.5382386524157
1039,2014-08-01,0.0424,237.852,0.0,0.0424,2940.129059971278
1040,2014-09-01,-0.0197,238.031,0.0,-0.0197,2882.208517489844
1041,2014-10-01,0.0252,237.433,0.0,0.0252,2954.8401721305877
1042,2014-11-01,0.0255,236.151,0.0,0.0255,3030.188596519918
1043,2014-12-01,-0.0006,234.812,0.0,-0.0006,3028.370483362006
1044,2015-01-01,-0.0311,233.707,0.0,-0.0311,2934.1881613294477
1045,2015-02-01,0.0613,234.722,0.0,0.0613,3114.0538956189425
1046,2015-03-01,-0.0112,236.119,0.0,-0.0112,3079.1764919880106
1047,2015-04-01,0.0059,236.599,0.0,0.0059,3097.34363329074
1048,2015-05-01,0.0136,237.805,0.0,0.0136,3139.4675067034937
1049,2015-06-01,-0.0153,238.638,0.0,-0.0153,3091.43365385093
1050,2015-07-01,0.0154,238.654,0.0,0.0154,3139.0417321202344
1051,2015-08-01,-0.0604,238.316,0.0,-0.0604,2949.4436115001727
1052,2015-09-01,-0.0307,237.945,0.0,-0.0307,2858.8956926271176
1053,2015-10-01,0.0775,237.838,0.0,0.0775,3080.460108805719
1054,2015-11-01,0.0056,237.336,0.0,0.0056,3097.710685415031
1055,2015-12-01,-0.0216,236.525,0.0001,-0.0216,3030.800134610067
1056,2016-01-01,-0.0576,236.916,0.0001,-0.0576,2856.2260468565273
1057,2016-02-01,-0.0005,237.111,0.0002,-0.0005,2854.797933833099
1058,2016-03-01,0.0698,238.132,0.0002,0.0698,3054.0628296146497
1059,2016-04-01,0.0092,239.261,0.0001,0.0092,3082.160207647105
1060,2016-05-01,0.0179,240.229,0.0001,0.0179,3137.330875363988
1061,2016-06-01,-0.0003,241.018,0.0002,-0.0003,3136.389676101379
1062,2016-07-01,0.0397,240.628,0.0002,0.0397,3260.9043462426043
1063,2016-08-01,0.0051,240.849,0.0002,0.0051,3277.534958408442
1064,2016-09-01,0.0027,241.428,0.0002,0.0027,3286.3843027961443
1065,2016-10-01,-0.02,241.729,0.0002,-0.02,3220.656616740221
1066,2016-11-01,0.0487,241.353,0.0001,0.0487,3377.50259397547
1067,2016-12-01,0.0184,241.432,0.0003,0.0184,3439.6486417046185
1068,2017-01-01,0.0198,242.839,0.0004,0.0198,3507.75368481037
1069,2017-02-01,0.0361,243.603,0.0004,0.0361,3634.383592832024
1070,2017-03-01,0.002,243.801,0.0003,0.002,3641.6523600176884
1071,2017-04-01,0.0114,244.524,0.0005,0.0114,3683.16719692189
1072,2017-05-01,0.0112,244.733,0.0006,0.0112,3724.4186695274157
1073,2017-06-01,0.0084,244.955,0.0006,0.0084,3755.7037863514456
1074,2017-07-01,0.0194,244.786,0.0007,0.0194,3828.5644398066643
1075,2017-08-01,0.0025,245.519,0.0009,0.0025,3838.1358509061806
1076,2017-09-01,0.026,246.819,0.0009,0.026,3937.9273830297416
1077,2017-10-01,0.0234,246.663,0.0009,0.0234,4030.074883792638
1078,2017-11-01,0.032,246.669,0.0008,0.032,4159.037280074002
1079,2017-12-01,0.0115,246.524,0.0009,0.0115,4206.866208794854
1080,2018-01-01,0.0569,247.867,0.0012,0.0569,4446.236896075281
1081,2018-02-01,-0.0354,248.991,0.0011,-0.0354,4288.840109954216
1082,2018-03-01,-0.0224,249.554,0.0011,-0.0224,4192.770091491242
1083,2018-04-01,0.0042,250.546,0.0014,0.0042,4210.379725875505
1084,2018-05-01,0.0279,251.588,0.0014,0.0279,4327.849320227432
1085,2018-06-01,0.0062,251.989,0.0014,0.0062,4354.681986012842
1086,2018-07-01,0.0335,252.006,0.0016,0.0335,4500.563832544272
1087,2018-08-01,0.036,252.146,0.0016,0.036,4662.5841305158665
1088,2018-09-01,0.0021,252.439,0.0015,0.0021,4672.37555718995
1089,2018-10-01,-0.0749,252.885,0.0019,-0.0749,4322.414627956423
1090,2018-11-01,0.0187,252.038,0.0018,0.0187,4403.243781499207
1091,2018-12-01,-0.0937,251.233,0.002,-0.0937,3990.6598391727316
