,1980,1981,1982,1983,1984,1985,1986,1987,1988,1989,1990,1991,1992,1993,1994,1995,1996,1997
0,100.0,100.0,100.0,100.0,100.0,100.0,100.0,100.0,100.0,100.0,100.0,100.0,100.0,100.0,100.0,100.0,100.0,100.0
1,95.70020006862791,99.10983182005451,100.54992606017348,101.68719890170073,101.50882323725934,98.0614141314521,104.20537357613384,104.25164379368559,96.33176611096584,101.8494794839023,97.7143428780206,101.99491705891998,94.64438061831365,96.88927303679394,97.68204703990173,97.60745231384689,98.31988334290868,98.97319152871536
2,93.63175243934263,99.57958084212275,99.87600811113234,99.98002311674892,102.29678488283042,98.29197928835858,110.82984217687566,113.95506658241048,98.54295940064607,105.99391497268338,96.11169141182839,99.02086540301892,93.26378810013784,97.49092578764886,94.2437827715055,99.27739603138039,98.6518306485257,98.87199602028349
3,98.42610528976462,105.83952778338247,97.37477119708161,104.49293264920368,103.54169939213821,98.05785252892856,112.0373102879811,106.72358663469102,98.5071093037959,102.20251345648317,85.53997022294006,98.60538016139539,93.70209280548443,100.9573005665066,96.04575043212911,97.0002606756942,104.25482983872385,100.46842177299524
4,96.09875833281475,105.93331376353767,94.02840443364293,102.76647712628781,101.91402605107768,97.55100759278312,118.46827580138964,109.03932205585029,103.11066121490337,101.11341606139162,91.07617114286487,95.93948438312565,89.8724481659436,102.93340680088919,98.2230072857955,96.22770796483698,99.59076994139153,103.57266069060596
5,94.45488187759537,112.83241016194725,97.20847994467869,101.68088526017343,103.337722587261,98.83956344710757,122.4345352054131,113.24075784644616,101.7262228516173,96.86593748494245,86.23232098446029,94.91571025186987,88.46765338504933,102.40604534026758,97.42394865267588,97.36344613376374,95.2060088980139,103.5316067757794
6,94.52019017418316,111.47443977860623,97.65135727146226,102.93660744009203,104.440033748254,99.11027315857925,129.86865826648034,123.24690243885846,102.86215951326913,99.54262245675149,83.66534485606934,102.78276467481855,84.85689279401616,101.42973212479565,96.81756370058662,99.35528159403219,94.84687055267528,102.20334516333868
7,93.43831358618128,107.98930408392009,96.41606609834736,100.47545094512648,104.7289103636801,98.73822611262035,128.20897539362153,120.42243690247993,98.72159489717511,103.33784100288084,78.93378294386389,100.00581490623803,89.13589416504892,96.55093079669037,96.82140469055912,97.92542772670434,92.31187624484096,100.12371871360276
8,91.73152460497982,104.28510725665016,95.29216443888886,100.06334572932774,102.98440648680258,98.82856978301918,125.05048586982635,121.40272675929285,99.75265294163945,101.04683776689657,78.09743382703833,101.10334604443578,85.04751038252377,100.03269450268523,102.5008521406513,100.98979438114037,92.72653137227867,95.6569553771586
9,87.99742745469649,100.69308226868208,95.364926500664,101.8994540577896,102.02771818210725,99.44018359749838,123.4024753552607,124.04557410379762,104.06348780500913,98.42373638736903,83.69779965187469,100.55786655933643,92.67818472531519,101.46200054556647,105.65551927028365,101.86152645715497,90.99689745744337,80.64180294400988
10,88.6295145640062,106.57232506146141,98.05001951361517,100.72109698084451,104.66522377479042,103.59890547155659,130.27424875476748,120.91585729833963,110.30671001174528,99.2207107216264,84.27270191432713,97.17569888306457,97.3248067563037,106.31111166455183,104.20328760740512,99.1247206006077,89.71620357568487,75.35580670220214
11,86.42691432063161,106.02588918018587,99.18570970978644,102.13656997547164,107.48915041305511,108.01410808984038,132.13074096338366,126.20287370205088,114.51291390244367,99.77718338307314,83.97343490805248,94.09398618547861,98.44865704002707,109.40735135427406,102.0087756990425,96.04150166260503,84.24973804484091,70.32784824636059
12,78.44792777336679,97.01581448455426,88.10266412338753,96.30151001812841,99.60101743753648,99.80820846361229,132.66801912532028,131.2772760129381,106.7549751896265,90.55982602794073,72.43603919318525,91.82131925166175,91.44735475697537,106.13503431340858,89.78317263078048,88.5398054444162,79.23299061304209,74.53937415335548
13,77.74960928250165,97.54932973089436,89.58913130484642,97.75452957911357,97.67016618856246,104.00551648915359,138.3085907266676,126.4617184856306,108.72938655380364,88.48993891468095,73.88107809585608,86.90371888129965,88.60267723541143,103.6748741438396,87.63506741144789,87.05223342498834,78.41941955337522,72.774410632063
14,78.11811765604986,96.89552274367449,88.08506395703452,98.51334854216222,97.89981143069778,110.61727991978853,151.1819295278238,129.36451280370372,113.15377763160195,87.03858053506302,71.72679287276202,85.6360406176209,89.15287276089082,100.02567118279156,89.13439586219788,87.34613892355962,78.33923932567856,68.27152855705316
15,83.02891631118037,94.46892737931985,92.06105748460544,99.71222001306039,97.66661879621196,111.8224322092523,141.58806832773965,129.31744977311078,109.10626788364328,77.46484821824681,71.42583182029767,86.03849778041223,92.32278080211917,101.93819017771095,87.08991149476559,92.30702350561324,79.60413519246885,63.664844756354114
16,83.10248946915408,91.22242240812942,90.54000417401122,98.14474600745655,97.16179608298044,118.24106367509808,144.66030863917507,135.36086732185422,107.94360222972247,82.47842213988798,69.49476250950075,82.52206754973528,94.12987768064973,104.24902248644081,86.39628916071288,88.17747394670417,82.06371652266577,56.95022911307822
17,88.51468762879338,94.30759856638458,89.58356881845762,99.51578726987688,98.44521082413851,122.19971612927345,150.23427027738083,133.54341435045413,103.40920752924943,78.09183986338265,68.75318107853461,81.23216644913967,93.64761957490352,103.40094133199504,87.41599092155404,84.29521504969506,82.03118827818497,53.815006637929464
18,87.44938800328629,94.7372596121311,90.68989351295421,100.57732956301153,98.71484045106655,129.6195811715049,163.50922409894957,135.03464105710296,106.26670190680862,75.76719074733305,74.45176370369094,77.91671843943394,92.75480696521166,102.75735445502376,89.204323991368,83.97723465745595,80.9787668794832,57.748023379378054
19,84.7153712707151,93.53883181927787,88.52154907264381,100.85552210575611,98.34427780794516,127.96308142992712,159.76206162095886,129.5990206175391,110.31828652412115,71.48229651123548,72.4402512809469,81.8457539491129,88.29327220681122,102.76143109104905,87.92055582529716,81.73275562927242,79.33101664977758,54.74879015486269
20,81.80950561907504,92.4484694703488,88.15847339853366,99.17553852999824,98.43426102285281,124.81064962171627,161.06259275567896,130.95256553242422,107.8725265879526,70.72490020605203,73.23525936636923,78.09174602392731,91.47725301483194,108.78931459101638,90.67184142868953,82.09989047237106,75.79186647470597,54.59846708783249
21,78.99163645091255,92.51906017721569,89.77613375209994,98.25423324640981,99.04343460486264,123.16579985183635,164.56880597613952,136.61171211447194,105.07223536103922,75.79658175395207,72.84013563275185,85.09833187327649,92.78431558242845,112.1375216315255,91.4545101433756,80.56847596927524,63.89491215681529,60.33254472802704
22,83.60378059061294,95.12402503339813,88.73796977442485,100.7941909589763,103.18556390382199,130.02439377156313,160.41667268610618,144.80764416291,105.92304511384339,76.3172122426597,70.39022732918835,89.36492152276851,97.21869942996693,110.59619505781917,88.99731901662244,79.43455209802774,59.706659250738014,65.47920890584162
23,83.17511296514216,96.22582412723489,89.98503919263845,103.51367495342936,107.58315063356136,131.8773253852495,167.43085261974065,150.32943405416913,106.51710736550793,76.04619656241834,68.15795671174362,90.39685567969686,100.05012872315349,108.26704909086669,86.22910723493058,74.59455415233242,55.72285739939341,72.8511570952905
24,74.78869591813313,85.34904007512988,84.12127640738099,95.74256892157373,99.44904356050137,132.46967124102562,176.59410761905195,142.2371833098053,97.18225248443093,65.0692392198505,64.67462912158678,83.4969112213543,96.5407214336796,95.73490746367996,78.89087785476025,69.44909785319322,57.50841885364446,67.04329307749649
25,75.19997844705082,86.78904814188958,85.39051777329472,93.88651701027536,103.63124736011251,138.1018097968604,170.11622271733245,144.8678308336006,94.96099940922053,66.36731657315677,61.21090214931731,80.8995502905474,94.30295292350739,93.44440415031688,77.56541907499687,68.73598863320586,56.146718911878544,63.699242332204065
26,74.69596400140472,85.33198999703815,86.05336116714973,94.1072660145357,110.21921802451598,150.95590206421105,174.02105977497558,150.7627591369348,93.40350661490017,64.43212378665658,60.318009058506746,81.40191175378955,90.98362779400122,95.04312322299313,77.82729521841335,68.66570926553199,52.67266736047339,69.20899814698961
27,72.82532153156322,89.18371496244728,87.10059914256013,93.88310704052456,111.42003351230841,141.37638435160636,173.95775061636243,145.3699764123264,83.12966983716464,64.16177070086138,60.6014810011121,84.29622762549182,92.72326037356886,92.8631097974042,82.24755046575577,69.77441254868634,49.11853097891681,75.86693309811147
28,70.32261746854962,87.71020174631452,85.73137955231734,93.39784067820996,117.81556720709885,144.44403145082805,182.0873520325625,143.82087495404772,88.50987459321136,62.42709259954713,58.12467253381433,85.94621529365394,94.82519984756262,92.12350717455692,78.56803266907845,71.93027847217472,43.9380886524184,75.24383382758596
29,72.70095447246516,86.7836595094522,86.92901125072244,94.63153715512952,121.75997424952865,150.00965963003316,179.64251545938163,137.77938106521896,83.80251190230308,61.76093056100937,57.21612671935156,85.50588476306308,94.05378287847081,93.21080505960866,75.10885619012429,71.90176689869423,41.5192101825071,82.67393383677468
30,73.03217664968366,87.85540633602324,87.85628946933079,94.8907215872127,129.1531385308707,163.26476647550336,181.64851267014333,141.586622375197,81.30786667999513,66.87996302303367,54.88088069863244,84.69069338429811,93.46837447105855,95.11768689432544,74.82552879677358,70.97930119172389,44.553600753861794,86.94601533012796
31,72.10831849051922,85.75483289282344,88.09929616546964,94.53451418781482,127.50259978767514,159.52320626514665,174.33651953596186,146.98483433566275,76.70962823601847,65.07302293510094,57.648308965455485,80.61704497070379,93.47208259048821,93.74881761757327,72.82564953375488,69.5350193836659,42.23964034737466,84.7371156890643
32,71.26776709600799,85.40310504703969,86.63179723726402,94.62101153871268,124.36151216530217,160.82179301567587,176.15730728861814,143.72617586326226,75.89684532565374,65.78717809692716,55.00416191704023,83.52421012123568,98.95506213225391,96.68248619854546,73.15277460386027,66.43289254326824,42.12366349620937,79.77855728737131
33,71.32218489313273,86.97020588012137,85.82701882411416,95.20658631657433,122.72258147079017,164.32276420434343,183.76998764651674,139.99515034566164,81.339406981598,65.43223874587267,59.939272247716666,84.71763651894166,102.00060053803215,97.51703809484926,71.78825122477303,56.00500463716467,46.5476037615675,79.15247078807603
34,73.33033094170784,85.96448942629138,88.0457221939953,99.18825347310106,129.55649439224462,160.17683864137814,194.79515018917692,141.12874419041142,81.89810994983324,63.23148796978286,62.944457812940435,88.76649452498569,100.59860561380086,94.89695954062314,70.77790057882154,52.33392793467551,50.518344361399656,86.47174808550402
35,74.1796988290944,87.17258203972837,90.42124532691162,103.41548188293852,131.40275813748863,167.18053188983347,202.2230584145936,141.92025522994237,81.6072755321928,61.22624096252214,63.67130381582044,91.35175902991342,98.48000798551958,91.94524274342363,66.4653579339109,48.842056146660205,56.20593013819959,88.06845127156912
36,64.43405408498725,81.35249762765503,82.88641595661744,95.4116114009536,132.03696085373215,176.3908866087876,193.61668820799295,131.69055387036033,70.34312249564022,57.46933252091342,56.954882130512075,87.62609028722495,86.58599374137323,84.61466335162852,61.221493965761184,49.52540322277917,50.29670566235173,77.89570546018055
37,65.52118473783042,82.57996301595195,81.27959160993663,99.4240260953728,137.65070210524095,169.92045632903628,197.19758913381082,128.68055934684827,71.74640944608274,54.391493809897604,55.183171255216,85.59495873359386,84.51438255158132,83.19303829831607,60.59286647947374,48.3527272906514,47.787957533563926,72.68703856922365
38,64.42118216922877,83.22098949497199,81.47069880494116,105.74453833409075,150.46280665426178,173.8207997773373,205.22190787210553,126.57001875440832,69.65436864668865,53.59807650486831,55.5258418703004,82.58214218145557,85.96031991432936,83.47391439346873,60.530913077385485,45.360925267056764,51.92144432645415,73.80792379810894
39,67.32903273817719,84.23375854162295,81.27663952525424,106.89660311604912,140.9145803065459,173.7575634736531,197.881121819771,112.64806056713105,69.36210335422209,53.84996729343874,57.50011153980061,84.1611359907002,83.98863963777231,88.21487329584933,61.50826877324976,42.30015536737824,56.91630927392289,67.85061154767328
40,66.21660745278832,82.9096056254507,80.85653392322565,113.03249094103178,143.97220697805804,181.8778095051514,195.77244751203528,119.938714221956,67.4868290213077,51.649096081171685,58.62560051636693,86.06898104707871,83.31971719590068,84.26839471520324,63.40873021487763,37.83883474326015,56.448852513232126,68.58320272918928
41,65.51711660263396,84.06781831627428,81.92457168847437,116.81676295075243,149.51965510818178,179.43578640159882,187.5486201599703,113.55982111970269,66.76667433007975,50.84176989730311,58.325242418068136,85.36879720777343,84.30310737576599,80.55824391957593,63.383596394889366,35.75573223484082,62.02300521441322,72.25251367010141
42,66.3262293111999,84.96457597737049,82.14895326595972,123.90977955684657,162.73146432663304,181.43947515040077,192.73112895614807,110.17935603850471,72.30060605961322,48.76668988670816,57.769184376971495,84.83744578216753,86.02775790273249,80.25436021770103,62.57041479197946,38.36890469858379,65.2279734606537,66.61113512300481
43,64.74040640411762,85.19958431908185,81.84057680389193,122.32624938370633,159.00212587203782,174.13589651346277,200.0793054154193,103.94833594960235,70.34721288225825,51.22580341320141,54.99046883116726,84.84081149150879,84.7897047226572,78.10938331814408,61.297236410543995,36.376156080951446,63.570829696014464,65.53776505188073
44,64.47487030648281,83.7803868440307,81.91545943432918,119.31268363312306,160.29647080653098,175.95458893954466,195.6435408231686,102.8469431653649,71.11925055522848,48.876236542490936,56.973503245979586,89.81748924194204,87.4430170422799,78.46024235829574,58.56261716405802,36.27627852505677,59.85085800322712,61.027799212637404
45,65.65794933990287,83.00209701364938,82.42240420464654,117.74029024511883,163.7860061202186,183.55850877528314,190.5647788037892,110.22209593885826,70.73554325283646,53.26153415413777,57.78756281798688,92.58180070921512,88.19781492305947,76.99671844404227,49.370116523248036,40.08611071733006,59.381160186656146,55.8016935047821
46,64.89868610362981,85.14777368836621,85.86941971565724,124.29675997741035,159.65362316696334,194.5709837787018,192.10785411564603,110.97918791249512,68.3564209013086,55.93191682011658,60.54936834018255,91.30926688112147,85.8281243753959,75.91306362742742,46.13395065303935,43.50565403324379,64.87217232211816,55.91621726258778
47,65.81073273854624,87.4451085397672,89.5290229231754,126.0680691091842,166.63443894626195,201.99034411407797,193.1852780535221,110.5850815343808,66.18864796348201,56.57778607670679,62.31282800594198,89.38630189493576,83.15848861870407,71.28763222127098,43.055759370395336,48.40371912658291,66.0700387527964,55.51209831792685
48,59.888587802920036,80.0128753645982,81.80844249753517,126.4683686517676,175.8623628506112,193.45009568555048,181.63027048779838,97.56264406741398,62.74439170071416,49.95716568897255,57.706047680687035,78.0889527857041,75.97982589710452,66.20757833241943,42.8237994286325,42.48106167708403,56.96421883837183,53.54347606149354
49,60.79220073215696,78.46175706976126,85.24879312137317,131.8453531985259,169.41132005846885,197.02791551684408,177.47882527472356,99.50893789704823,59.38404089786952,48.403134665832155,56.36844864031683,76.22063735268853,74.70327618617829,65.52775330946974,41.809805889068016,40.36214985994136,53.155181627914494,51.57603853804233
50,61.264099834118134,78.64623888139104,90.66816770737832,144.11711370281014,173.29997682489466,205.04532993551706,174.56792508170193,96.60737446562045,58.517796520474555,48.70370332744901,54.38436222220807,77.5246789138211,74.95548917105623,65.46075421395581,39.22284401795972,43.853330943827316,53.974871893170004,48.641951334033095
51,62.00966155309621,78.45890732917312,91.6559785627281,134.97157898354965,173.23692999748974,197.71086007460428,155.36647929110822,96.20201607818264,58.79280814163985,50.43540591912373,55.424206539638085,75.74648776105272,79.21263820078491,66.51770904470136,36.57624676177139,48.07203996478316,49.6183590826428,50.90162228876605
52,61.03487097509045,78.05336612212328,96.91705128680121,137.90025179298092,181.33284516341777,195.60400012169086,165.42189599671565,93.60109766882107,56.38992090826096,51.422612584824364,56.68061541774585,75.14320943942676,75.66889361105513,68.57295045770393,32.718616391057296,47.677221671601416,50.154094450034414,52.50514345568572
53,61.88750272520973,79.08437671184711,100.16178633064482,143.213739097299,178.89813914553255,187.3872487513266,156.62399785198176,92.60227655708975,55.508490968345455,51.15915774616183,56.21951026192118,76.03009548192918,72.33735980429276,68.54576965488661,30.917392005088022,52.38520247428063,52.83741864858088,51.68136514071501
54,62.547661312722425,79.30097933588681,106.24352662025403,155.86834692825994,180.89582419919984,192.56529839049193,151.96159216662807,100.27758286234092,53.2429411997326,50.671419335465174,55.86958947234004,77.58549893406715,72.06448711477474,67.66635980737048,33.17695913988488,55.09214822646633,48.71194446218712,49.21389638013886
55,62.720665438193976,79.00329379670606,104.8857659115699,152.2962914412706,173.6141294299805,199.90715229945494,143.36764346719167,97.56831724368985,55.92777458085231,48.23410847234783,55.87180595584498,76.46894102270494,70.13840285318072,66.28948949663985,31.453862273226335,53.69250931281619,47.92700147637222,49.24783740190369
56,61.67590670216483,79.07558036510206,102.30185482570529,153.53604803124063,175.4273724693368,195.47520434728432,141.8485803040791,98.63909764157877,53.36254304611625,49.9734989358502,59.14919060939473,78.86187285266834,70.45345709708131,63.33215366173979,31.367499797754594,50.55058689787373,44.62891617754191,46.194447908984145
57,61.1029595868071,79.56495016419397,100.95364309154351,156.87841395379237,183.0085085186466,190.40081221865933,152.0205399000356,98.10691343307052,58.150363245163206,50.68753972389488,60.96962432738735,79.54259930192524,69.13928425993215,53.390984852830684,34.66179886534132,50.15387578821792,40.80712616413847,48.88456902624942
58,62.682524439488084,82.89246311404445,106.5753338816399,152.92031216650946,193.98798660942686,191.94255983086953,153.06473643436846,94.80718122130627,61.06585797313833,53.11001820004878,60.13159883157263,77.40545626876964,68.16621527829719,49.89125475038708,37.61862157790951,54.79163530197435,40.89087604949217,53.642030913393036
59,64.37373422373528,86.42519368210631,108.0941012425969,159.6067155626344,201.3851161579234,193.01905672690216,152.52117696139106,91.80058083098018,61.77101099728731,54.65681179197105,58.86523274337454,74.99780288799283,64.01280428523673,46.562365217214264,41.85389768867652,55.80336434172818,40.59534858922461,55.58994475994664
60,57.30773538027664,78.81674575823361,107.54446020172273,168.2200269058592,192.91450542223768,181.5317552924577,136.92611690906168,89.68725361210907,55.191054608708356,49.866457094568986,49.426303034705356,67.9641599123943,58.85035909902565,47.00786500487333,35.92970533450492,47.22764943718884,37.34466332813168,50.886423537933744
61,56.19677572060977,82.13128435791896,112.11686756934198,162.04932287075616,196.48241962149356,177.38256179896146,139.6576793733973,84.8839456747568,53.47421159171748,48.71057607624929,48.2437551650975,66.82228274085398,58.24607862641541,45.89480002559475,34.13756845717248,44.06966925704972,35.972445882853464,53.022319587333754
62,56.328907390608876,87.35247493279964,122.5523612285671,165.76899281759677,204.4776368472193,174.47324046116245,135.5854259261023,83.64573016163067,53.80627008999661,46.99603550005158,49.06914660743464,67.0478879384684,58.18652470631116,43.05508108350329,37.09034559270921,44.7492545350363,33.92602478977272,55.101835003738564
63,56.19473464686029,88.30416200404139,114.77530515419636,165.7086857750296,197.1634733636704,155.28220942234876,135.01651811841694,84.03883361430864,55.71939888713848,47.89461293039445,47.94364278602274,70.85591926798482,59.12602699453136,40.149900128027696,40.65845255687033,41.13737564018158,35.50206462215012,53.1699432551915
64,55.90427329206572,93.37283974254426,117.26575031258221,173.45278203851979,195.06244651036312,165.33217212880547,131.36621054838957,80.60413051400111,56.81003275808267,48.980333785166565,47.56179854205163,67.68603014095201,60.95288274483699,35.915363021916036,40.324522462502074,41.58154081330655,36.62046339867659,51.54162690801042
65,56.64271547128904,96.49891633312545,121.78416175430051,171.1238794513049,186.86844422169065,156.53904591251708,129.96439638454154,79.3442086561308,56.51897640636572,48.58187155472151,48.12315193110619,64.70596413365448,60.928722368537336,33.93815142675531,44.30644655485638,43.80621969347954,36.0459074286035,49.84339395667332
66,56.79785307638794,102.35825020552107,132.54521594321417,173.03475240916913,192.03215779676742,151.87916908871063,140.73644852100776,76.1058166475248,55.980138846462566,48.27948886276,49.1076425616512,64.4618787743218,60.14703563984148,36.4184877878247,46.59593178410591,40.385889306960976,34.324936043955816,49.1889631071846
67,56.58464133979968,101.05014217522697,129.50765972853222,166.06949349792123,199.35368488472596,143.2898816967347,136.93407903437532,79.94353545922857,53.28747694121759,48.281404228376644,48.400918656232285,62.738991189175195,58.923168006253555,34.527037099681216,45.412142778915296,39.735112153895294,34.34860869511811,49.53793020559718
68,56.636415251364646,98.56072351745689,130.5619071634539,167.80393961773416,194.9340073228194,141.7716424645883,138.43688580377733,76.27677632755889,55.20909904953941,51.113543454285434,49.9155218049483,63.02080806307189,56.29446174265256,34.43223664660072,42.754762240479856,37.00074978601917,32.2189785139962,46.10323726777301
69,56.9869172777156,97.26181526012275,133.4041430740571,175.0556271847618,189.87366426978,151.93808484921266,137.68998192629525,83.12051857769237,55.99794812819155,52.68666418496003,50.346386742490004,61.84527690329421,47.457990616478455,38.04840260854145,42.41923123654201,33.83219656688885,34.09524196989867,46.723607666128544
70,59.37018660450257,102.67792342949393,130.03830602978474,185.55797726072592,191.4111433650548,152.98171501745864,133.05891105982275,87.28794626302117,58.67422369390772,51.962487705876946,48.99368478636138,60.97486406550762,44.34716284621361,41.29411935414192,46.34176344649979,33.9016315614617,37.413401819433865,48.95244495003775
71,61.900439237491675,104.14115017358034,135.72419928193253,192.63365457737405,192.48465984769481,152.43845036795707,128.83924152872478,88.29589671720454,60.383071031878835,50.8681623666581,47.46976365084076,57.25962669056892,41.38819123960103,45.94319977973783,47.19746537205514,33.656616926359256,38.77200219697016,45.26829226245218
72,54.74225220976564,103.43445569656427,142.08011615871192,184.32283220233205,181.0744091088846,136.90875912295377,128.62002631988653,81.66135763785773,55.84544409220099,41.960078667257186,40.77402620779783,52.02472575221988,41.02181938873021,40.12340477831616,39.07534013371219,29.84630241032391,33.58133304451519,37.659101908908106
73,57.044368419175676,107.8321203127197,136.86828518819897,187.7318451680618,176.93566898100522,139.63997531385328,121.73162726156859,79.12109576729677,54.55097296778578,40.95616377599569,40.08897500171385,51.49053146103347,40.05049362136865,38.12209047089539,36.46248196386881,28.749609785607056,34.99086886166488,36.96523994498209
74,60.670751728150485,117.86880285817367,140.0099511826703,195.37098603978168,174.03367730852278,135.56823809608346,119.9559088013205,79.6124135719104,52.63085901803643,41.65687347357167,40.2243232831022,51.43788477529823,37.57238836078821,41.41951445826999,37.02475906644844,27.114085526992483,36.363197567718196,35.263148937983864
75,61.33174696688434,110.38896093544383,139.95901532342256,188.3825673849593,154.89099563310452,134.99940240743766,120.5196564286986,82.44310227714193,53.63717586050954,40.70138568696582,42.508891641336284,52.268420894984324,35.037157108853165,45.40408930191274,34.03635295223074,28.373675445759204,35.088289729765144,37.34659472949077
76,64.85220232775745,112.7842292636925,146.49974722615065,186.37511222088477,164.915638735939,131.34955757789731,115.59396648536304,84.0568174565051,54.853074619467414,40.3772219617441,40.607166636450614,53.883392678565,31.341851730832275,45.03118303342933,34.40384753267753,29.26751314905429,34.013719544738215,38.48727448608944
77,67.02342205400154,117.12996150513597,144.53273559144802,178.5460394115863,156.1446656834881,129.94792111857322,113.78711906843645,83.62616692810263,54.406836777244685,40.853778590879834,38.81932301947452,53.862034491965915,29.61642095575713,49.477875558920985,36.244508352493675,28.808321133215692,32.89300949358855,39.713901220331024
78,71.09302844967532,127.4797627005088,146.14667571981232,183.47978096075892,151.49652882703808,140.71860770855972,109.14295784590149,82.82889630155044,54.06819840784216,41.68955431693082,38.672887856423884,53.17101003082164,31.7809079031337,52.03458849970137,33.414586160396546,27.43290018124755,32.46113280068433,41.0435631876394
79,70.18448066553266,124.55829214661867,140.2637567036394,190.4752352732527,142.928881052891,136.91672023892843,114.64661053555211,78.84480090056584,54.07034342574985,41.08958650937323,37.63926861298135,52.08909007367589,30.130317124257278,50.71262816116866,32.87614440201282,27.451819647711496,32.69142566739829,42.17601356479237
80,68.45545236439767,125.57224962426173,141.7286851708781,186.2523932228395,141.41446683151176,138.41933650122297,109.38813023841027,81.68805641262344,57.242056076237006,42.37539716822777,37.80834020331477,49.765268697890114,30.04758869011472,47.745079332114656,30.6137802816963,25.74979368889031,30.424778506299706,40.06306120221687
81,67.5532942920707,128.30586438994135,147.85352435216396,181.41741846855587,151.55529615677008,137.6725273069032,119.20270558649347,82.8552471320402,59.00379394441089,42.74117663309121,37.10309881758086,41.953676823266726,33.20326714849667,47.37038529659903,27.992174162298973,27.24932592497612,30.834177782368016,42.36681794982498
82,71.31505781771229,125.06865884737199,156.72390171554113,182.88642413338474,152.59629703145947,133.04204350986174,125.17919206573656,86.81509710517197,58.1927887230288,41.59281074271388,36.58090835859099,39.203651775193606,36.0356698987853,51.75075374523686,28.049623475623896,29.901239036224304,32.305048044594095,42.858433562780164
83,72.3313434648076,130.53725548713876,162.70008108931768,183.91213030339512,152.05440106818978,128.82290889586227,126.62468859645767,89.34352847152134,56.967253802147454,40.299089650844195,34.352010270404435,36.58787017760649,40.09273008483512,52.70633282413538,27.84690260514953,30.987048737236734,29.873775618925784,43.096606301652415
84,69.89028821435518,136.45650380165634,154.78447261454977,172.79611670448475,136.60839864612407,128.66865586464579,119.88258379765557,85.81662909201846,47.75896312079512,33.73721645700547,28.71611114811551,35.47298064803968,34.277130548109064,44.39207085847878,23.5786008183808,25.605298517833713,22.856215757304817,37.541681531056206
85,72.8617743156098,131.45096008541285,157.64717967982222,168.8465899565249,139.33362289463304,121.77765239300354,116.1533639392738,83.82743999772347,46.61630715371783,33.17039186367236,28.421251686223147,34.633041789598295,32.567422407379865,41.42369784823921,22.71221283962345,26.68004993767323,22.435094223614477,38.16889609990328
86,79.64352446930705,134.46827714080732,164.06212229398224,166.07727045863726,135.2708185525981,120.00126255689887,116.8746408024883,80.87683750331045,47.41385495791269,33.282381644691576,28.392192271544946,32.490138786702104,35.38438754561229,42.06248038716023,21.420147474457412,27.72643145375265,21.40205420612757,37.778712408767255
87,74.58942229168261,134.41935735203606,158.1936214524317,147.80974677541303,134.70323081740517,120.56522332985982,121.03022045149325,82.42322540698595,46.326318723179924,35.17267760957298,28.850623665090787,30.297836970783532,38.78838062269198,38.66746103423054,22.41522443511919,26.754331992118995,22.66654762512932,37.43535452744708
88,76.20789645181276,140.70120334062764,156.50786779318048,157.37608697800107,131.06139328513626,115.63767104777017,123.39922766385763,84.29167384547739,45.95735555891292,33.599153626325574,29.742040362974954,27.10237908723719,38.46980953138913,39.08495824345447,23.121356877009973,25.93498719929897,23.35885363629955,36.17967136298731
89,79.14429203500127,138.8120471527986,149.9334304792076,149.00610200529388,129.66283183867446,113.83014048553683,122.76701311891138,83.60594866206537,46.49977233215945,32.11985730199881,29.730251275162694,25.610339645647045,42.26858635618021,41.17606596663993,22.75859484734225,25.080461401481934,24.10332293775338,35.80652635441348
90,86.13761532978333,140.3621066066899,154.07652319637518,144.57046693870322,140.40988890648376,109.18422336656408,121.59658361024567,83.08556953686112,47.45105229505598,31.998694021051822,29.34882619419648,27.482046087275947,44.45276747763205,37.96109442587594,21.672011285404057,24.751161440993524,24.910326803182624,34.44472166462829
91,84.16358822589326,134.7120368939195,159.95093220757113,136.39451169494373,136.6163422964187,114.6899569151017,115.74775051975877,83.08886574497927,46.768168913877616,31.143457504244992,28.751638351424695,26.054723369039774,43.32342645202206,37.349390353447085,21.68695767780193,24.926756542918806,25.597638205808686,35.69525773040496
92,84.84871563215589,136.11898265356132,156.40481493117056,134.94933289897693,138.11566200895322,109.42948845553846,119.92177881223442,87.96277609770095,48.23167865425567,31.283350602138714,27.468957627008116,25.98318524159661,40.788271243151456,34.77920086838808,20.342355920644735,23.19846966646889,24.315236538324715,36.41541318239157
93,86.6958092582957,142.00139719277846,152.3446612947239,144.62654756553923,137.3704912194159,119.24777456581661,121.63526782681646,90.67000508742538,48.64800885495162,30.699820264376953,23.157189765246162,28.71200913467757,40.46817287557952,31.800889631247962,21.52698748816283,23.510630909824478,25.713441981541145,36.444100994538545
94,84.50844116266799,150.52067994065922,153.5782538148775,145.6199563499033,132.75016611733406,125.22652067620004,127.44850752747551,89.42374882773606,47.340938755235435,30.267749797336464,21.639257209163446,31.16128538438106,44.21028952775157,31.866155703895416,23.62200079317855,24.632148989389055,26.01181533485538,37.6209045401991
95,88.20355216516204,156.26031871267548,154.43958708914198,145.10283458448293,128.54028775028758,126.67256373019794,131.16035966808312,87.54049268295635,45.86842535970138,28.423516488648044,20.19542307050292,34.669565114831414,45.02663372928225,31.6358519057507,24.47979125421877,22.778337642624113,26.156368105134938,37.964750990597494
96,90.06641542120273,148.4774985394827,144.1835263020429,130.15233676901875,128.43719915957564,119.99205161379145,129.06333112998425,76.58954331646045,39.312494804786105,22.73061482377502,16.34346544190298,28.86181338955089,37.1224298958609,27.77890710533441,18.94828389155226,16.065460154532076,20.368686883138366,32.15553034987786
97,86.76256864808391,151.22355941318173,140.88798526439922,132.7487679378069,121.55859162809031,116.25942651053711,126.07170382565533,74.75710197000724,38.65199903125274,22.497214945189413,15.95648043372305,27.42221571847207,34.64015734478576,26.758180245226704,19.74361517823046,15.769457032599895,20.70898962506057,33.34906673530798
98,88.75411118213307,157.37711355550644,138.57722586611186,128.87797021093394,119.78539726593864,116.98136198987874,121.63416542781115,76.03610423690809,38.78249579852806,22.4742125839488,14.96918078950441,29.794138946713826,35.174332920766275,25.235945570258732,20.517952333945956,15.043341064182473,20.49729081170075,32.41055718593254
99,88.72182228497508,151.74773542466434,123.33454546515243,128.3372064600305,120.34834355327044,121.14073620365315,123.95984491649703,74.29205666729035,40.985174564086904,22.837089972745257,13.959121631459952,32.66034773954455,32.33528158824319,26.408286145757742,19.798584951564905,15.93214386751391,20.31099789970951,31.46655534964485
100,92.86807647336384,150.13067085577373,131.31683517466618,124.8674808087858,115.42965524047935,123.51190661635687,126.7698851390948,73.70036207416587,39.15161625925602,23.542702564317075,12.486878404735723,32.39210651743923,32.68440949738134,27.240209450216753,19.19225818960172,16.41876049536245,19.629712028693017,32.511083695143704
101,91.6211624658361,143.82412091446156,124.33280120749133,123.53501485371967,113.62537616995884,122.87911478033658,125.73859344950884,74.57021875101762,37.42785730187591,23.533370757067768,11.799451112015895,35.590728632898625,34.433077634673666,26.812824772003495,18.559896985204315,16.94204230306749,19.427257755690917,33.26212283051881
102,92.64425989844115,147.7983958043859,120.63164450624562,133.77417002007786,108.98781639847812,121.7076165229152,124.95597283087147,76.09575643365255,37.28667105852267,23.23144872609181,12.661802371687662,37.42983905224499,31.744589503095455,25.53267655363533,18.316210346188353,17.509279179997275,18.688394385938086,34.76934623779729
103,88.91500177052659,153.43344136578528,113.80951169206341,130.1599050053685,114.48364591143243,115.85344271516075,124.96093014047835,75.0006378865734,36.290101552953686,22.758736848028988,12.004192013218246,36.47891844094786,31.23305802671659,25.550285505463243,18.446153210901635,17.99238513550155,19.366887637200822,34.25267865557201
104,89.84363879208759,150.0318170695372,112.60363404322835,131.58836742850045,109.23264029026278,120.03128241832839,132.29101420934424,77.34762231274786,36.4531128283854,21.74341407893227,11.971232253641055,34.344283032967134,29.08376250765076,23.966155573689615,17.167196421618023,17.090994760566684,19.757616563303017,36.15001790294429
105,93.72625322825215,146.13710175706012,120.6784389752919,130.87841313204802,119.0332646931325,121.74633606302147,136.36253269291043,78.01527792871053,35.773150585473964,18.330377614150553,13.228483214199189,34.07475582332529,26.593179212691187,25.361818128970615,17.39820016699213,18.073782728372088,19.773181477796804,35.294283923148164
106,99.34929967663992,147.32042931256717,121.50735333008605,126.4764428679338,125.00125588526592,127.56488397972447,134.48823413307503,75.91917082172284,35.26967786974243,17.128838168826015,14.356938196369251,37.22566929740776,26.647757319987807,27.830038378032356,18.228139444845002,18.283507088246143,20.411670271238247,37.47766866085102
107,103.13767674629912,148.14666600033937,121.07585960738069,122.46552177951808,126.44469771242714,131.2801255063027,131.65592396209803,73.55774751765995,33.12067389192398,15.985952298729245,15.97330782439803,37.91304229594833,26.455168048164175,28.84063615338901,16.856292768055905,18.385112130647403,20.598228262207556,38.54056417881051
108,96.00725701193346,138.12183830024009,107.69253799661296,122.1271320659455,119.82638318944305,129.25080520731308,118.16391114398641,66.78611853411509,27.58581153256991,11.485310049941315,10.039824489314844,30.392431775430346,22.195886454364203,23.51573215781173,10.4070133496781,12.524164017549136,14.660196156631983,32.53840056771129
109,97.78289153342651,134.96484666612176,109.8409148082913,115.58646771072405,116.09891157853443,126.25483234205932,115.33678322204295,65.66403383199867,27.302558082880868,11.213357762990594,9.539048333715058,28.360175283379263,21.380305862875794,24.50277655831233,10.215266060035386,12.733407125851008,15.204347577556984,32.1765704533741
110,101.76185036483434,132.7512349994713,106.63808309872115,113.90038966275891,116.8198503092436,121.81084809000184,117.31005403258384,65.88572855299886,27.27464248064542,10.519536580062361,10.364141774389088,28.797509121563692,20.164010784226104,25.463766231987506,9.744896801760337,12.603239154000365,14.776466776369436,31.876875989858444
111,98.12182976682166,118.14937935340278,106.19063649701539,114.43567862910879,120.97348183453988,124.13990580093324,114.6193018342625,69.62775423363007,27.715029480045892,9.80972123275053,11.361176605200155,26.47315497306887,21.100733679801188,24.57099669233115,10.32065265005406,12.488692595428805,14.34608195790691,32.56430602814639
112,97.07621723160584,125.79608183599771,103.31966567305213,109.75864346252034,123.34137846318163,126.95402781572844,113.70642333546472,66.51280966209558,28.57135897737868,8.775107736123282,11.26786664042463,26.758988798848765,21.76545656232832,23.818516002467923,10.635877093890885,12.069788026842563,14.82229834337958,31.319460400657977
113,92.99832955818744,119.10566695270018,102.21713732775002,108.04300788520212,122.70946029858374,125.9212380983428,115.04845597622368,63.5843979542277,28.560033921807875,8.292020742012705,12.380534240807622,28.190637460038687,21.42396790138188,23.033725316688184,10.974852803646314,11.945304277071193,15.164708526825615,31.142383767124954
114,95.56814137847196,115.56011233543828,110.68936790139826,103.63328952960593,121.53957948388316,125.13748066511144,117.40208665962972,63.34454339320838,28.19362217674051,8.898034908622307,13.020284265433332,25.98955061450449,20.40110460471172,22.731298470735574,11.342302082649546,11.490996835337974,15.851874639843988,31.085256544540492
115,99.21182660221896,109.02479204198612,107.69880021672282,108.85911118511072,115.69348830941608,125.14244517557884,115.71251540635161,61.6515190899451,27.61994034373488,8.435901655064617,12.689498534410914,25.570755682695268,20.415174499321704,22.89256381908613,11.655252354841016,11.908184296285649,15.616318017988293,31.5802164226569
116,97.01229723729585,107.86961126721886,108.8807593547511,103.8660853236635,119.86555982951248,132.48317673614915,119.33349089702531,61.92845115486341,26.387747428137466,8.412739305606895,11.946947657390746,23.811110163485065,19.149423908008664,21.305316896338837,11.071342427893033,12.148433124547411,16.481343885685103,31.740491401476184
117,94.49392955416927,115.6049394960212,108.29331865299676,113.1852090558066,121.57824556540521,136.56060940280946,120.36356361274085,60.773295798295244,22.24569577660098,9.29626778027018,11.85319035103665,21.772049598607403,20.264585404037284,21.592003660942932,11.707980744036659,12.158003576641734,16.091201727704675,31.85141996856159
118,95.25908275157889,116.39900506935021,104.65097644311851,118.85999528019728,127.38876003612249,134.68358828506334,117.12964677222692,59.91797006436486,20.787510815717173,10.089285356236315,12.949262099330133,21.81673313379349,22.236741334607235,22.62199824393189,11.8438376813399,12.55059336008267,17.08664009217382,32.81778910081803
119,95.79333688985521,115.98565197885758,101.33220182532429,120.23252140042362,131.09887207119272,131.8471639731343,113.48639468595087,56.267129915308864,19.40050767215281,11.225183149712928,13.188370577058006,21.659058748765364,23.044228590595853,20.919470500649606,11.909656215169214,12.665302908670133,17.57123035138409,32.78511048623584
120,87.24725044278915,102.97977610499096,100.01479926063261,113.7023340849279,129.12679296944293,118.40124137387717,106.37616093638644,51.264156269776585,15.557808284562427,5.305072337244772,6.855693745179034,17.031626055079425,17.591644254170188,14.388675986984254,5.997445657655103,6.701632896311454,11.583426948771306,26.064018028762003
121,85.25307744931237,105.03413722574703,94.65838728687548,110.16536492075339,126.13369464952777,115.56843521300988,104.58891733731994,50.73777157046591,15.189426279677045,5.040460766290359,6.397272773007358,16.405804523663186,18.330032233764058,14.123567302162895,6.097645892139487,6.950381482216011,11.454618137515547,26.449720343313547
122,83.8548081108786,101.97146548925335,93.27759045121465,110.8494581415616,121.6939742659334,117.54566930481465,104.94203013736711,50.6858945468854,14.249587746731137,5.4764425299576835,6.495923216023895,15.472501724751009,19.048929198475783,13.473237507806758,6.035312363414735,6.754783822928119,11.347929152669453,26.649875376457153
123,74.63127204909578,101.54359971768014,93.71596002241691,114.79080717325412,124.02079731644315,114.84951277591875,110.90228557319668,51.50428873948651,13.288083787073207,6.003278622145814,5.971613074763696,16.19127968874303,18.381066338106507,14.269274187145292,5.980459459912216,6.558041499246681,11.5926490987015,27.373826644589656
124,79.46145513071859,98.79826621402556,89.88574862378456,117.03768608574488,126.83221926629,113.93480077599622,105.94083771064098,53.0956506291977,11.886613704057929,5.95397336651642,6.036089296542828,16.701343190317246,17.81815073269938,14.705101665514553,5.779858654755154,6.7757348616375,11.149493376941217,28.717819491692627
125,75.23532905194189,97.74398590583752,88.48074594364932,116.43806379595377,125.80042047939712,115.27952886676249,101.27649724646164,53.074604686146145,11.232232167429206,6.541910149039115,6.359029719485498,16.439307826816545,17.231064671947607,15.173767505678937,5.720247129110105,6.932261235834473,11.086455421384803,29.106661726805385
126,72.99571296039802,105.84546093664787,84.86945098674548,115.32797288198253,125.01741503771493,117.6378867778454,100.89445966223994,52.3936825774731,12.053128789361434,6.879955914879503,5.862525279464887,15.654431529572443,17.004825256937867,15.681800736691558,5.502692952252839,7.2463862979436255,11.066118557923543,30.52895349926974
127,68.86755528900052,102.98576428241559,89.1490856183436,109.78066189656039,125.02237478488469,115.94492204909686,98.1978300376099,51.327579624452866,11.427130838108186,6.705167776593823,5.768056702033113,15.665227817619975,17.125464606785425,16.114483958601795,5.702471486179962,7.138706019378049,11.242320568185336,30.060332681995046
128,68.13786368046767,104.11599939121416,85.0600967852468,113.73950849759846,132.35606313557352,119.57317020819625,98.638924243304,49.03773108745704,11.395755508167905,6.312801742618925,5.371129240982297,14.693976194281422,15.938077243248836,15.30717349765211,5.817519427886591,7.534136322573196,11.299377260477437,30.50315066616158
129,73.02402887737502,103.5542658387602,92.69190041142227,115.36466282957134,136.42958362892895,120.60531180765184,96.79900608644849,41.34033987998253,12.592568355447858,6.263260110403833,4.911173457780574,15.549675903794396,16.152541821321474,16.187385922110394,5.822102429696089,7.3557901741161835,11.338866999706994,31.385776753731555
130,73.52561529409816,100.07131713824009,97.33921010811578,120.87821535422947,134.5543634561671,117.36489969950688,95.4366531016866,38.6305185061677,13.666776658011928,6.842427596617935,4.921252830005583,17.062975334336862,16.92305996492284,16.375220931613942,6.010101875298877,7.81083609698803,11.682887174446249,30.172050382109077
131,73.26451305964106,96.89777630206699,98.46322671337174,124.39871215030757,131.72066060756595,113.71433020263721,89.62163693106395,36.052978026185635,15.205444750115976,6.968773208749387,4.885685840723529,17.68258658602158,15.649433347997462,16.466221252780787,6.065032829820349,8.032357418234916,11.671253832358268,30.028981231938467
132,62.998563657181684,95.42473277702189,92.08955944972233,122.27038331229853,118.33897407052942,106.66158156014535,85.3571301708681,35.137519313755014,9.385530102557391,0.9776657535589471,0.0,12.115976062203728,9.358561195627185,10.694785091469997,0.08977142075225145,2.083661705058465,5.5849769721230365,22.1451316748569
133,64.25533275045339,90.31414729349329,89.22490469362214,119.43621334298761,115.50765768458764,104.8695425616363,84.48067592742817,34.30552359978648,8.91738948037551,0.9122919924394967,0.0,12.624529495647419,9.186131442351957,10.8734644885159,0.09310352119885394,2.0604911883819477,5.667624956117208,22.667045341345922
134,62.38172292481309,88.99672057228452,89.77896406130155,115.23223444272969,117.48385194747209,105.22360280775374,84.39429834556887,32.18288562924622,9.688711661665677,0.9263601762434346,0.0,13.119658790543967,8.763149426263263,10.762309885080136,0.0904834015889372,2.0412996526595295,5.710514016803399,22.43783427560494
135,62.11997319038268,89.41497166611059,92.9711333240279,117.43550720853789,114.7891133293557,111.19985035882117,85.7569615533923,30.011316001006485,10.620769829399054,0.85159019841089,0.0,12.659678454871203,9.280900884722156,10.664494907156358,0.08784794867884074,2.085320613146101,5.865641716492581,23.112493736180774
136,60.44049714147529,85.76054350251921,94.79092084952934,120.09764750920905,113.87488237717321,106.225090307414,88.40665080711206,26.846076964190296,10.533540865964355,0.8607849198053013,0.0,12.271978936758401,9.564368114837293,10.306778868897261,0.09076405028161799,2.0056044280401553,6.153631430645057,23.119900409254097
137,59.795534143690354,84.4200218367853,94.30527600373529,119.12063545560368,115.21890327440856,101.54823483091431,88.37160836359328,25.3681474601565,11.573696026908559,0.9068382885359145,0.0,11.867632387013016,9.869193795076805,10.200478204891294,0.0928607922569349,1.9942649708536961,6.236952234309986,21.849844595679
138,64.75166543227682,80.9744631915739,93.40619346475776,118.37920625033603,117.57602092326324,101.1651721917872,87.23784237005262,27.22215352451719,12.171753604571075,0.8360335814500037,0.0,11.71181344837485,10.199624481412691,9.812530518484108,0.09706864033750474,1.9906067146413815,6.541719779670324,21.189307697090225
139,63.00222696458968,85.05768881540699,88.9133268152784,118.38390264349839,115.88394652595969,98.46130717059145,85.4627329142837,25.808328729905334,11.862525147508752,0.8225617584113177,0.0,11.794901956407088,10.481046650779142,10.1687802634922,0.09562621402985808,2.0223024626061727,6.441304085119757,20.425050654687677
140,63.69365581734458,81.15635951603326,92.1196676732094,125.32818481074666,119.51028658657867,98.90358488753675,81.65003191877047,25.737467125135094,11.168366239016834,0.7659573650792247,0.0,10.977107060983245,9.955962594434975,10.373936438637843,0.10092318279486755,2.032565992153356,6.536190769194443,20.253460062198428
141,63.35001157668739,88.43791011672675,93.435909311287,129.18540840237523,120.54188538197808,97.05872999877275,68.83352871105345,28.44048504173825,11.08071908721079,0.7003647300955035,0.0,11.124816260679157,10.528462930594863,10.382108954442772,0.09853415501904147,2.0396695253080326,6.7253191824971665,17.626085935949945
142,61.21929452015864,92.87193677295578,97.90143437798812,127.4097591815911,117.3031774090379,95.69272164954513,64.32155401810643,30.866598944671125,12.105359946134135,0.7018021130078739,0.0,11.655498853419447,10.650632992156494,10.717353954198792,0.10462970212461462,2.101552909822988,6.465242864698059,17.391706423935187
143,59.2778597846385,93.9443679030126,100.75274786776079,124.72652105940205,113.65452774945727,89.86210305890677,60.02983297401657,34.34170153077328,12.328885747594109,0.6967300329718141,0.0,10.778307990536046,10.709820653010906,10.81530811452146,0.10759708097734086,2.0994602692324467,6.434586121434519,17.78697322713509
144,56.01099933470931,87.65011223721308,97.91421920381826,111.81310004744927,106.66154169438984,85.66331328728043,63.29687479624506,28.773198691601053,6.149517085199298,0.0,0.0,4.713013631523136,4.8984488762629255,4.952733107994145,0.0,0.0,0.5041511995085222,12.115508153777869
145,53.01126339846341,84.92355656256967,95.64461366142626,109.13791830944797,104.869503365672,84.78371512966353,61.79811422445185,27.338021030833794,5.738316161504919,0.0,0.0,4.6261772299995725,4.980288004790054,5.136566716315826,0.0,0.0,0.5160329713066588,11.499005122349661
146,52.23797973229293,85.45090587397229,92.27806404886219,111.00513414906979,105.22356347945612,84.69702770424287,57.97438527365916,29.702661720809704,5.826805030369471,0.0,0.0,4.413161578763928,4.929376730030019,4.9920134383327115,0.0,0.0,0.5108148025718509,12.144724628100686
147,52.48347857788859,88.48918725820354,94.0424466140671,108.45899851560053,111.19980879684562,86.06457889818714,54.062510629275494,32.56007036574225,5.356501908400206,0.0,0.0,4.673903548651131,4.884575299744658,4.846614214693188,0.0,0.0,0.5261739515398047,12.886934869622484
148,50.33845634431364,90.22124659056647,96.17429066239616,107.59518338009049,106.22505060480114,88.72377280736573,48.36063574093891,32.292652727191914,5.414336701224593,0.0,0.0,4.8166589243649724,4.720733416934962,5.007496963716491,0.0,0.0,0.5263425702307707,13.017288754138374
149,49.551616748932915,89.7590136784358,95.39189864079637,108.86508743518964,101.54819687631958,88.68860466369114,45.69828732814463,35.48145408299246,5.704012366766675,0.0,0.0,4.970170511902425,4.672045354136829,5.123175242093439,0.0,0.0,0.4974287587774101,13.008353428522012
150,47.52919365831138,88.90327404928793,94.79816154958874,111.09222041116018,101.16513438036566,87.5507717573514,49.03810163545057,37.314917864267024,5.258650795746803,0.0,0.0,5.13657689600581,4.494356705671535,5.355324274908263,0.0,0.0,0.4823911209510672,13.70521382629247
151,49.925905087772755,84.626999209373,94.80192242492997,109.49345647595258,98.46127036976455,85.76929483650896,46.491231715315344,36.36691687349432,5.173913035787836,0.0,0.0,5.278302369902014,4.657526993636994,5.275744911344005,0.0,0.0,0.46499221313163247,13.813808825487905
152,47.635960474542216,87.67876900551205,100.3629090507789,112.9198198290978,98.90354792140444,81.94291736580941,46.36358132301097,34.23883545674617,4.817871430949049,0.0,0.0,5.013867670644842,4.751493074021544,5.567981264012127,0.0,0.0,0.46108581942406873,14.15242494851463
153,51.909977429916964,88.93155735631073,103.45177673923791,113.8945304873977,97.05869372217208,69.08044029643854,51.23280914502916,33.970135779038976,4.405293790761395,0.0,0.0,5.302181422296526,4.755236267598463,5.436177435331444,0.0,0.0,0.40127159764593656,13.794164087018986
154,54.51259686478039,93.18180869460858,102.02983544549977,110.83442301691204,95.69268588350272,64.55228077546491,55.60322091440118,37.11137497375432,4.414334928538206,0.0,0.0,5.363706816368108,4.908785916168533,5.772471744902709,0.0,0.0,0.395935765199448,13.66681958488819
155,55.14207663971982,95.89566625778325,99.88109624509171,107.38698034108123,89.86206947211215,60.24516497148304,61.86328530120346,37.79663752449239,4.382431547729677,0.0,0.0,5.393513989350548,4.953651095080876,5.936183484838496,0.0,0.0,0.40493432234893567,14.160897669138036
156,49.07869201421953,92.95982487514613,88.48706240761042,100.5151936401228,85.7235067622057,63.619399699291876,56.62959358457776,30.50940867015265,0.0,0.0,0.0,0.0,0.0,0.1015714460875405,0.0,0.0,0.0,8.05216589508342
157,47.551987908544326,90.8050598627505,86.36996724343228,98.82642112886752,84.8432905328891,62.113002295353894,53.80496749687625,28.46933026192599,0.0,0.0,0.0,0.0,0.0,0.10044196193005188,0.0,0.0,0.0,8.020425424561829
158,47.84727120913149,87.60885542010463,87.84765138293814,99.16007860589163,84.75654219437546,58.2697897948109,58.45890405367555,28.908347346608288,0.0,0.0,0.0,0.0,0.0,0.09950643960834557,0.0,0.0,0.0,8.247742037614556
159,49.548522610905664,89.2839614017271,85.83268119964633,104.79194409157377,86.12505433245488,54.337982460314606,64.08267539734695,26.57504703241883,0.0,0.0,0.0,0.0,0.0,0.10165231223437156,0.0,0.0,0.0,8.335465330296858
160,50.51836970355209,91.30793555997751,85.14907200025841,100.10385525427887,88.78611679090794,48.60705405785957,63.55636087977216,26.86198099897039,0.0,0.0,0.0,0.0,0.0,0.09776641838791064,0.0,0.0,0.0,8.084389330701477
161,50.25954759649191,90.56513205397977,86.15405334258371,95.69650420087117,88.75092393545543,45.9311398305369,69.83235844043432,28.29913990744677,0.0,0.0,0.0,0.0,0.0,0.0972136582822369,0.0,0.0,0.0,8.235014729897959
162,49.780385840376326,90.00143766444836,87.91657002936837,95.33551559761811,87.61229150229507,49.28797193357329,73.4408661318621,26.089581337566614,0.0,0.0,0.0,0.0,0.0,0.09703533069060269,0.0,0.0,0.0,8.367872869012336
163,47.38593396256988,90.00500824200024,86.65133434544835,92.78746116033236,85.82956278202704,46.72812461168309,71.5750704168759,25.669174513329352,0.0,0.0,0.0,0.0,0.0,0.09858039097932149,0.0,0.0,0.0,8.290974100794415
164,49.09473804849797,95.28461264548187,89.36290237935715,93.20425256461506,82.00049661125863,46.599823785521835,67.38671489071336,23.902756325509735,0.0,0.0,0.0,0.0,0.0,0.09908070325915982,0.0,0.0,0.0,8.52577277278493
165,49.79622275922428,98.21718568458192,90.13427248548737,91.46570768585313,69.12898139987291,51.493862425392635,66.85787714458864,21.85584765638058,0.0,0.0,0.0,0.0,0.0,0.0994269764248564,0.0,0.0,0.0,8.553231668783607
166,52.17610307073838,96.86719367398862,87.71255337922923,90.17841575066636,64.5976400540769,55.88654332948463,73.04026586178756,21.9007031732373,0.0,0.0,0.0,0.0,0.0,0.10244358168218577,0.0,0.0,0.0,8.649329103453503
167,53.695697012079194,94.8271792471105,84.98430351339556,84.683787337068,60.287497747182684,62.17850544687662,74.3889563623802,21.742421918049057,0.0,0.0,0.0,0.0,0.0,0.10234157254586258,0.0,0.0,0.0,8.93854659367549
168,49.4425871761449,83.78598671661051,78.3943542819036,80.49974341962015,63.738556998348905,57.0065051327101,65.48485071177116,17.382242314273494,0.0,0.0,0.0,0.0,0.0,0.0,0.0,0.0,0.0,3.106975578744693
169,48.29653126314628,81.78136703010169,77.07723767739415,79.67316523482506,62.229338155560384,54.16307908328858,61.106062795972406,16.743537503036606,0.0,0.0,0.0,0.0,0.0,0.0,0.0,0.0,0.0,2.9870405145758534
170,46.59656445489823,83.1805458514492,77.3374656241888,79.59170311018522,58.37892742895063,58.84799100687932,62.04836123777937,15.791021557065443,0.0,0.0,0.0,0.0,0.0,0.0,0.0,0.0,0.0,3.100496149851028
171,47.48750388638799,81.27262552481471,81.7299006597649,80.87682174500291,54.439755932821164,64.50919268033614,57.0402070518903,16.524596419492823,0.0,0.0,0.0,0.0,0.0,0.0,0.0,0.0,0.0,3.161138549724208
172,48.563996004310596,80.62533461311706,78.07354101992999,83.37572610881156,48.69809366691011,63.97937515299091,57.65607700095777,17.045160184300567,0.0,0.0,0.0,0.0,0.0,0.0,0.0,0.0,0.0,3.1207216750410565
173,48.1689207430419,81.57692404446951,74.63613591316964,83.34267781271245,46.01716752948858,70.29714408806936,60.74076925403108,16.77773051149375,0.0,0.0,0.0,0.0,0.0,0.0,0.0,0.0,0.0,3.0859778747134463
174,47.86910833448214,83.2458030386268,74.35459172636271,82.27343062275641,49.38028688214815,73.92966904916712,55.99821214150765,15.976696603086754,0.0,0.0,0.0,0.0,0.0,0.0,0.0,0.0,0.0,3.096691225809477
175,47.871007419297726,82.04778586728054,72.367299307653,80.59933666663241,46.81564504012233,72.0514550929943,55.09585843085315,15.987715145551812,0.0,0.0,0.0,0.0,0.0,0.0,0.0,0.0,0.0,2.8837113166654764
176,50.679073175932885,84.61529570531455,72.6923655173046,77.0036036416332,46.687103910217495,67.83522298383745,51.304449932100816,14.996469153512948,0.0,0.0,0.0,0.0,0.0,0.0,0.0,0.0,0.0,2.8008978717694144
177,52.238822221618555,85.34568502672857,71.33643017832864,64.91644445888365,51.59030894317852,67.30286543400258,46.911001666101285,15.869784458282219,0.0,0.0,0.0,0.0,0.0,0.0,0.0,0.0,0.0,2.9143528761139064
178,51.52080131570025,83.05262523530246,70.3324384793962,60.661231047057655,55.99121721179494,73.52640248999496,47.00727874759829,17.414236955693426,0.0,0.0,0.0,0.0,0.0,0.0,0.0,0.0,0.0,2.865717596877273
179,50.43577785231719,80.46931982546353,66.04703812444826,56.61373739086011,62.29496399259497,74.88406951668208,46.667546684006574,18.04660364121151,0.0,0.0,0.0,0.0,0.0,0.0,0.0,0.0,0.0,2.839703096652769
180,42.064389196519954,73.98189254332233,61.54374223077613,59.50369425691434,57.18207873080195,66.01237555938579,44.62990911987078,12.734184826700648,0.0,0.0,0.0,0.0,0.0,0.0,0.0,0.0,0.0,0.0
181,41.057978626104195,72.73891044347059,60.91180587200493,58.09474964289697,54.32989525025492,61.59831353968498,42.989997699666986,13.268686824928208,0.0,0.0,0.0,0.0,0.0,0.0,0.0,0.0,0.0,0.0
182,41.76043025081032,72.98449134241262,60.84952636914649,54.50016461572629,59.02923617350548,62.54820283397948,40.54435810177616,13.789079727815787,0.0,0.0,0.0,0.0,0.0,0.0,0.0,0.0,0.0,0.0
183,40.802567172262904,77.12969618250823,61.83202651930113,50.82271618624096,64.70787370879978,57.49970457239924,42.427853847078914,13.305629233936273,0.0,0.0,0.0,0.0,0.0,0.0,0.0,0.0,0.0,0.0
184,40.47759759321967,73.67913640110761,63.74249131698292,45.46253653852657,64.17642440330236,58.12053577124433,43.7644313204806,12.898147633153606,0.0,0.0,0.0,0.0,0.0,0.0,0.0,0.0,0.0,0.0
185,40.95533891685045,70.43520719771452,63.71722520146641,42.959734204758114,70.51365135323829,61.230077310725925,43.07779021989461,12.473169598197014,0.0,0.0,0.0,0.0,0.0,0.0,0.0,0.0,0.0,0.0
186,41.79319233701207,70.16950985298423,62.899763298555555,46.09940405507102,74.15736408099696,56.44931568691639,41.021089485445465,12.309400112855377,0.0,0.0,0.0,0.0,0.0,0.0,0.0,0.0,0.0,0.0
187,41.191733041317804,68.29407308818291,61.61988335696703,43.70515995490497,72.27336543794493,55.539692905651904,41.04938022837483,12.396728150879321,0.0,0.0,0.0,0.0,0.0,0.0,0.0,0.0,0.0,0.0
188,42.48074015724815,68.60084279898923,58.87087004312702,43.58515924491881,68.0441478100289,51.71774204223338,38.50429900465932,11.537205872592036,0.0,0.0,0.0,0.0,0.0,0.0,0.0,0.0,0.0,0.0
189,42.84742893045382,67.32122689472291,49.62998333411187,48.16258971871875,67.51015065905942,47.28890157327649,40.74658639084077,11.69245182552847,0.0,0.0,0.0,0.0,0.0,0.0,0.0,0.0,0.0,0.0
190,41.69620826340263,66.37374532331145,46.376783432725205,52.27109660059342,73.75285550636326,47.38595423190611,44.71205720600819,12.250212107124666,0.0,0.0,0.0,0.0,0.0,0.0,0.0,0.0,0.0,0.0
191,40.399271049540374,62.32955066836472,43.28238964119157,58.15601522414258,75.11470399417186,47.043485396326254,46.335695123075475,11.328263225837544,0.0,0.0,0.0,0.0,0.0,0.0,0.0,0.0,0.0,0.0
192,34.369061454529486,57.80923763914495,43.95448376171551,53.05903875122717,66.28695947554745,45.10259941401523,42.01158174038348,5.468336815162438,0.0,0.0,0.0,0.0,0.0,0.0,0.0,0.0,0.0,0.0
193,33.79162112814599,57.21564748988113,42.913717571794685,50.41250827911203,61.854536801116666,43.44531914348499,43.77496704494197,5.367583724152584,0.0,0.0,0.0,0.0,0.0,0.0,0.0,0.0,0.0,0.0
194,33.905708301610154,57.157147137931595,40.25845168990332,54.77300929072824,62.80837723821035,40.97377695865871,45.49180477537417,5.120429478710432,0.0,0.0,0.0,0.0,0.0,0.0,0.0,0.0,0.0,0.0
195,35.83140653658614,58.080028695049236,37.541975859336276,60.04219599619602,57.73887933206869,42.87722143734283,43.89684442122087,5.422958820797517,0.0,0.0,0.0,0.0,0.0,0.0,0.0,0.0,0.0,0.0
196,34.22841292419592,59.87456554781764,33.58249179321945,59.54906615690756,58.362292929447555,44.227955049789124,42.55251442978799,5.588592646118337,0.0,0.0,0.0,0.0,0.0,0.0,0.0,0.0,0.0,0.0
197,32.721411706563195,59.85083259263537,31.733709361939955,65.42935553734323,61.48476886321722,43.53404150365691,41.15046163281501,5.76670650941599,0.0,0.0,0.0,0.0,0.0,0.0,0.0,0.0,0.0,0.0
198,32.59797922794698,59.08297468063001,34.052936246524354,68.81034306195984,56.68412126745505,41.455557563857234,40.6101667326197,5.959781732110926,0.0,0.0,0.0,0.0,0.0,0.0,0.0,0.0,0.0,0.0
199,31.726725476418586,57.88075848429565,32.28434414923448,67.06218770930894,55.770714835270674,41.48414794350691,40.89827225783383,6.124220600135694,0.0,0.0,0.0,0.0,0.0,0.0,0.0,0.0,0.0,0.0
200,31.869238551992,55.298556652352445,32.19570143008317,63.13791235962506,51.932866252272134,38.912110913338196,38.062606611122575,5.817406719632003,0.0,0.0,0.0,0.0,0.0,0.0,0.0,0.0,0.0,0.0
201,31.274779608863877,46.618411500393655,35.576980457269656,62.642418383973684,47.485603656407726,41.1781471151689,38.57478136988508,6.151926588602757,0.0,0.0,0.0,0.0,0.0,0.0,0.0,0.0,0.0,0.0
202,30.834617141597896,43.562617371370756,38.611872681684304,68.43500105598392,47.583060013568954,45.185617558007706,40.41489850189699,6.223312246225028,0.0,0.0,0.0,0.0,0.0,0.0,0.0,0.0,0.0,0.0
203,28.95584424391147,40.65599291923582,42.958973534968756,69.6986552163741,47.23916665064494,46.82645196728701,37.37328010906231,6.25789641553139,0.0,0.0,0.0,0.0,0.0,0.0,0.0,0.0,0.0,0.0
204,23.815979768185727,40.94521482493231,37.76656229921889,61.172400277947624,45.37806681158095,42.57692089136624,30.66941227982199,0.6627608238047371,0.0,0.0,0.0,0.0,0.0,0.0,0.0,0.0,0.0,0.0
205,23.571435270406553,39.97570292121267,35.882804879101556,57.08197380211338,43.71066458158292,44.36403562265984,30.104334050170944,0.6738336694365327,0.0,0.0,0.0,0.0,0.0,0.0,0.0,0.0,0.0,0.0
206,23.547334568592106,37.50222529966338,38.986538700649575,57.962217962968445,41.22402727358253,46.10397640098241,28.718158379872825,0.6669453667812943,0.0,0.0,0.0,0.0,0.0,0.0,0.0,0.0,0.0,0.0
207,23.92753900287204,34.971728364418226,42.737060245363054,53.28387160983529,43.13909717749194,44.48755307173713,30.41490776324754,0.6608837269451739,0.0,0.0,0.0,0.0,0.0,0.0,0.0,0.0,0.0,0.0
208,24.666843915446364,31.28332363733874,42.38605843237486,53.85918395511856,44.498080493455525,43.12513277414312,31.343872501147896,0.6387158970937951,0.0,0.0,0.0,0.0,0.0,0.0,0.0,0.0,0.0,0.0
209,24.657066523397216,29.561114949286004,46.571552939067615,56.74073636286293,43.79992882000533,41.70421290992255,32.342832091764365,0.6321283953305501,0.0,0.0,0.0,0.0,0.0,0.0,0.0,0.0,0.0,0.0
210,24.340728006509764,31.721559911667253,48.97808496427063,52.31049640850718,41.708750388774604,41.15664739892176,33.42570313756945,0.6080870961331084,0.0,0.0,0.0,0.0,0.0,0.0,0.0,0.0,0.0,0.0
211,23.845444591986816,30.074051462841254,47.7337763678757,51.467566451723656,41.73751538624189,41.44862988677978,34.34796590388169,0.6301640591073442,0.0,0.0,0.0,0.0,0.0,0.0,0.0,0.0,0.0,0.0
212,22.781641139486535,29.991477516620147,44.9405408897886,47.925838009465785,39.149769453341435,38.574805409984705,32.62718649463819,0.6428776830357578,0.0,0.0,0.0,0.0,0.0,0.0,0.0,0.0,0.0,0.0
213,19.205635473845597,33.14126302887262,44.58785632292218,43.82171662861231,41.42964563564816,39.093872373974406,34.503356182798,0.6433841376546312,0.0,0.0,0.0,0.0,0.0,0.0,0.0,0.0,0.0,0.0
214,17.946723678349606,35.968376521385295,48.7109226185925,43.91165346290165,45.4615919949098,40.9587514933723,34.9037258451811,0.6641594267618365,0.0,0.0,0.0,0.0,0.0,0.0,0.0,0.0,0.0,0.0
215,16.7492661097536,40.01786051187663,49.610371132856045,43.594294172082506,47.11244791936635,37.876202816825725,35.09769270981735,0.6702296917961786,0.0,0.0,0.0,0.0,0.0,0.0,0.0,0.0,0.0,0.0
216,13.005814975159636,34.85221524508148,42.05566964116664,41.46424919702822,42.93018845238133,31.209126391548654,30.06323814575461,0.0,0.0,0.0,0.0,0.0,0.0,0.0,0.0,0.0,0.0,0.0
217,12.69785976012644,33.11382246907797,39.24352521365459,39.94065891577202,44.73213116205291,30.634104029548748,30.56550922639701,0.0,0.0,0.0,0.0,0.0,0.0,0.0,0.0,0.0,0.0,0.0
218,11.91218572156994,35.978049251356964,39.848687958034134,37.66849184815155,46.48650850887785,29.223534720280114,30.2530515860138,0.0,0.0,0.0,0.0,0.0,0.0,0.0,0.0,0.0,0.0,0.0
219,11.108400100326433,39.43915283611118,36.632352032022524,39.41838868829555,44.85667345527262,30.950143155987348,29.978091878979612,0.0,0.0,0.0,0.0,0.0,0.0,0.0,0.0,0.0,0.0,0.0
220,9.936817300260387,39.11523691703025,37.0278759255396,40.660160910582846,43.48294893732794,31.89545562738083,28.97254549775158,0.0,0.0,0.0,0.0,0.0,0.0,0.0,0.0,0.0,0.0,0.0
221,9.38977590259779,42.97774773542631,39.00892645753077,40.02222419359001,42.050239472442925,32.91199470674593,28.673732370631132,0.0,0.0,0.0,0.0,0.0,0.0,0.0,0.0,0.0,0.0,0.0
222,10.076018423607515,45.198573964513415,35.963162238619624,38.11140802885484,41.49813072232297,34.013921898109615,27.583204268869093,0.0,0.0,0.0,0.0,0.0,0.0,0.0,0.0,0.0,0.0,0.0
223,9.552704767859007,44.05028541525993,35.3836527926594,38.13769207105717,41.7925358358473,34.95241445797504,28.584628872724373,0.0,0.0,0.0,0.0,0.0,0.0,0.0,0.0,0.0,0.0,0.0
224,9.52647602608998,41.472596629577076,32.94873507405524,35.77313690686499,38.894866775121606,33.20135312086595,29.16132666494039,0.0,0.0,0.0,0.0,0.0,0.0,0.0,0.0,0.0,0.0,0.0
225,10.52697212212828,41.14712781034327,30.127175478940828,37.856375810674116,39.418240521201994,35.110539263578424,29.184299757601178,0.0,0.0,0.0,0.0,0.0,0.0,0.0,0.0,0.0,0.0,0.0
226,11.424974859557024,44.95202783984409,30.18900652977845,41.54057040811364,41.29859284261416,35.51795455027033,30.12667963514329,0.0,0.0,0.0,0.0,0.0,0.0,0.0,0.0,0.0,0.0,0.0
227,12.71125067348025,45.78206825953118,29.970823861915143,43.04904148785973,38.1904677638789,35.715334804543666,30.402030586467838,0.0,0.0,0.0,0.0,0.0,0.0,0.0,0.0,0.0,0.0,0.0
228,7.3277378383225695,38.455213946307225,26.666751573649865,38.790603670091365,31.56615056996018,30.748140031203018,25.161321071737046,0.0,0.0,0.0,0.0,0.0,0.0,0.0,0.0,0.0,0.0,0.0
229,6.962237785226655,35.883821871692966,25.68689050496813,40.41879231791462,30.98455010372931,31.261853871553154,26.0952491356765,0.0,0.0,0.0,0.0,0.0,0.0,0.0,0.0,0.0,0.0,0.0
230,7.5644463628580185,36.43717562889174,24.225599973982064,42.00400213883024,29.557844253424044,30.94227780879695,25.36087654583625,0.0,0.0,0.0,0.0,0.0,0.0,0.0,0.0,0.0,0.0,0.0
231,8.292149308625191,33.49619556096528,25.351004755674804,40.531325500521284,31.30420463445852,30.661053958796618,24.622206306636347,0.0,0.0,0.0,0.0,0.0,0.0,0.0,0.0,0.0,0.0,0.0
232,8.224045432874588,33.85785799734666,26.1496212024708,39.29006369272404,32.26033123131669,29.632599179974488,25.439537346854348,0.0,0.0,0.0,0.0,0.0,0.0,0.0,0.0,0.0,0.0,0.0
233,9.036144935757276,35.669307504539745,25.739347285031172,37.99550461832378,33.28849924976455,29.326978480324122,26.027216561502552,0.0,0.0,0.0,0.0,0.0,0.0,0.0,0.0,0.0,0.0,0.0
234,9.503077447128053,32.88429621670174,24.5104510441809,37.4966334863592,34.403032197701826,28.2116059240356,27.206600999101028,0.0,0.0,0.0,0.0,0.0,0.0,0.0,0.0,0.0,0.0,0.0
235,9.261647816543386,32.354399536457414,24.52735500451622,37.762650303169536,35.352260865041956,29.23584502298916,26.802314744690737,0.0,0.0,0.0,0.0,0.0,0.0,0.0,0.0,0.0,0.0,0.0
236,8.719684342559226,30.127939165965028,23.00664725345866,35.1443917733619,33.581167847859994,29.82568116721196,28.286960199631068,0.0,0.0,0.0,0.0,0.0,0.0,0.0,0.0,0.0,0.0,0.0
237,8.651253966896654,27.547937971877023,24.346433102527453,35.617298701735976,35.51219457673579,29.84917763378217,27.617358511107597,0.0,0.0,0.0,0.0,0.0,0.0,0.0,0.0,0.0,0.0,0.0
238,9.451240702923217,27.604475563806325,26.715835756174055,37.31633623894457,35.92427058690256,30.813026847122636,29.325831169176524,0.0,0.0,0.0,0.0,0.0,0.0,0.0,0.0,0.0,0.0,0.0
239,9.625758120192309,27.40497187634519,27.685973267852614,34.50791511542623,36.1239088192504,31.094650854756285,30.157534303974625,0.0,0.0,0.0,0.0,0.0,0.0,0.0,0.0,0.0,0.0,0.0
240,4.003793246206104,23.92853527483175,22.979607579376754,28.063723460726543,31.219758089084927,25.917314300280026,24.773919525523176,0.0,0.0,0.0,0.0,0.0,0.0,0.0,0.0,0.0,0.0,0.0
241,3.7360708448676743,23.049289068872657,23.944148799471836,27.546654564005706,31.741351323878003,26.879303024876823,24.49843118011889,0.0,0.0,0.0,0.0,0.0,0.0,0.0,0.0,0.0,0.0,0.0
242,3.7936836835045527,21.738047918224634,24.88322930271498,26.278249081556098,31.41687357139652,26.1228655878227,24.27025135591607,0.0,0.0,0.0,0.0,0.0,0.0,0.0,0.0,0.0,0.0,0.0
243,3.4874813529277007,22.747893003510857,24.010813613403396,27.830841776934044,31.13133628175943,25.3620013748895,24.79364329131662,0.0,0.0,0.0,0.0,0.0,0.0,0.0,0.0,0.0,0.0,0.0
244,3.525136106902339,23.464505289992033,23.27548839162962,28.680881199644276,30.08710696031732,26.20388981931219,23.84584915088489,0.0,0.0,0.0,0.0,0.0,0.0,0.0,0.0,0.0,0.0,0.0
245,3.713736521734759,23.09635944070538,22.508589794973442,29.59496867689096,29.776798619701637,26.809226354319797,23.711027457364068,0.0,0.0,0.0,0.0,0.0,0.0,0.0,0.0,0.0,0.0,0.0
246,3.4237729968816013,21.993649687435305,22.213057842371615,30.585838449543743,28.64431836719871,28.024046397470602,23.66753222741018,0.0,0.0,0.0,0.0,0.0,0.0,0.0,0.0,0.0,0.0,0.0
247,3.36860240928556,22.008817902058333,22.370646574730788,31.42974530357042,29.684267348251314,27.60761301970952,24.044382225408754,0.0,0.0,0.0,0.0,0.0,0.0,0.0,0.0,0.0,0.0,0.0
248,3.1367928292694547,20.644260656928886,20.819586579169915,29.855164185506617,30.283150458454,29.136865906331284,24.16641156176046,0.0,0.0,0.0,0.0,0.0,0.0,0.0,0.0,0.0,0.0,0.0
249,2.868174083043881,21.84647356469984,21.099737301443504,31.57193354559492,30.30700731618672,28.447145467250113,24.250869781774583,0.0,0.0,0.0,0.0,0.0,0.0,0.0,0.0,0.0,0.0,0.0
250,2.874060536543772,23.9725793568311,22.10624950217494,31.938287598443072,31.28564014549958,30.206950635125203,24.98663892521023,0.0,0.0,0.0,0.0,0.0,0.0,0.0,0.0,0.0,0.0,0.0
251,2.8532890615088036,24.843100447693036,20.442536921546985,32.11577493990339,31.571583730427932,31.063642995897272,24.961758250261866,0.0,0.0,0.0,0.0,0.0,0.0,0.0,0.0,0.0,0.0,0.0
252,0.0,20.099508826813693,14.536179119944089,27.19697904788608,26.454689443076575,25.736543376576403,19.064039810044132,0.0,0.0,0.0,0.0,0.0,0.0,0.0,0.0,0.0,0.0,0.0
253,0.0,20.943161387030845,14.268352717271462,27.6513631029357,27.43662424782116,25.450350562236544,19.346154573444103,0.0,0.0,0.0,0.0,0.0,0.0,0.0,0.0,0.0,0.0,0.0
254,0.0,21.76454429354157,13.611356174549352,27.36869548550694,26.66450267501733,25.21330450510354,19.49255423890703,0.0,0.0,0.0,0.0,0.0,0.0,0.0,0.0,0.0,0.0,0.0
255,0.0,21.001470912614646,14.415553292295119,27.119950711076253,25.887862540615696,25.757033535728226,20.022074889981614,0.0,0.0,0.0,0.0,0.0,0.0,0.0,0.0,0.0,0.0,0.0
256,0.0,20.358306065931846,14.855848584002288,26.210274124364368,26.74720688026731,24.772411583511282,21.00511338824046,0.0,0.0,0.0,0.0,0.0,0.0,0.0,0.0,0.0,0.0,0.0
257,0.0,19.687525024109547,15.329318874541261,25.93995013870031,27.365094592575574,24.632351212368654,21.289524787965394,0.0,0.0,0.0,0.0,0.0,0.0,0.0,0.0,0.0,0.0,0.0
258,0.0,19.429032921082655,15.842560124227035,24.953394073416916,28.605102974556416,24.587165916952276,22.32983357465504,0.0,0.0,0.0,0.0,0.0,0.0,0.0,0.0,0.0,0.0,0.0
259,0.0,19.5668706150519,16.279678926649936,25.859341857120178,28.180035177995343,24.978658926766922,21.987069619132846,0.0,0.0,0.0,0.0,0.0,0.0,0.0,0.0,0.0,0.0,0.0
260,0.0,18.210209324644488,15.46409245598476,26.381056706858548,29.74099592133401,25.10542987655527,22.310960573683243,0.0,0.0,0.0,0.0,0.0,0.0,0.0,0.0,0.0,0.0,0.0
261,0.0,18.455247970135964,16.353328232584357,26.401839521960884,29.03697467102114,25.193169833919,22.956540961643736,0.0,0.0,0.0,0.0,0.0,0.0,0.0,0.0,0.0,0.0,0.0
262,0.0,19.335611170117375,16.543088801632535,27.254371962425267,30.833268015966762,25.957528273675333,22.068783446989716,0.0,0.0,0.0,0.0,0.0,0.0,0.0,0.0,0.0,0.0,0.0
263,0.0,17.88041635949653,16.635021997546485,27.5034706795256,31.707723219538398,25.931680826750856,21.96413818579354,0.0,0.0,0.0,0.0,0.0,0.0,0.0,0.0,0.0,0.0,0.0
264,0.0,12.114469771967357,11.500678123643967,22.3964583528195,26.436012448989064,20.05963751628548,15.301517023395276,0.0,0.0,0.0,0.0,0.0,0.0,0.0,0.0,0.0,0.0,0.0
265,0.0,11.89126291461234,11.692821697841707,23.227761324905668,26.142041471923612,20.356485401003724,15.662141244094391,0.0,0.0,0.0,0.0,0.0,0.0,0.0,0.0,0.0,0.0,0.0
266,0.0,11.343721178134023,11.573291169164172,22.574085586779013,25.89855296510823,20.510530621793944,15.503764356754928,0.0,0.0,0.0,0.0,0.0,0.0,0.0,0.0,0.0,0.0,0.0
267,0.0,12.013940057059882,11.468105457889811,21.916584448363402,26.45705949071855,21.067704884110963,15.969930617248048,0.0,0.0,0.0,0.0,0.0,0.0,0.0,0.0,0.0,0.0,0.0
268,0.0,12.380882701210961,11.08343414561031,22.644102711435483,25.44567743348217,22.102081445223504,15.975048371153614,0.0,0.0,0.0,0.0,0.0,0.0,0.0,0.0,0.0,0.0,0.0
269,0.0,12.775473430681899,10.96912331929578,23.167204539760018,25.30181049451684,22.40134590547582,15.097483905183598,0.0,0.0,0.0,0.0,0.0,0.0,0.0,0.0,0.0,0.0,0.0
270,0.0,13.203209327009308,10.551942288352022,24.21699180503632,25.255397150865356,23.49598363042468,14.641075844633999,0.0,0.0,0.0,0.0,0.0,0.0,0.0,0.0,0.0,0.0,0.0
271,0.0,13.567504681037057,10.93503681656616,23.857130721681347,25.6575301774229,23.13531921879243,14.1130007662704,0.0,0.0,0.0,0.0,0.0,0.0,0.0,0.0,0.0,0.0,0.0
272,0.0,12.887793901211664,11.155652295535418,25.178635264526022,25.7877465144709,23.476125008531774,13.994437625143998,0.0,0.0,0.0,0.0,0.0,0.0,0.0,0.0,0.0,0.0,0.0
273,0.0,13.628884104275226,11.164440641718071,24.582613049029607,25.877871072815918,24.155420094942972,12.1790133364158,0.0,0.0,0.0,0.0,0.0,0.0,0.0,0.0,0.0,0.0,0.0
274,0.0,13.78703079871788,11.524947636648733,26.103349445353096,26.663003284753863,23.221300457984615,12.017065232169449,0.0,0.0,0.0,0.0,0.0,0.0,0.0,0.0,0.0,0.0,0.0
275,0.0,13.86364803862323,11.630283018249001,26.84366051913604,26.63645335461477,23.111190217536713,12.290180868000746,0.0,0.0,0.0,0.0,0.0,0.0,0.0,0.0,0.0,0.0,0.0
276,0.0,8.735155398584043,6.402717016164278,21.614580256397666,20.796804033206712,16.40521161079158,7.153547445349971,0.0,0.0,0.0,0.0,0.0,0.0,0.0,0.0,0.0,0.0,0.0
277,0.0,8.88109496505239,6.640370559466315,21.374224064665125,21.10456070533727,16.79184756613511,6.789535995764295,0.0,0.0,0.0,0.0,0.0,0.0,0.0,0.0,0.0,0.0,0.0
278,0.0,8.790307471336991,6.453497228619772,21.17514328868854,21.264266894764933,16.62204699361084,7.170798181563538,0.0,0.0,0.0,0.0,0.0,0.0,0.0,0.0,0.0,0.0,0.0
279,0.0,8.710415353340647,6.26553028934917,21.63178871298692,21.841916612330685,17.121837709623403,7.609032889489942,0.0,0.0,0.0,0.0,0.0,0.0,0.0,0.0,0.0,0.0,0.0
280,0.0,8.418244434894488,6.473513778933157,20.804863748860868,22.914305214594073,17.127324605835344,7.685999755900685,0.0,0.0,0.0,0.0,0.0,0.0,0.0,0.0,0.0,0.0,0.0
281,0.0,8.331421482294402,6.623058538405297,20.687235437688418,23.224567268378355,16.18646163490654,7.68072393296986,0.0,0.0,0.0,0.0,0.0,0.0,0.0,0.0,0.0,0.0,0.0
282,0.0,8.01455832905622,6.923172542184422,20.649287016259176,24.35943155666047,15.697132975353426,8.092182029069773,0.0,0.0,0.0,0.0,0.0,0.0,0.0,0.0,0.0,0.0,0.0
283,0.0,8.30553162648448,6.820295174452657,20.978078530979793,23.985513180300067,15.130967973955547,8.156301459242421,0.0,0.0,0.0,0.0,0.0,0.0,0.0,0.0,0.0,0.0,0.0
284,0.0,8.473096571039154,7.198087925883144,21.084545853661275,24.338843155322664,15.003852903178919,8.35623583022271,0.0,0.0,0.0,0.0,0.0,0.0,0.0,0.0,0.0,0.0,0.0
285,0.0,8.479771618264778,7.0276966291408876,21.15823338513675,25.043101484085827,13.057482515561727,8.144702311529821,0.0,0.0,0.0,0.0,0.0,0.0,0.0,0.0,0.0,0.0,0.0
286,0.0,8.753588917483139,7.4624459385385045,21.800172226690915,24.07465412218202,12.883853135150241,8.069512321449785,0.0,0.0,0.0,0.0,0.0,0.0,0.0,0.0,0.0,0.0,0.0
287,0.0,8.833594715172218,7.6740866468457725,21.778464505191668,23.96049746851442,13.176668533334473,8.361238510110455,0.0,0.0,0.0,0.0,0.0,0.0,0.0,0.0,0.0,0.0,0.0
288,0.0,3.6288125519911096,2.455368702358036,16.12259543149844,17.234632704246067,8.107715769351385,3.028247773762797,0.0,0.0,0.0,0.0,0.0,0.0,0.0,0.0,0.0,0.0,0.0
289,0.0,3.763505395479644,2.428064768457985,16.361181913737852,17.640816351168226,7.695151039393709,3.016310860086704,0.0,0.0,0.0,0.0,0.0,0.0,0.0,0.0,0.0,0.0,0.0
290,0.0,3.6575928138527622,2.4054496308621767,16.484993162617112,17.46243093500564,8.127267476682631,3.1017997877100827,0.0,0.0,0.0,0.0,0.0,0.0,0.0,0.0,0.0,0.0,0.0
291,0.0,3.551060417236998,2.4573235451180584,16.932812581531735,17.98749026516401,8.623955655418571,3.134790646223632,0.0,0.0,0.0,0.0,0.0,0.0,0.0,0.0,0.0,0.0,0.0
292,0.0,3.668937420968991,2.363386690826721,17.764175302074566,17.993254570016806,8.711188665513664,3.040366320306028,0.0,0.0,0.0,0.0,0.0,0.0,0.0,0.0,0.0,0.0,0.0
293,0.0,3.753693611018772,2.3500243738009914,18.004704066154016,17.004823081677024,8.705209132547772,3.097013318856739,0.0,0.0,0.0,0.0,0.0,0.0,0.0,0.0,0.0,0.0,0.0
294,0.0,3.9237866295283466,2.345713516723224,18.884500681076805,16.490754752713116,9.171549129543957,3.1469784300133585,0.0,0.0,0.0,0.0,0.0,0.0,0.0,0.0,0.0,0.0,0.0
295,0.0,3.865479713511545,2.3830635085005087,18.59462274133012,15.895965360135419,9.244221061771164,3.1180584441741193,0.0,0.0,0.0,0.0,0.0,0.0,0.0,0.0,0.0,0.0,0.0
296,0.0,4.079598044054834,2.3951579618202112,18.868539648563313,15.762423555982874,9.47082346635659,3.2063612145097222,0.0,0.0,0.0,0.0,0.0,0.0,0.0,0.0,0.0,0.0,0.0
297,0.0,3.983026842359158,2.403528703069528,19.414511620784705,13.71764781441688,9.231074774067203,3.2166879193691886,0.0,0.0,0.0,0.0,0.0,0.0,0.0,0.0,0.0,0.0,0.0
298,0.0,4.22942594869615,2.4764515413427137,18.663728712615455,13.535240012003086,9.145855647063925,3.252828113994478,0.0,0.0,0.0,0.0,0.0,0.0,0.0,0.0,0.0,0.0,0.0
299,0.0,4.349375722655986,2.473985592000349,18.575229463405922,13.842859685408158,9.476493423384868,3.3615966406629076,0.0,0.0,0.0,0.0,0.0,0.0,0.0,0.0,0.0,0.0,0.0
300,0.0,4.359023963894539,2.4064283223358562,17.080401415980283,14.066595824842507,9.177133307197952,3.3389429069676853,0.0,0.0,0.0,0.0,0.0,0.0,0.0,0.0,0.0,0.0,0.0
