,1980,1981,1982,1983,1984,1985,1986,1987,1988,1989,1990,1991,1992
0,100.0,100.0,100.0,100.0,100.0,100.0,100.0,100.0,100.0,100.0,100.0,100.0,100.0
1,95.70020006862791,99.1098318200545,100.54992606017346,101.6871989017007,101.50882323725934,98.06141413145207,104.20537357613382,104.25164379368559,96.33176611096584,101.84947948390229,97.71434287802062,101.99491705892001,94.64438061831366
2,93.6317524393426,99.57958084212277,99.8760081111323,99.98002311674891,102.29678488283042,98.29197928835858,110.82984217687564,113.9550665824105,98.54295940064607,105.99391497268338,96.11169141182839,99.02086540301893,93.26378810013787
3,98.42610528976459,105.83952778338248,97.37477119708159,104.49293264920362,103.54169939213821,98.05785252892856,112.03731028798107,106.72358663469103,98.50710930379589,102.20251345648317,85.53997022294007,98.60538016139539,93.70209280548445
4,96.09875833281471,105.9333137635377,94.0284044336429,102.76647712628775,101.91402605107768,97.55100759278311,118.4682758013896,109.03932205585032,103.11066121490336,101.11341606139162,91.07617114286488,95.93948438312563,89.8724481659436
5,94.45488187759533,112.83241016194732,97.20847994467866,101.68088526017335,103.33772258726101,98.83956344710752,122.43453520541303,113.24075784644616,101.72622285161728,96.86593748494242,86.23232098446029,94.91571025186985,88.46765338504935
6,94.52019017418309,111.47443977860627,97.65135727146223,102.93660744009196,104.44003374825404,99.11027315857922,129.8686582664803,123.24690243885847,102.86215951326909,99.54262245675147,83.66534485606934,102.78276467481852,84.85689279401616
7,93.43831358618122,107.98930408392017,96.41606609834732,100.47545094512647,104.7289103636801,98.73822611262032,128.2089753936215,120.42243690247996,98.72159489717505,103.33784100288084,78.9337829438639,100.00581490623806,89.13589416504891
8,91.73152460497978,104.28510725665025,95.29216443888885,100.06334572932771,102.98440648680258,98.82856978301913,125.05048586982635,121.40272675929286,99.75265294163943,101.04683776689657,78.09743382703833,101.10334604443578,85.04751038252375
9,87.99742745469645,100.69308226868215,95.36492650066397,101.89945405778957,102.02771818210728,99.44018359749833,123.4024753552607,124.04557410379762,104.06348780500907,98.42373638736905,83.69779965187467,100.55786655933645,92.67818472531519
10,88.62951456400616,106.5723250614615,98.05001951361514,100.72109698084448,104.66522377479043,103.59890547155655,130.27424875476748,120.91585729833965,110.30671001174521,99.22071072162645,84.27270191432711,97.17569888306458,97.32480675630372
11,86.42691432063157,106.02588918018594,99.18570970978641,102.13656997547164,107.48915041305511,108.01410808984029,132.13074096338366,126.20287370205088,114.51291390244363,99.7771833830732,83.97343490805248,94.09398618547863,98.4486570400271
12,81.2924552353325,99.80598256604632,90.83171627497696,99.18736320323643,102.41754282005712,102.63481771881966,135.68748241201428,134.41849413962024,109.57467332187795,93.39336816510804,75.16107538417538,94.8297778714345,94.30308504877686
13,80.56881566613114,100.35484167378918,92.36422799436428,100.68392518767169,100.43209080803348,106.95099522308003,141.45643083679292,129.4877093844613,111.60123442451903,91.2587159941858,76.660476498682,89.75105590814181,91.3695735550294
14,80.95068617961438,99.68223124305975,90.81357092906175,101.46548356696647,100.66822997633633,113.75000649629183,154.62276092660738,132.4599621069658,116.14248607238689,89.7619458099614,74.4251472916259,88.44184308984607,91.9369506603664
15,86.03955074459347,97.18584716468676,94.91272411132739,102.7002814428834,100.42844310224388,114.98928919113777,144.8105478444172,132.4117729466322,111.98807024668977,79.88865931863421,74.1128641159591,88.8574864683263,95.205849016182
16,86.1157916705282,93.84597293617318,93.3445549291388,101.08583517432339,99.90934497273581,121.58969892338476,147.95271093671147,138.5997981024785,110.79469533386114,85.05910382613968,72.10914818039022,85.22584296338441,97.069378159046
17,91.72423652184773,97.01987854630462,92.35849320540551,102.49796222857948,101.2290522165989,125.6604620329598,153.6535333861283,136.73885690225816,106.14053455930019,80.5352690143347,71.33966853383338,83.89367919311287,96.57206003232153
18,90.62030905586114,97.4618966138632,93.49908721307115,103.59131560346341,101.50630645126346,133.29046068567888,167.2306190700784,138.26576585723043,109.07350337301575,78.13788354803611,77.25263123917995,80.46960294516686,95.65136655039257
19,87.78715668136782,96.22900212098422,91.26357652848091,103.87784470121532,101.12526500865775,131.5870481944098,163.39817289217143,132.70008125139887,113.23210169678835,73.71891851141005,75.16544593023647,84.52737044043286,91.05050638458857
20,84.77592413373081,95.1072810266856,90.88925428811221,102.14751730476227,101.21779277597366,128.34533822899456,164.7283035192212,134.0860139484733,110.72174238516493,72.93782390158754,75.99036213638209,80.6503651809325,94.33391697345036
21,81.85587882834491,95.17990191737557,92.5570229955219,101.19860340126124,101.8441926163113,126.65390564138318,168.31431654497248,139.88057325666054,107.84748761764598,78.16819417496984,75.58037388938135,87.88651671029413,95.68179666667596
22,86.63525964384156,97.85978538176374,91.48670103868503,103.81467565298155,106.10345337244193,133.7067377440173,164.06768260502085,148.27261853274564,108.7207696408677,78.70511476153159,73.03830029259944,92.29289806080568,100.25465804932243
23,86.19104849966587,98.99327214095874,92.77239945311368,106.61565402427009,110.625395404615,135.61214513829464,171.24150205792682,153.92653446306454,109.3305227417735,78.4256192245648,70.72205188884317,93.35864278846805,103.17450759723519
24,80.49305044551171,90.68405422816056,89.7874323692114,101.59211395765801,105.24152024858434,139.40514274398367,183.88581621614566,148.5856996781145,102.72463845797732,69.99703032012549,70.34362408361385,89.27273526480863,102.71491665701787
25,80.93570270654014,92.21407459511576,91.14216601293657,99.62266359291577,109.66731933223981,145.3321528435368,177.1404543885779,151.33376170967387,100.37670544303496,71.39341301871907,66.57628731841125,86.49570421813465,100.33403320590406
26,80.3932455918571,90.66593838052005,91.84965654254904,99.85689960986687,116.63901079605064,158.859223233211,181.20652521742304,157.49180017838734,98.73038751864752,69.31166517940183,65.60512850729917,87.0328160856188,96.80242292817283
27,78.37992370086849,94.7584277081991,92.96743331564826,99.61904528562134,117.90976859269489,148.7781682895901,181.1406019742158,151.85831970793458,87.87062514857661,69.02083784884695,65.91344792156895,90.12734366523456,98.65331250896878
28,75.68633101388197,93.19280784557303,91.50598721535184,99.10413080050382,124.67781446566816,152.0064225590302,189.6058809808897,150.2400767232617,93.55766752787657,67.15478997262852,63.21953709259207,91.89146775240631,100.88968007162144
29,78.24607079918535,92.20834912900935,92.78428777992026,100.41320193243719,128.8519661594649,157.86344012020717,187.0600951965516,143.92893096176664,88.58183996520928,66.43817848356382,62.23135353277358,91.42067775177696,100.0689276625719
30,78.60255626924496,93.34708891160179,93.77402466809514,100.68822165100994,136.6757502860827,171.8125202724289,189.14892159852855,147.90610205530803,85.9449230180171,71.94488295329599,59.69141367605793,90.54909623957336,99.44607986441271
31,77.60823272212063,91.11521242106734,94.03339956380132,100.31025119210327,134.9290747993807,167.87507005968584,181.53501055826712,153.5452540863879,81.0844431502887,70.00110058180805,62.70141831502989,86.19365684583798,99.45002513406175
32,76.70356999241477,90.74149870369533,92.46705432517165,100.40203323668837,131.60503240764635,169.24164453388067,183.43098005899265,150.14115089855244,80.22530654378318,70.76933978538513,59.82550099595496,89.30192254163696,105.28366484900305
33,76.7621383955046,92.40655617596543,91.60806846060916,101.02338464007488,129.87064108826098,172.9259096469931,191.35799393323006,146.2435973605152,85.97826208967044,70.38752034481008,65.19319387069294,90.57790314142223,108.52397856201128
34,78.92345166892831,91.33797420530719,93.97621701087373,105.24831810555011,137.10259988193974,168.56292346686192,202.8383940462745,147.4277872513265,86.56882836026145,68.0201034109726,68.4617962047579,94.90683727337041,107.03232001981877
35,79.83760335143717,92.62158250333984,96.51174823136179,109.73381578097847,139.05640050558392,175.93329623135338,210.57300640240055,148.2546260488546,86.26140741004181,65.8629960396642,69.2523532236029,97.67093513474008,104.77822894211579
36,72.49234687157411,89.67254158784698,91.65729911273915,104.4003844328999,143.0831595638272,189.07509849165825,204.63717259343167,140.63043463569477,77.37580311123178,65.28347942924569,65.31007984752513,97.06992325015122,95.16336477533864
37,73.71543695180839,91.02554173276548,89.88044366464689,108.79081061322321,149.16654583723195,182.13938165306257,208.42189511698496,137.4161050907734,78.9193862069741,61.787144751893806,63.27846158401677,94.81988809080923,92.88653589334082
38,72.47786516007362,91.73212696708647,90.09177346016243,115.70678129903442,163.05050974917597,186.32019754336645,216.9029507211853,135.16228936817197,76.61818985327777,60.885845919288805,63.67140147600492,91.48236760433961,94.4757105248001
39,75.74937919234102,92.84847344817864,89.87717919596871,116.96738264893318,152.70347975675435,186.25241393743758,209.14433385676867,120.2952319117645,76.2967048107629,61.17198648144117,65.93529361189138,93.2315362294995,92.30871189984022
40,74.49783106608541,91.38889739450183,89.41261881680809,123.68133536767891,156.0169071644878,194.95658424747862,206.91563574066464,128.0808153277601,74.23394654221826,58.67186121097331,67.22589017143858,95.3449977863121,91.57352474552542
41,73.71086004489217,92.66556226299556,90.59367431044093,127.82212543308545,162.02845424071776,192.33895604853913,198.2237156753073,121.2688877968939,73.44179308611405,57.75476229916509,66.88146998042153,94.56935218441917,92.65433140211394
42,74.62116252330206,93.65403269726453,90.84179952041177,135.58337848805454,176.34556207406632,194.48672941036017,203.70120812085065,117.65893811054318,79.52898962706828,55.397532151478636,66.24383903983485,93.98073477682566,94.54982904689375
43,72.83701241991938,93.91307570037003,90.50079124665712,133.85066318842294,172.30422754382454,186.65795278436966,211.46763604739127,111.00492202835169,77.38030244163366,58.19101313131395,63.05748999684718,93.984463222844,93.18913199537427
44,72.5382676774067,92.34873473587542,90.58359781486398,130.55318798330788,173.70685724383614,188.60742679744678,206.77939180124903,109.8287606302881,78.22952597420999,55.521973945660505,65.33143265333459,99.49749850368114,96.10528641278907
45,73.86930569581311,91.49084801798145,91.14418651821602,128.83265867060675,177.4883267268023,196.75814206117568,201.4115513039246,117.70457943094436,77.80745684180737,60.50354366054948,66.26491357120582,102.559731465213,96.93485598815047
46,73.01508699620834,93.85596631746202,94.95595866558845,136.00681651704957,173.01022903615296,208.56252059761516,203.04245704784424,118.51306698136167,75.19047743972352,63.53702019830466,69.43187191491037,101.15005130464243,94.33041944769155
47,74.04119658934692,96.38825310657023,99.0028141358623,137.94500151981174,180.57505915324083,216.5154047467131,204.1812069684843,118.09220648971642,72.80597749038559,64.27070876709473,71.45402852853873,99.01984027947941,91.39632456289775
48,70.98356582955164,91.57128029355508,93.87506761386206,141.9472931518706,194.20907131983773,210.54924293630643,195.07762190264413,107.24245412812738,72.60735896887682,60.38688114124168,70.03486834315525,89.77864361957964,86.89671084102424
49,72.05458236542319,89.7960923941358,97.82286490187319,147.9823864314668,187.08502835010492,214.44330798792498,190.61881634423827,109.38185213993386,68.71878517940908,58.50841014734187,68.41149303929416,87.63064675899973,85.43674472771971
50,72.61390563881876,90.00722386022592,104.04158927987861,161.75613242314355,191.37936630307945,223.16938553353717,187.49240197660265,106.19240615710737,67.71637341383972,58.87172947888364,66.0035091856331,89.12989957781168,85.72519601802631
51,73.49759034905487,89.79283098910602,105.17510078559467,151.4912423825355,191.30974216291946,215.18661834450197,166.8693396871414,105.74682958745008,68.03461488462818,60.96496509650243,67.26551486433708,87.08551834209473,90.5940180227577
52,72.34220977151311,89.32870659197458,111.21217400953107,154.7783661294302,200.25025757720792,212.8935320242977,177.66922878548303,102.88785753033545,65.2540110539644,62.15827401948373,68.79035383529467,86.39193099704082,86.54110338032065
53,73.35280033948786,90.50865368507701,114.93550270679924,160.7421905076949,197.56155268887446,203.95049803770212,168.21996108793988,101.78993702724783,64.23402666462447,61.83981688107344,68.23073417360469,87.41158132017311,82.73089025538694
54,74.13526010809784,90.75654603375062,121.91429075687384,174.94564190548647,199.76764473025003,209.586237981636,163.21236510186628,110.22675925801342,61.612348760786276,61.25025178008015,67.80605327075628,89.19982417953595,82.41881084591878
55,74.34031503057497,90.41585779047172,120.35626233780197,170.93638953058968,191.72629264193603,217.57704189828968,153.9821466446846,107.24869017628234,64.7192186465352,58.30409582095989,67.80874330302657,87.9161207717069,80.2159841724036
56,73.10200397273255,90.49858664612009,117.39122816176248,172.32788444737793,193.7287008948587,212.7533519292785,152.35061667677755,108.42570950370597,61.750751157531795,60.406624331717914,71.78633684731733,90.66726758959025,80.57630583948061
57,72.4229125001855,91.05864924649096,115.84415717693044,176.07933471503853,202.10073324914072,207.23043183323148,163.27567714571666,107.84072391711996,67.29118226934835,61.2697376729772,73.99570381822016,91.44989682343297,79.07331085789787
58,74.29510801882589,94.86684411041418,122.2950391019888,171.63678642637174,214.22563711727682,208.908455260407,164.39718280757342,104.21360429835775,70.6649718073151,64.19796464080562,72.97863528508555,88.99282964692362,77.9604299987075
59,76.29963184307674,98.90990167553117,124.03782241807333,179.14156309993524,222.39446663122115,210.08010423623068,163.81337984859357,100.90869997228845,71.48096981709085,66.06768722208615,71.44171175928894,86.2247575045628,73.21025125314577
60,71.78233842347568,93.81924528139541,127.29104750216673,192.67550211085072,216.3983236990536,200.85238279186188,150.12687747647084,102.13472792555945,67.6011511528626,64.51017212286952,63.85931822879185,81.81268232891149,71.04545334084534
61,70.39077615468493,97.76469503178741,132.70300942320998,185.6077140465538,220.40056629937607,196.2615859999144,153.1217841652729,96.66478064134557,65.4982639165128,63.01485667858299,62.33145358811575,80.43813382549023,70.31595260747895
62,70.55628121590219,103.97972147690639,145.05459793454187,189.86814182008658,229.369055223887,193.0426223422186,148.65693327973136,95.2547162291461,65.90498810203358,60.79682648100145,63.39786826093719,80.70970882013407,70.24405779975295
63,70.3882195531082,105.11255894575908,135.8495713591806,189.7990674659733,221.16452589812917,171.80906843222428,148.0331782601064,95.70237754743675,68.2482973558139,61.95927892046817,61.9437051476492,85.29367274850235,71.37824571301702
64,70.02439440576202,111.14604225474577,138.79729523415298,198.6689842256333,218.8077373917011,182.9286598960382,144.03095217141296,91.79098041432594,69.58416791826004,63.363831064325325,61.45035825353773,81.47788024106771,73.58366632481653
65,70.94934992988871,114.86715689350294,144.14534686213335,196.00151065775657,209.6162649527886,173.19967143401522,142.49399203574677,90.35619708694713,69.22766550014327,62.84835696473721,62.175632905078515,77.89058961776732,73.55449938491383
66,71.14367169112252,121.8417950426864,156.8822731283964,198.19018232425543,215.40856636248785,168.0438387144437,154.30455519029425,86.66835658125207,68.56766652762673,62.45717698841725,63.447605450245284,77.59676890417411,72.6108299008029
67,70.87660762149775,120.28469309730569,153.28698136080249,190.2123286599721,223.62135567702742,158.54038387050687,150.13560721363427,91.03870298948733,65.2695406673664,62.459654817659725,62.53451051890171,75.52282206404965,71.13334986179188
68,70.94145842072763,117.32142206378913,154.53480258809708,192.1989249241981,218.66366307846636,156.86055674090406,151.78329644074253,86.86304333665255,67.62325301304153,66.1234761433421,64.49139417245499,75.86206254622078,67.95991759975247
69,71.38048911888181,115.7752710368656,157.89891065680038,200.5048476423652,212.98731566424203,168.10902494514897,150.96438512248812,94.65661181554805,68.58948035152665,68.15855733857154,65.0480763329796,74.44700264602346,57.292334483802996
70,74.36571692860939,122.22231697773054,153.9150613512816,212.53400737709023,214.71195476388672,169.26372983800908,145.88684239908267,99.40242658462726,71.8675352886422,67.22172019322578,63.30037077174286,73.39923262893457,53.536874490230645
71,77.535052614148,123.96406395656214,160.64495991317702,220.63833184329954,215.916152275101,168.66264492499656,141.26036335340095,100.55026801419878,73.96062896134626,65.80603678388418,61.33144817843337,68.92697054956577,49.96473861148864
72,72.81769098788831,127.2507850625812,172.41605360286368,214.69693718362274,206.5656404187261,154.70562715218813,144.51508491417846,96.57714970471226,72.69798702041808,58.589396295031605,57.20361456022537,66.71174023970386,54.315830765764176
73,75.87994692344375,132.66103516811063,166.09142949446814,218.66771298940046,201.84425814693313,157.79187609935633,136.77540701705425,93.57289826855188,71.01288187834642,57.18761704964375,56.242527103540716,66.02673843958115,53.02972579078761
74,80.70373199872162,145.00871684470445,169.90388170206614,227.56568904736457,198.53373088211308,153.19085083326453,134.78024256709372,94.15395734644754,68.51333296678006,58.16602699221344,56.43241296078894,65.95922915486183,49.74853670753559
75,81.58298239664369,135.80660183958827,169.84207037986428,219.4256661157493,176.69618730500378,152.548071784486,135.41365898420815,97.50168330595137,69.82332718281233,56.83186713449617,59.63753102136241,67.02423255613064,46.39170871491831
76,86.26586299173516,138.75339334298576,177.779332910555,217.08740736554114,188.1320761901139,148.42378100149008,129.87924478146442,99.41015038225518,71.40614908769189,56.379233165144036,56.969520174834386,69.0951243592669,41.4988593842145
77,89.15400150833503,144.09975337041925,175.39233892001306,207.9682009543742,178.12634608948193,146.83994481110898,127.84910441098513,98.9008397149457,70.82524954630104,57.04465530181049,54.461278368193746,69.06773657824957,39.21426529810309
78,94.56735826660233,156.83265091876092,177.35087608346126,213.7149616069025,172.82385541047535,159.01072069453568,122.63101067680584,97.9579442392525,70.38441989253742,58.211659673172136,54.25583825338825,68.18163014165444,42.08020124341882
79,93.3588155208651,153.23849634989725,170.21187797551534,221.86317958486708,163.05007424471964,154.714623139352,128.81481314163273,93.24613697681275,70.38721221492908,57.37391692440358,52.805729880411064,66.79427514655043,39.89470067945278
80,91.05887637954312,154.4859228885805,171.98958756613564,216.94446580643114,161.3224643354126,156.4125655698914,122.90648184669894,96.60872512351577,74.51605618502853,59.16931084750391,53.04292760126474,63.81441959241947,39.785162299747526
81,89.85883317559879,157.8489668824684,179.42215891489403,211.3127474853642,172.89089586727727,155.56867811148194,133.93395735270843,97.98910816028767,76.80943568546607,59.68005340815101,52.053514483319404,53.79755010462174,43.96350688930347
82,94.86269989503954,153.86637767728755,190.1864762614061,213.02382697115436,174.07844640749394,150.33627439656695,140.6490271264324,102.672241465018,75.75369249968024,58.0765753790329,51.32091129150189,50.27117002270646,47.7138112575058
83,96.2145546547239,160.59414755739755,197.4386470162384,214.21855673154477,173.46026359942073,145.568691440738,142.27316031826348,105.66250150537779,74.15832651737725,56.27013601680305,48.19389541917033,46.916931438285204,53.085649897420964
84,97.96800465198655,172.39908855110957,191.79061042921836,204.94904277599778,159.23563362178865,149.07316622111955,138.15026513751448,105.47178507159467,66.48302010798673,52.22802557860635,45.593976367691326,50.78755724462649,50.10478439992724
85,102.13325524157035,166.0750867604918,195.33773842115772,200.26461038335955,162.41225244078905,141.08937483808774,133.85278759014113,103.02699870745914,64.89238214870838,51.35053382119026,45.12581355595235,49.58499568718841,47.605609107006956
86,111.63950493063028,169.88716383800383,203.28637654393614,196.9799915443631,157.67650244227573,139.03128185863122,134.6839724606543,99.40060000810283,66.00261116622825,51.52390334487542,45.079674499752755,46.51694764213959,51.723323415535425
87,104.55496831904097,169.82535859778943,196.01482443219308,175.31335016278916,157.0149018851714,139.68467656058752,139.47277840830623,101.30116746617541,64.48870280982132,54.450239195101204,45.80754848017188,43.37817407590937,56.69912904741415
88,106.82364810417002,177.76184013351585,193.92603788997835,186.659740954331,152.7698458509471,133.97570404140663,142.2027744105047,103.597559135331,63.97508643571731,52.01429279892095,47.222894438664,38.80315677489292,56.23345599980078
89,110.93971091495118,175.3750810136588,185.77977280035614,176.73231642117713,151.13963262618597,131.88153198261847,141.4742231544229,102.75477773121102,64.73015947093897,49.72421867962492,47.20417632643995,36.66696643603039,61.786338949628
90,120.74253111473017,177.3334254648644,190.91340324705587,171.4713234177515,163.66678658393926,126.49885684490091,140.12544385867582,102.11521269783694,66.05439184050726,49.536647812758886,46.59856904076264,39.346735553616995,64.97907773583232
91,117.97545858665713,170.19512980584858,198.1922760638003,161.7740325703328,159.24489302458136,132.87769967134457,133.3853668883658,102.11926385852533,65.10378180637687,48.21267033724696,45.65038464873377,37.303201772844005,63.328257270485565
92,118.93582899918256,171.97266447693806,193.7983469725529,160.05994306113328,160.99255368668693,126.78301651946357,138.19543267965946,108.10947846634069,67.14106530542801,48.42923652326812,43.61380962871472,37.20077883921061,59.622480178598224
93,121.52497380859187,179.4045044903308,188.76748482457987,171.53783921108948,160.12395597231213,138.1583043662854,140.1700227675264,111.43676220103077,67.72061911681257,47.52588287981169,36.76780457677208,41.10770453726335,59.15457462648529
94,118.45885270302676,190.1677626709644,190.29600676521625,172.71609589488335,154.7383398428493,145.08517095020807,146.86908263521735,109.9050675428179,65.9011079288877,46.85700175166321,34.3577086994852,44.6143948538718,64.62463425686475
95,123.63843717936591,197.41921984112975,191.36326907947668,172.10275103017904,149.83115510244517,146.76053015173952,151.14654597586159,107.59047665945913,63.85129086236212,44.00197473596833,32.06526250935147,49.637287049153315,65.81792989041895
96,131.88137110864417,191.80587804025222,182.7477205681347,157.99668773674918,153.58274833413168,142.6526515685841,152.47741122499946,97.97862503284529,59.76822729157977,41.35275116842195,33.43088803498026,46.65700529620971,59.50664938029699
97,127.04365396031399,195.3532884035253,178.57073427771414,161.14859061293816,145.35744089742238,138.21511707251176,148.94305655802833,95.63443970669732,58.764051349205715,40.92813761631534,32.639302399383695,44.32980169131591,55.52760698523996
98,129.9598059886066,203.3025592825937,175.64192525459606,156.44968750503457,143.2370889647126,139.07339067484162,143.7004802105036,97.27062759995904,58.96245036931518,40.88629048951988,30.619761073819763,48.164170416821705,56.383881717162474
99,129.91252638933685,196.03042831441445,156.32234575708412,155.7932345852343,143.9102493772617,144.01826621018682,146.44807385053414,95.03952168832089,62.31126366045815,41.546456458627375,28.553664703908204,52.79758402192668,51.83292875715829
100,135.98375376940353,193.9414754930456,166.43962674431882,151.5812075570543,138.0285758884241,146.83723415134565,149.76789873672357,94.28258516456903,59.52363774000514,42.830144653900255,25.542161504183813,52.363954576974315,52.392575098635405
101,134.15793747374775,185.79456191491562,157.58760099209846,149.96367833976447,135.8710534554722,146.08493904441812,148.54951481877285,95.39536580645667,56.90294379340656,42.81316773065712,24.13601511884106,57.53473601635514,55.19566158893958
102,135.65602631806,190.92860102746545,152.89651062993585,162.39336375047083,130.32554810399776,144.6922023549329,147.6249147417692,97.34693880334436,56.68829317087335,42.26389501119886,25.8999720049367,60.50777805697839,50.88605898324508
103,130.1953929307158,198.20805328341535,144.24968908811033,158.00587509600032,136.89735601088503,137.7324628956274,147.63077138384466,95.94598764415758,55.17317201113833,41.40391226020686,24.554816759693047,58.970552817568176,50.06608237349044
104,131.5551664166814,193.81377441070512,142.7212801411199,159.73993794123223,130.61830383523596,142.69929114358172,156.29064582762945,98.948411958139,55.421004030181486,39.55678273240481,24.48739690703071,55.51977534245323,46.62079672741385
105,137.24035454072273,188.78251177781644,152.9558210294851,158.8780984224918,142.33770320732248,144.7382341127818,161.10080059965887,99.8025230601884,54.38723250065047,33.34760410916557,27.059129092208956,55.08406701470536,42.628432345520054
106,145.47400158832573,190.31115539739426,154.00644180961163,153.5343855202793,149.47411302721392,151.65561970152146,158.8864753551119,97.121038312125,53.6217844704917,31.16169923651868,29.36740650715177,60.17772432112355,42.71592016094192
107,151.02120095100392,191.37850267173613,153.45953817723222,148.6653815325306,151.2001531801172,156.07248771782915,155.54034040821628,94.10014278991768,50.35457492720102,29.08250008742289,32.67372316623855,61.28890764146856,42.407202700771194
108,145.95904063417467,182.79684246882454,140.5571751323557,152.39586798016006,147.10715377132055,157.60024248734993,143.1363218911808,89.74928017352369,47.86971744381302,29.977973918509747,29.55829097120163,55.21765913776281,42.48980985285875
109,148.65852314560433,178.61873342018237,143.36117419660712,144.23412533772546,142.53105187415107,153.94714300149235,139.7117171337287,88.24138756770876,47.37818712991993,29.268147320025413,28.08395371217765,51.52540946561582,40.92853568058026
110,154.70770142473148,175.68913714420268,139.1809312020955,142.1301593863823,143.41612611152055,148.52843017714395,142.10201314865904,88.53930788505544,47.32974512596774,27.45719461300307,30.513114901581794,52.31996749850739,38.60016971407335
111,149.1738081450961,156.36436461630717,138.59693688337762,142.79811764649315,148.5154113877451,151.3683355798304,138.84260535604616,93.56795932638661,48.093949622991126,25.60449530613667,33.44848948595837,48.09702818139792,40.393347823883815
112,147.58417203564872,166.48436509065974,134.84982908546894,136.96189745750917,151.42240502464293,154.79969766078105,137.73680182105454,89.38199914166886,49.57994002163227,22.904035650910533,33.17377521258806,48.616337556790384,41.6658335586389
113,141.38459305432136,157.62995994717497,133.41084108683998,134.82104825782537,150.6466185898356,153.5403793173684,139.36245566237056,85.44670766790836,49.56028762860516,21.643123298797576,36.44958473708241,51.217389304236484,41.01211836234096
114,145.291456759973,152.9376086375478,144.46855054986173,129.3183983144348,149.21039200666158,152.5847151624689,142.2134956783231,85.12438358813984,48.92445254781518,23.22488964222884,38.33307556870456,47.21840481798769,39.05404081178484
115,150.83092133987367,144.28846286257874,140.56534840030048,135.83941959470314,142.03332623472852,152.59076857197945,140.16685544421122,82.84924444441873,47.928941242439784,22.018668951469238,37.35920785845842,46.457528690531554,39.080974953291516
116,147.48699499573314,142.7596430850057,142.10800716434923,129.6088916429638,147.15524972366043,161.54159152526634,144.55307716263079,83.22139443649668,45.79071425440012,21.958212568061583,35.17306058992375,43.26056481475546,36.65793579886928
117,143.65834138731296,152.9969349795097,141.34129660916707,141.2377240404002,149.25786116202448,166.51335457123568,145.80084239298372,81.66906044829486,38.60300321089402,24.26432302172339,34.89702929626518,39.55595334882827,38.792700725645574
118,144.82159747969564,154.04783816255463,136.5874172651597,148.31898401628249,156.3912505123725,164.22463394906103,141.8834791526195,80.51964690819024,36.07261174585009,26.334189669281074,38.123978900399486,39.63713540866497,42.56801876317449
119,145.63381963773475,153.50078752453356,132.25584895173773,150.03168541096022,160.94604059386083,160.76607786006775,137.47027296891014,75.61353344332402,33.66574223984644,29.299012932986408,38.827939210251856,39.350669010991645,44.11379978147741
120,138.32567749156195,140.6284919171986,135.21265831867723,145.9780923627289,162.66861380388607,148.08659798507534,132.72015765866226,73.67644141246048,35.388060603147494,26.184203253869597,33.8159827773738,39.193841713920236,42.054569142358275
121,135.16402679244982,143.43391369215672,127.97118298326878,141.43711248322762,158.89803185506807,144.54355551148058,130.49030418252121,72.91992547069627,34.5501325045651,24.878162032046298,31.55480305203303,37.75367681338943,43.8197587910948
122,132.94714829401096,139.2515496996246,126.10444713889453,142.3153936915735,153.30505503075358,147.01651835104147,130.9308651698798,72.8453682212144,32.41235947428132,27.030033748233805,32.04140029602068,35.605924035502845,45.53835323695134
123,118.32374333696218,138.66725907019085,126.6970905825295,147.3755414678928,156.23629084548426,143.64438607129043,138.36717452872432,74.02155790560452,30.225305888571313,29.63033444959857,29.455219616738553,37.2600039018087,43.94176087564578
124,125.98173076674226,134.91825004112584,121.51892626124759,150.26022365190545,159.77800438829354,142.50033904414047,132.17702687969043,76.30865067304077,27.037497726643068,29.386978892348136,29.773251151733316,38.43378191220517,42.59605532891755
125,119.28144221845301,133.47853191970245,119.61946589407839,149.4903914518338,158.4781867863175,144.18221506052214,126.35756510996403,76.27840360953606,25.54903013196418,32.288853784028824,31.366167665547323,37.83077592045295,41.19256791309243
126,115.73065509780956,144.54185191300047,114.73726051341929,148.06518804440265,157.49178879043856,147.13185643109406,125.88091613181787,75.29978772084198,27.416255828187865,33.95734357628523,28.917139716416244,36.024587993374865,40.65172016834575
127,109.18569002681868,140.6366693321476,120.52301201668531,140.9432069354671,157.49803687558318,145.01443448281023,122.51646768982208,73.76759295800424,25.99235002917003,33.09464315519829,28.451169691182503,36.049432832233144,40.94012049103024
128,108.02880444477505,142.18011082011674,114.99499962206336,146.02581917405627,166.7367153143683,149.55235081115362,123.0667986286971,70.47664068539571,25.920983159424498,31.158045248439258,26.493309161575297,33.814350740457975,38.101553313503636
129,115.7755484139858,141.41301124650383,125.31263724859289,148.1122928694795,171.86836860426806,150.84326918606834,120.77122577001,59.414010699995266,28.643274422789272,30.913523009158713,24.224558919626325,35.783520264309566,38.61425214351803
130,116.57078586343745,136.65671984925177,131.5954584187138,155.1909327775233,169.50604348904247,146.79042649965115,119.07148683101528,55.51947677583493,31.086687261939755,33.77211535493977,24.274275825053632,39.2659838972378,40.45625213381704
131,116.15682274949937,132.3229537574158,133.11504626285816,159.7107644115575,165.93626138794775,142.2245924659314,111.81638516012275,51.815055909873976,34.58656839529559,34.39571838577096,24.098840232142155,40.69185745999444,37.41152147367202
132,105.66189679635755,135.31876822333564,129.17036328470326,161.42832998252246,152.98426898023368,137.46073649723422,110.6488426002376,56.690103547735625,31.558807615063028,29.61871228861021,22.596811308917665,38.555304282865876,32.871529655452406
133,107.76976400032656,128.07161004530747,125.15222596553474,157.68649722925537,149.32404739256884,135.15123576638373,109.51269091103993,55.34777989776515,29.98468663619491,27.638192244031817,21.766498864719004,40.17361652365049,32.26587782182252
134,104.627324608998,126.20340925552847,125.92938300952643,152.13616464039748,151.87879858121883,135.60753297746763,109.40071925219661,51.92316231819751,32.578254400889875,28.064392596243497,20.528233817512103,41.749210642200204,30.780172316997767
135,104.1883150217896,126.79651778386838,130.40691190418627,155.0450509417673,148.39513970363183,143.30945693024805,111.1671458705443,48.41959947453834,35.712296280264475,25.799211011242434,21.481876762279068,40.28546709277852,32.59875127001435
136,101.37147897585577,121.61428983031072,132.95945550602997,158.55976032007098,147.2132555864399,136.89820584470286,114.60195030442677,43.31287218544933,35.41898923789007,26.07776818332669,22.158606550930166,39.051734637843246,33.594417298830024
137,100.28973980986049,119.71333883673891,132.27826079152152,157.26985331304476,148.95075632170204,130.87088102083217,114.55652462282903,40.92841311559316,38.91650682670571,27.47297045300614,21.810949571723352,37.76502821145858,34.66510393305522
138,108.60221873514982,114.8273020814592,131.01715346429984,156.29097621162177,151.9979512398828,130.37720680628573,113.08681852196014,43.91962586536725,40.92747305130276,25.327918076748933,20.769610269632604,37.26918317500553,35.82572701152979
139,105.6680409365856,120.61759402900036,124.71518806484734,156.29717665758912,149.8104997534657,126.89258496057371,110.78573592491891,41.63859192870212,39.88769359517237,24.919784674168984,20.783934309102346,37.53358636407963,36.814209855490205
140,106.82771315513597,115.08524345424472,129.21259489259586,165.4654138285079,154.4984986786287,127.46257295267314,105.84331399145172,41.5242653686478,37.5535870281486,23.204935571322192,19.495320433064606,34.931209892538,34.96987547877133
141,106.25134918454502,125.41097798204422,131.05883470063574,170.55794029238098,155.83211162258584,125.08500543463457,89.22922160951127,45.88525523293888,37.25887382903994,21.217784669531365,20.63062511920722,35.40124822130461,36.98075742787152
142,102.67768666496286,131.698729678372,137.32244914910808,168.21362697151875,151.6452291895388,123.3245541924943,83.38032794805896,49.799494230511634,40.70422463905797,21.261330667511846,22.638404151888732,37.08997959017466,37.40987433138742
143,99.42149057487933,133.21951003898093,141.3218732044875,164.67106304658137,146.92838923617526,115.81031041342875,77.8169501102495,55.40614857870335,41.455829256825496,21.10767029969596,23.460477070465178,34.298594029573955,37.61776835572972
144,100.82911310903293,129.30790668534996,142.47396749176272,151.82536891949826,142.1509597873971,114.758206393383,87.19087317985395,52.62068148628073,36.388185844346104,19.371383067502837,20.792631691873844,29.89849945944649,34.88569344355443
145,95.42908958498313,125.2854907665314,139.17148794491797,148.1928745684214,139.76265783379387,113.57985940864144,85.12634403267498,49.9960158252639,33.955010129334184,18.65958792957825,21.66537724559106,29.347625155445485,35.46853401647946
146,94.03705039325683,126.06347534417672,134.27285642888222,150.7282727783146,140.23452411471686,113.46372925821436,79.85919194821726,54.32049173461224,34.47862025363956,17.598070610137782,22.515085186229612,27.996292689372332,35.105954928902214
147,94.47898914037293,130.54577200858662,136.84019124789117,147.2710036237477,148.1992412404636,115.2957588184284,74.47061996718517,59.546146059413815,31.695722479994444,18.415592274595454,21.725697549934743,29.65039222211824,34.786888832215666
148,90.61759241509628,133.10103361414542,139.94221546979603,146.09807262039115,141.5692353313466,118.85812772244388,66.61633882176216,59.05709030538401,32.03794499282039,18.995726869248514,21.06035344180431,30.55600630629266,33.620042379124904
149,89.2011502965186,132.41911354875035,138.803764932605,147.82241128532377,135.33625542380145,118.81101498613464,62.948977935971584,64.88879856504238,33.7520262460784,18.697693822539474,20.366440805994223,31.529855837791683,33.273296526296484
150,85.56045241608939,131.15666336713116,137.93982423309043,150.84652282114573,134.82573681893797,117.28672578348589,67.5495419709253,68.24185342297316,31.116713685811586,17.804993421218466,20.099034714641085,32.58550760843075,32.007836403032144
151,89.87493154842507,124.84798749842116,137.94529664389518,148.67564191206552,131.22221807979562,114.90018377008653,64.0412516654888,66.50814078577896,30.615299783760364,17.817272873033545,20.241625681846035,33.484588183189466,33.169899902897065
152,85.75265044001141,129.3501832623734,146.03703075765125,153.32812789020912,131.81165432325596,109.77420628134598,63.86541440333965,62.61628657770771,28.508515152431368,16.71259342611638,18.83818051385108,31.807062648376967,33.83910600409225
153,93.44659170408653,131.19838898655033,150.531610178397,154.65163833060785,129.35296311250926,92.5430866618321,70.5727317374111,62.12488621907383,26.067193071628736,17.685846761418624,19.09166921100685,33.63607253925713,33.86576421915642
154,98.13173948746119,137.4686730673569,148.4625581111223,150.49647274229454,127.53244446765109,86.47697218471193,76.59293446548735,67.86961237583539,26.120691679260666,19.407039022807517,20.002391355016314,34.02637842530162,34.959311606032
155,99.26490776121284,141.4723557960977,145.3359499281989,145.81536421507616,119.76181124910916,80.7069772425837,85.21611660211599,69.12282661883121,25.931911628105464,20.111770730191374,18.497014780997713,34.21546969788831,35.27883170665216
156,95.5371066366779,142.6639880763191,133.660800532555,141.08214928602067,118.82394094062998,90.61617910154433,82.76266325905702,62.822375277456935,24.669392420627137,17.36831035116256,14.674289518278119,31.457869599773762,32.32129637873523
157,92.56520810066384,139.35710394170982,130.46290214211965,138.7118045956838,117.6038466491373,88.47054463157835,78.63454644006484,58.621619610814555,23.76292366104674,18.09732416043818,14.4039184571466,31.983440999700196,33.52098560272086
158,93.1400097308306,134.45193901581268,132.69496228341805,139.18012298894533,117.4836021579636,82.99647172424824,85.43615245025332,59.52560619230827,22.411084857213474,18.8070944021063,13.740679692622551,31.65648847186625,32.57763791199456
159,96.45168389973482,137.02269794430387,129.65132493779802,147.08495467095517,119.38053815152682,77.39620892234306,93.65514652209079,54.72107295609315,23.45219599948931,18.14771036367801,14.552517606712016,31.368773403810792,31.628769620887653
160,98.33959862013096,140.12885940240935,128.6187247999303,140.50479872381135,123.06911716964464,69.23337121891258,92.88595168191702,55.3119029364915,24.190995491627103,17.591941227208242,14.996996209426877,30.31657979832379,32.67868264870954
161,97.83577273913615,138.9888904893327,130.13676152847162,134.31868360275809,123.0203352901373,65.42193753626907,102.05815723469007,58.27117813116185,23.811451390002546,17.01230849028763,15.474965011568253,30.003904751740933,33.433593490557314
162,96.90303134136275,138.1237975335875,132.79906474995772,133.81200350624405,121.4420424962337,70.2032353872443,107.33189642349976,53.721443353433116,22.674600374383335,16.788941287268898,15.993082642650444,28.862787129820237,34.948586834643145
163,92.24196571393914,138.12927724306385,130.88791062444162,130.23557905247313,118.97094839181376,66.55712139545209,104.60508500397287,52.85577743486437,22.690238215753826,16.908049065850665,16.434354575784226,29.910667748978785,34.429255762423665
164,95.56834201857262,146.23180347606416,134.98376762601347,130.82058341838692,113.66336416295964,66.3743763413136,98.48391343837996,49.2185195813324,21.283432584992337,15.73573612346818,15.61101909684047,30.51411851027247,36.33637604556212
165,96.93385965692454,150.7323774137304,136.1489316973137,128.38037871655735,95.82176830364946,73.34519159604082,97.71103096597034,45.003699623300456,22.522867496252413,15.947477976445548,16.508703634720845,30.538157323048498,35.47623064346801
166,101.56656011760059,148.6605658073608,132.49089508043076,126.57354826239786,89.54073925115992,79.6018988492148,106.74642965330034,45.09606228242974,24.714800162060904,16.708214042723025,16.70026714713971,31.524254135289492,37.6708710194234
167,104.52461793169768,145.52978760008097,128.36983996572502,118.86134120150373,83.56632086507133,88.56384392924785,108.71750538730734,44.77014300551663,25.612273666153463,15.450756693389838,16.793073814012082,31.812378597429795,38.7392459049189
168,104.54408808674988,133.87434735320474,123.84370461413361,117.93888098718455,94.00514293786178,86.17699576156896,100.63876698828551,45.251265857178666,23.083537373046887,11.764981796739042,13.764773037175743,28.850159503722068,35.554314563011125
169,102.12080530233531,130.67133975325308,121.76298590415257,116.7278745662698,91.77926366286464,81.87857553673868,93.90933549444567,43.5885228867964,24.052440920463898,11.548214190469908,13.99474318858326,29.92100842826129,35.15894719771165
170,98.52630327692792,132.9069660062669,122.17408174479549,116.60852571601595,86.10046533779737,88.96077841942237,95.35748345977943,41.10883404544655,24.995768599930773,11.016468378735867,13.851681137757119,29.078971307410306,34.83147470236097
171,100.41015393534501,129.8584659104929,129.11304351143676,118.49133238455545,80.29075772926157,97.51884300315949,87.66082603937092,43.01855262637936,24.119407239124516,11.667352243966151,13.725787914168084,28.232006469562123,35.582621144562125
172,102.6863472583168,128.82421601087333,123.33689894915823,122.15243702715422,71.82263721592965,96.7179154124899,88.60731048005619,44.373738504646965,23.380756364451077,12.023709031357239,13.265387818581175,29.169164371979235,34.2223934674208
173,101.8509786970434,130.34467807216527,117.90664843456204,122.10401849940631,67.86865933154344,106.2685157426341,93.34794318385512,43.67753769214636,22.610389318099188,12.406916289848231,13.128573053139068,29.843001768325944,34.02890398359412
174,101.21703907858641,133.0112347949494,117.4618782030048,120.53748161711144,72.82877343440963,111.75982041825954,86.05946203152524,41.592202687917656,22.313520764132402,12.822312516742821,12.629263173789418,31.195292812342046,33.96648176226665
175,101.22105460652666,131.09702726195965,114.32244734042536,118.08479345357938,69.04629804905845,108.92051575007089,84.67270213453355,41.62088730670448,22.47182222251973,13.176098385166926,13.087776069808173,30.73173516003734,34.50731840130181
176,107.15858115159169,135.19942812109514,114.8359716116167,112.8167427582313,68.85671849377593,102.54681829651275,78.84597011459242,39.04037237056297,20.91374725314994,12.51599644903453,13.351823281968345,32.43404077663776,34.68244892136724
177,110.45659913443828,136.36645374852822,112.69392889522216,95.10804000005571,76.08823598779581,101.74205094217383,72.09400822552705,41.31387784349073,21.19516501214997,13.235707085397658,13.362341756555306,31.666270457154695,34.80365921749017
178,108.93837678557487,132.70257276975124,111.1078701472859,88.87379518344305,82.57893848139666,111.15020050769566,72.24196926790212,45.33455764420602,22.206229362215865,13.389291436702708,13.793820397221976,33.6252180240375,35.859599015168
179,106.64414432302203,128.5749335390298,104.33799672243407,82.94387724412297,91.87605227059876,113.20259199059859,71.71986048068439,46.980800544761145,20.534992314312575,13.46369836080009,13.919892756166716,34.57885507792112,35.823891490456674
180,97.31041555545477,124.07918338060185,103.15409813966347,93.31487373889405,89.5551227745375,104.94995741061072,74.67949551510534,45.18768814539524,16.705322635283014,10.410471463104612,10.79392816534319,31.417403388872394,31.7154599018844
181,94.98221745969677,121.99450835264149,102.09490312148817,91.10533884523747,85.08820503658008,97.93224873023391,71.93542186661675,47.08438667283883,16.39753016588816,10.584400789227749,11.19457296475652,31.06803886996441,32.184793765823734
182,96.60724663077086,122.40638585870498,101.99051580740739,85.46823929800769,92.44802935010958,99.44243284550365,67.84311840949553,48.93101859539855,15.642494119216183,10.476201155746221,10.879535254346447,30.778669334602977,32.428348267697594
183,94.3913567533924,129.35854149872458,103.63729439508653,79.70119171946439,101.3415689512056,91.41606395557122,70.9947831750738,47.215478068190336,16.56669656632798,10.380986522854545,10.562653899942658,31.442416366961773,33.30927335722283
184,93.63958250007232,123.57141406573244,106.83944405464835,71.29525166329493,100.50924510326848,92.40309414992251,73.23128630490095,45.76951574302089,17.072694383365924,10.032780123535554,10.913279867087446,30.24045755665421,34.94468318557991
185,94.74477403187687,118.13083836991876,106.79709525905795,67.37030739410993,110.43422772279526,97.3468073456631,72.082325619053,44.26146672585919,17.616817697780974,9.929305390786988,11.165387743660885,30.069481481328257,35.41783779674804
186,96.683037395445,117.68522244381599,105.42693897180943,72.29399993660641,116.14079082669653,89.74610028797328,68.64083590278057,43.680325134774925,18.206646743982873,9.55167103123911,11.671330609795247,30.01432237808078,37.1485240489059
187,95.29164065531255,114.53982220791043,103.28171906291041,68.53929884288189,113.19018578521343,88.29993399953928,68.68817497317926,43.99021164908882,18.70899406401584,9.898450117721461,11.497896282722408,30.492230138781277,36.57829252423987
188,98.27358858088701,115.05432290388093,98.67406962716831,68.35111134896617,106.5666402213786,82.223594874607,64.4294752451214,40.940167598854266,17.77170270175269,10.098152354705809,12.134792745588573,30.646983401844395,37.117126406458986
189,99.121874686587,112.90820726687933,83.18532455045803,75.52952862280749,105.73032609153626,75.18239063590681,68.18150822260641,41.491063145180625,18.79363359737238,10.10610760970545,11.84754103473014,30.754090311792837,38.19113165990043
190,96.45867753463484,111.3191327567881,77.73260279952476,81.97257061751462,115.50727389501559,75.33669007299649,74.81695440201001,43.47029448253409,19.011710954788498,10.432440347881943,12.58045688962789,31.687166563880737,36.7142338911614
191,93.45838437357997,104.53638696633483,72.54605759956445,91.20141674510347,117.6401188568117,74.79221504988156,77.53379749976563,40.198727507454095,19.11736276920017,10.527790463102574,12.937248326226403,31.65561377706254,36.54014316230964
192,89.34563249896921,103.38953231821684,81.17256949467419,88.90614196496229,109.21545086824516,78.06574178835614,76.77766772551136,35.72181081721102,16.195750748240876,7.397294381003025,9.760170537373563,27.692307457312026,30.662056062622376
193,87.84452164497041,102.3279198419518,79.25054337472145,84.47159472463888,101.9125206289246,75.19724162758827,80.00031741821023,35.06364308212861,16.46633561307463,7.67186425751879,9.651636511119275,28.102105634621893,31.38469552743553
194,88.14110206473723,102.22329427905703,74.34695366375786,91.77808445949384,103.48408333473824,70.91937790074235,83.13789975491711,33.449112467650934,16.298007569418935,7.455962627516939,9.561740602839073,28.314764891948396,31.067330851031137
195,93.14713713013185,103.87383139859327,69.3303250000545,100.60717507820347,95.13149779038052,74.21395087684564,80.22305268100098,35.42537989410594,16.149880516060783,7.238797511493468,9.767941100993292,29.08394334628774,32.00146149911583
196,88.98000331472952,107.0832894975511,62.01818143667439,99.78088284730767,96.1586439689625,76.55186538252975,77.76624155607111,36.50737984638312,15.608169790249812,7.479088484053542,9.394539046651158,30.51189904756652,32.01171674746324
197,85.06241082695539,107.04084404701358,58.60395818707094,109.63394190673101,101.30328508133242,75.35080654291514,75.20393994017789,37.67090541982612,15.447192356492282,7.651863043066366,9.341423401403945,30.925033304734704,30.25320281626302
198,84.74153640076624,105.66756057794875,62.886970734401025,115.29915115137419,93.3936615931087,71.75326687416543,74.21653169220161,38.93216580149749,14.859700043306967,7.998595786089519,9.324287604160604,32.436179476197,29.338626208034718
199,82.47662970261882,103.51744451760084,59.620838302877935,112.3699283155007,91.88871859819324,71.80275247420538,74.7430548405436,40.00635971696548,15.399190273819155,7.879737780600081,9.472755037571197,31.938282653897875,28.280439125453178
200,82.84710594891742,98.89927879428964,59.45713811430301,105.7943817251372,85.56541810783264,67.35094745019498,69.56077448392077,38.00210362120748,15.709870502426213,8.316215636842214,9.520830883305987,32.408764670585974,28.042855513670123
201,81.30175358779115,83.37518291678985,65.70148643387628,104.96412812878786,78.23803737744952,71.27311156741905,70.49679216801245,40.18734858286344,15.722246630401735,8.119356306845088,9.554104852318906,33.34653078783851,24.405004362485442
202,80.1575095387584,77.9100161240263,71.30614786797818,114.67022513887761,78.39860802470126,78.20943357279575,73.85967201887573,40.65367409331377,16.229928122755712,8.621638168659828,9.84397550878369,32.0569796597305,24.080483477135
203,75.27346133488774,72.71163339137749,79.33411944026486,116.78761397256933,77.83200383920988,81.0494684483121,68.30100565501476,40.87959455048217,16.378265948319363,8.866154460477881,9.834173279857792,31.904972594288456,24.62776822835503
204,73.56532659280404,81.40467402999286,76.95205740052255,108.43238878881274,81.41611638315536,80.441853025221,62.88537450888049,38.370576659557344,13.344604958944597,5.712103509872925,6.497735161808298,26.42927292365939,21.824104641077966
205,72.80995158742091,79.4771520758905,73.11376764639981,101.18181970987459,78.42450780320574,83.81830246177663,61.72672315377121,39.01163970506927,13.839924780897157,5.6485843746350906,6.593890385783617,27.052154690033685,20.713575350960202
206,72.73550678114573,74.55954105922794,79.43784610764347,102.7421144938824,73.96304951077826,87.10562473478754,58.88447187857652,38.612841019942216,13.45044157068912,5.595973128628243,6.643788847150353,26.77860103036096,21.876733336859562
207,73.90992259993976,69.52856786667567,87.07980056736027,94.44941601635456,77.39901682128465,84.05166768116572,62.363531713428046,38.26190202708012,13.058679051187541,5.716651203333401,6.824269216876511,27.583778406403948,23.213703587801987
208,76.19356609790103,62.19551598790618,86.36460940310347,95.46919767630763,79.83726841703181,81.47760616983038,64.26830559417314,36.9784942212214,13.492160259161315,5.498119039675591,7.15932536862575,27.59261795574533,23.448514771941934
209,76.16336465137972,58.77153012137737,94.89285221685977,100.57695231029598,78.5846633174199,78.79301967354789,66.31659877312279,36.59711042133036,13.803842898546739,5.467033305826576,7.2562633718415315,26.07686035185773,23.432419245548957
210,75.18622465818088,63.06678949843394,99.79633241906627,92.72403990248237,74.83272678733455,77.75848773851224,68.53694622024614,35.2052379981007,14.429343418555494,5.457004644216274,7.6108393719844845,25.288537652978892,24.68769917670259
211,73.65634066852232,59.79131790030533,97.26096513371165,91.2298871737944,74.88433617808452,78.31013900597098,70.4279782011002,36.48338506079235,14.214925410055262,5.543894657483878,7.494012643327339,24.37642937319752,24.883315290848
212,70.37035163193954,59.62714962803616,91.56954913614337,84.95192401246092,70.2414714893382,72.88053626949153,66.89964656532761,37.219441061757344,15.002324729979112,5.572030867410769,7.6044067499775405,24.171643298017855,25.49327680532125
213,59.32440570608634,65.88935301335522,90.85092924114844,77.6770797496372,74.3319644882708,73.86122504532015,70.74659454090924,37.24876228153993,14.64719353524924,5.591504334032927,7.82444460283676,21.035984008440348,24.847928510322532
214,55.43574530711714,71.51004039496475,99.25197013379929,77.8364991240248,81.56597503788966,77.38459707156802,71.56752309119385,38.451548859563964,15.55330226618933,5.761150057728163,7.521863760811459,20.75626202793006,24.618538235916095
215,51.736911248126795,79.56096711851666,101.084660468441,77.27395742463933,84.52789667803924,71.56064544729426,71.96523788317208,38.8029872087816,15.994405884928312,5.755413339702817,7.486196756337793,21.227996148675583,25.508539024547456
216,56.87098598452316,77.21294501829232,93.47732197518238,80.84219461615541,84.06724194039656,66.06313723308179,70.03130572884288,36.048200259326876,12.887904756835034,2.561033116280841,4.004661969594895,18.401400634543972,21.66089410376343
217,55.52437935114695,73.36164245718184,87.22675618145777,77.87167460390776,87.59586268951632,64.84593618950572,71.2013293782145,37.3862232423296,12.744590028072365,2.598931969769303,4.099043337124693,17.465037163055257,21.57550999969379
218,52.08883476432247,79.70716119981725,88.571854076377,73.44166620298009,91.03133945277061,61.86005851110258,70.47346977656743,36.33410002081648,12.625886169414565,2.618599070509695,4.0575934667215545,18.44577550040343,22.187007719377856
219,48.57409302090937,87.3750238855315,81.42289006031397,76.85341255432257,87.83974531555062,65.51492435402513,69.83296035396074,35.27581962956178,12.898165467286205,2.6897340417261377,4.179596944680684,19.57306688892397,22.422989563018835
220,43.45107157784546,86.65740803601749,82.30202275891645,79.27447632870971,85.14967486459959,67.51595144918672,67.4905737585149,36.44679602352536,12.40510337437087,2.821793887053016,4.180936346153363,19.771052315767005,21.747577418001708
221,41.05900435877128,95.21456382528869,86.70531249388186,78.03070114342015,82.3440982399271,69.6677502486902,66.79449859323474,37.28875412093538,12.334966344036957,2.8600012670522745,3.951263102816464,19.757481072664383,22.152770364079014
222,44.059761240894225,100.13466810892912,79.93547896178289,74.3052129154484,81.26294156330954,72.00029766929464,64.25414992786061,38.978438309936045,12.312339226820205,2.9997547128285693,3.8318135083805016,20.815893745328324,22.510168127572285
223,41.771449155997935,97.59070526481244,78.64740076614628,74.3564584992023,81.83945489342435,73.98688845036196,66.58693498105282,38.39922421304804,12.508384381355217,2.9537083422845227,3.6936074612166694,20.98083111830018,22.30330501809571
224,41.656757811519554,91.8799938772117,73.23529843827752,69.74632247923167,76.1651484258105,70.28026097333309,67.93033316071737,40.5262507122212,12.571866563204573,2.9972193435692724,3.6625775116019583,21.495131539053716,22.93493000396394
225,46.03166238797543,91.15893767266485,66.9638055100922,73.8079806101536,77.19003531597163,74.32160530854868,67.98384821015632,39.566923668420195,12.615803474130294,3.08394559725225,3.1874507253733144,20.950994094682258,23.008796370626456
226,49.958390639293384,99.58846029302127,67.10123765887329,80.99099688122456,80.8722002268637,75.18401752918908,70.1790905522119,42.01462362582953,12.998565783253294,2.964685649365535,3.1450662079995304,20.75757940892806,23.267305246766092
227,55.582934270398,101.4273639276275,66.61628208291214,83.93203922404399,74.78577218183243,75.60182989155918,70.8205113652809,43.20619067725868,12.98562234211997,2.950627769605754,3.2165451207402116,21.508000163685622,24.045320691341065
228,53.02617207709168,93.8342340008807,69.25285861728632,83.4841841474352,69.20727180080031,73.76331128381356,68.44982503203593,40.19147339917457,9.62417854554202,0.0,0.13053527674807117,17.81714965383244,20.782372173585664
229,50.381280960996996,87.55980250313229,66.70818496753243,86.98833175126445,67.93214066129997,74.99568611618052,70.99051883690022,39.744540385821885,9.766599715469713,0.0,0.12389293102042524,17.74691703310222,19.98013376615449
230,54.73908092168599,88.9100362064411,62.91325155535207,90.39998137979755,64.80415648270862,74.22903848897381,68.99270341458708,39.37435740669225,9.840507267775624,0.0,0.13085006177507333,18.249903951943004,20.73903166467995
231,60.00500370367375,81.73377625191193,65.83589843337666,87.23052290197026,68.63296789525441,73.55439597833885,66.98319650175651,40.22347185656046,10.107827381469916,0.0,0.13884680595225338,18.444010612711363,21.144665018313525
232,59.51217932671774,82.61626562596985,67.90988452525794,84.55910973659016,70.72922962086717,71.08718235453598,69.20669528135822,38.685836968233225,10.604098797111838,0.0,0.14025126874279362,17.8884509387598,20.87431898228262
233,65.3888262447297,87.03636785647787,66.84441385777392,81.77299150352194,72.98343870955242,70.35401297322674,70.8054404069796,38.46711168727027,10.747679387512104,0.0,0.14015499748554539,18.221742045043467,20.641919798306777
234,68.76771946425066,80.24068596941402,63.65300235840658,80.69933331039404,75.42699876569199,67.67828777542803,74.01388316596501,38.3965480699193,11.272862801172536,0.0,0.1476631319957246,18.51571926535582,20.71358075735235
235,67.02064698180747,78.94768967612175,63.69690150270024,81.27184816759468,77.5081371115325,70.13538818568034,72.91404729890769,39.00792313531557,11.099823847215687,0.0,0.14883315954170193,18.345564194113358,19.288970996140318
236,63.09880246920944,73.51492303776239,59.747663119039586,75.6368964894235,73.62510057994929,71.55037676933446,76.95293386354932,39.20589499119593,11.263335065558646,0.0,0.15248148768193512,18.865106778293153,18.735036860133352
237,62.60361542032149,67.2194845022591,63.22705203998655,76.65467516151516,77.85878410698335,71.60674366424027,75.13132369093917,39.34291409709649,11.589246099166466,0.0,0.14862150260250176,18.92586549411099,19.493930538401546
238,68.39260995859307,67.35744138993493,69.38032895964523,80.31130200434752,78.76224100379423,73.91897163907527,79.77911838277655,40.536574467465464,11.141075778955772,0.0,0.14724946359126095,19.13850174591852,19.168612090204938
239,69.65548136621413,66.87063417259883,71.89975078536128,74.26708706421947,79.19993825729075,74.5945741086554,82.04171556093002,40.49620980153883,11.088247276301978,0.0,0.1525727747263865,19.778457674911166,18.994602667899176
240,63.544077723209135,69.56428113084183,71.08870244827415,68.73646453697336,77.4558420783246,72.29691226233683,79.14425293365781,36.41360122611723,7.374133962672438,0.0,0.0,16.575272538907722,16.420337618297918
241,59.29506384243152,67.00816436263757,74.07256470778339,67.47000793393701,78.74990858287512,74.98040074473644,78.26416130074162,36.95245944278097,7.547926620586925,0.0,0.0,15.935436040298006,16.674140874315977
242,60.20943540736321,63.19616555091135,76.97766281441686,64.36330298849698,77.94488320495836,72.87030205221654,77.53520431424377,37.232092673246385,7.471601352834282,0.0,0.0,16.54070570788926,16.61301379335194
243,55.34970776991827,66.13195525155963,74.27879604158579,68.16606753952165,77.23646864420188,70.74785477204485,79.20726366182103,38.24351281406381,7.696257015962224,0.0,0.0,16.86422428080237,16.491770174873263
244,55.94732519571317,68.21526783154128,72.00402630442541,70.24806869364213,74.64574833226408,73.0963209092343,76.17938351140371,40.12118261659219,7.6987233729142766,0.0,0.0,16.64860600635336,15.876225797598012
245,58.94059649664685,67.14500585926477,69.63158256458462,72.48694271730427,73.87587709374482,74.78492034718451,75.7486740226624,40.66442756346275,7.275805963937784,0.0,0.0,16.46325277621945,15.95400562427428
246,54.33859443831772,63.939242932234144,68.7173379252931,74.91387958061897,71.06620728962947,78.17368729489456,75.60972154575089,42.65148747773048,7.0558529896679545,0.0,0.0,16.520406979630813,16.119875940965635
247,53.46298376347581,63.983339486167345,69.20484749068426,76.98086023717691,73.64630812885049,77.01203732506045,76.81362920876401,41.99678521549035,6.801362120282385,0.0,0.0,15.384189474889459,16.153672019818664
248,49.783941149703054,60.01634181041934,64.40655656587296,73.12423945291627,75.13212987913025,81.27792153243078,77.20347146410819,42.615438773564144,6.744223963041864,0.0,0.0,14.942391532083409,16.4235292281165
249,45.520701407180596,63.51137716192574,65.27321850810081,77.32912183080217,75.19131845451119,79.35393135767518,77.47328677210733,43.84854083591978,5.869331500830258,0.0,0.0,15.547657833749263,16.108532518117357
250,45.61412512706563,69.69232469335674,68.38692034574964,78.22643263835816,77.61929466315523,84.2629461709615,79.82381911838617,42.152864135377605,5.79128518595262,0.0,0.0,15.288195540621489,16.26199751324733
251,45.284461694694734,72.22307608283862,63.24013234272672,78.66115229945805,78.32871723761342,86.65270815497557,79.74433381815965,41.952984631905686,5.922905552929381,0.0,0.0,15.149411884214746,16.50652022204022
252,46.05519674347066,71.45437693257861,58.11965503026939,76.93891901396047,76.10332565833242,83.79626867653923,74.61974218023452,35.783272030786364,2.9430835888604054,0.0,0.0,12.487899960174714,13.272471699215787
253,44.3629135954926,74.45358793605703,57.04881117213516,78.22434920645148,78.92809910281092,82.8644461853517,75.72398509621146,36.62660766675217,2.7933234689174977,0.0,0.0,12.680920940887571,13.449246715513802
254,41.83917077222218,77.37362963028474,54.42195771195053,77.42469638887461,76.70690426968496,82.09264187575236,76.29701711885552,36.25623633465535,2.950180817058551,0.0,0.0,12.634432927688271,13.396573394577521
255,43.78281728251245,74.6608801070113,57.63735968753521,76.72100962934991,74.47271069901853,83.86298310886947,78.36964678476073,37.34638668283949,3.130477570078008,0.0,0.0,12.542225433934668,13.283790861130942
256,45.162079300166845,72.37440913995223,59.39778175266801,74.14757920861493,76.94482296001756,80.65712735561077,82.21741882175952,37.358354775931794,3.1621429673022496,0.0,0.0,12.07409519306218,13.415007868978993
257,44.453509831770575,69.9897617431135,61.29084661697277,73.38284591952727,78.72232671379474,80.20110121723336,83.33065114460712,35.306131590325776,3.1599724095469464,0.0,0.0,12.133247855877748,12.959444438332184
258,42.33112690885034,69.07081430400304,63.34292674978529,70.59192722683262,82.28951134909379,80.05398126023148,87.40258837428676,34.238801222838724,3.329252837109156,0.0,0.0,12.25939458740999,13.110690220365747
259,42.360321136607595,69.56083157881608,65.09064833428384,73.15480904685005,81.06670081419168,81.32865334635446,86.06095468884578,33.00387437520185,3.355632594021353,0.0,0.0,12.285096985349265,13.111816240331734
260,39.7339609490592,64.73785863704508,61.829708583109586,74.63071475320537,85.55718270194129,81.74141011844344,87.32871638908763,32.72660924356401,3.437888785173578,0.0,0.0,12.490327224768954,13.32737960073488
261,42.047857364322354,65.60897861758103,65.38511858116283,74.68950831719738,83.53189495104051,82.02708488577103,89.85562267895217,28.481159522759565,3.3508605195312464,0.0,0.0,12.250767753234705,13.483713438346538
262,46.139968286674936,68.73869708339365,66.14383369607881,77.10128075259077,88.69936810178159,84.51577904511554,86.38079585724424,28.102436742511237,3.3199261575882115,0.0,0.0,12.367480061539267,13.54085473251926
263,47.815458225716725,63.565434422879285,66.51140798009529,77.80596879855791,91.21495042506803,84.43162168274586,85.9711973414707,28.741129695495577,3.4399469675216254,0.0,0.0,12.553443054285152,13.41827731557998
264,46.27641747457999,58.46311821099614,64.60795969366818,75.60569779801612,88.39911800677149,79.20850408455658,76.28708693479363,26.160864308441038,0.409303978736724,0.0,0.0,9.405758573875081,10.173356472986447
265,48.21881409812456,57.38594610749664,65.68737467804577,78.4120004864154,87.41611139250546,80.38065272732783,78.08501136497938,24.829657070063117,0.4076905617951536,0.0,0.0,9.531033139372191,10.251026734486265
266,50.10993783730102,54.7435690272171,65.0158817890235,76.20532970230558,86.6019126063308,80.98892351438778,77.2954091736114,26.223951073818853,0.4192454149076869,0.0,0.0,9.49370531142586,10.250955500381233
267,48.35306394332779,57.97797270178423,64.42497452935572,73.98574517738697,88.46949699940994,83.18901012097368,79.61952291906115,27.826596309192848,0.4237045248155784,0.0,0.0,9.4137800868717,10.186768289855879
268,46.872263332401324,59.74879813496175,62.263986423100484,76.44169267916868,85.0875466390791,87.2734019749808,79.64503794064416,28.108067811800435,0.4109419455370718,0.0,0.0,9.506769209363327,10.259533021072198
269,45.32788014409218,61.65305023152514,61.621816528449166,78.2075736111829,84.60647141869897,88.45509283071107,75.26986150526315,28.08877387562918,0.4185984662785993,0.0,0.0,9.183926581339241,10.295617464220488
270,44.73273682110725,63.71725731122259,59.27819687903346,81.75143297860355,84.45127030240151,92.77743497858536,72.99439814175138,29.59349576402266,0.42535184985956553,0.0,0.0,9.29110942891756,10.471179104283367
271,45.0500895845412,65.4753072091656,61.43032700315536,80.53661821241184,85.7959589137295,91.35329715462247,70.36163242645482,29.82798357934728,0.4214429671810844,0.0,0.0,9.291907401758598,10.43814441671414
272,41.92655931385405,62.195096649544304,62.66969009286236,84.99773753454082,86.2313880226894,92.69902021500648,69.77052524142586,30.55915311303211,0.43337814485874443,0.0,0.0,9.444669974644322,10.325458035297363
273,42.490727859159094,65.77151765370354,62.719060843859694,82.98569282658576,86.53275463324847,95.38131931352898,60.719564455904106,29.785564942758768,0.43477392278115906,0.0,0.0,9.555458557722602,10.216328390864128
274,44.51764579643961,66.5347164618985,64.74429980345468,88.11937667068351,89.15815039548545,91.6928070450789,59.912157642012595,29.51059156166859,0.4396587032078513,0.0,0.0,9.595952689468925,10.283665519634479
275,41.16725533947002,66.90446295827024,65.33604787392333,90.61850999074757,89.06937034925245,91.25802015408006,61.27380016556484,30.57744815206297,0.4543600731262715,0.0,0.0,9.509086157260892,10.116847234675653
276,36.86683540831725,65.038528235285,63.029136041774855,87.83153623559346,83.7487848597428,81.17611294614929,59.249794184623596,26.71875787798334,0.0,0.0,0.0,6.381914847917647,7.149728009920049
277,36.18757080763644,66.12513679360958,65.36862683510176,86.85484118469805,84.98812179258394,83.08926132391012,56.23484200410547,26.613436408226065,0.0,0.0,0.0,6.430638688119606,7.223373638678186
278,34.521288134279935,65.4491688566938,63.5290227166048,86.04587010214266,85.63125903991245,82.2490557367732,59.39267470341451,27.36772011585653,0.0,0.0,0.0,6.430594001786849,7.324764840411807
279,36.56090270776151,64.85432359808236,61.678652981891716,87.9014633477811,87.95745598072409,84.72211543115618,63.0223865977665,27.65880421024523,0.0,0.0,0.0,6.39032830255711,7.476156995514685
280,37.67758501584849,62.678933961400006,63.726068106804675,84.54122738255775,92.27596771904666,84.7492656391018,63.65987045157614,26.82568192618279,0.0,0.0,0.0,6.43597482244337,7.435867668132401
281,38.878406162038075,62.032484436865296,65.19820516444877,84.06324098853483,93.5253938304353,80.09369638422393,63.61617305176244,27.325488266966534,0.0,0.0,0.0,6.458611190697878,7.364645677667903
282,40.18009490161638,59.673246140779135,68.15256443481495,83.90903636775067,98.09549532163494,77.67240493867244,67.02410564685047,27.766339150737323,0.0,0.0,0.0,6.568743912422232,7.274813838385678
283,41.28872095870006,61.83971876284258,67.13982693759074,85.24509117411647,96.58972503082919,74.8709126330567,67.55517964474983,27.511173075435234,0.0,0.0,0.0,6.548020706304941,7.104706448904725
284,39.220220568937464,63.08734137290279,70.85886538101921,85.67772453544382,98.01258577498089,74.24192304198472,69.21115109409202,28.290283807718712,0.0,0.0,0.0,6.477330674688392,7.164308874175343
285,41.475511229885946,63.13704114670715,69.18151243919954,85.97715616974463,100.84863592802806,64.610911497073,67.45910883233977,28.381398124455952,0.0,0.0,0.0,6.408871843032804,7.286182921383431
286,41.95678430779466,65.17577696008598,73.46123826448765,88.5856951260499,96.9486958396105,63.7517602389581,66.8363420902415,28.700269360232166,0.0,0.0,0.0,6.451113538097432,7.234225959730491
287,42.18994640454331,65.77146863293605,75.54465550160737,88.49748510740338,96.4889866932892,65.20066662305734,69.25258616612933,29.65995302745984,0.0,0.0,0.0,6.346465667700891,7.158930122759871
288,39.92275871906444,63.49960559211665,72.75412327435548,83.22139975142805,86.01350111288207,63.27027236062399,64.20108527543434,26.511142938212444,0.0,0.0,0.0,3.4004436330486283,4.160433444816807
289,40.58975430572854,65.85655909000666,71.94509049205624,84.45293229828724,88.0406564440175,60.05073635647792,63.94801390542154,25.487763272393366,0.0,0.0,0.0,3.4354698339145937,4.148956849675114
290,40.17482325517208,64.0032235803343,71.27498970151844,85.09201956438423,87.15038193367981,63.422848238115805,65.76044219481287,26.455855388888573,0.0,0.0,0.0,3.483691957316193,4.244770969816858
291,39.80968793647586,62.13904209645683,72.81204649827215,87.40356791503847,89.770814411349,67.29885934172646,66.45987271667744,26.973303721006985,0.0,0.0,0.0,3.555694764863392,4.235853984158324
292,38.474363199866794,64.20173978009855,70.02863825878707,91.69488500469018,89.79958253483495,67.97960055966819,64.45800739613304,26.628435370843196,0.0,0.0,0.0,3.536532974850287,4.222769844217362
293,38.077551508515334,65.68486533771339,69.6327043775792,92.93644319624943,84.86658196666065,67.93293801128786,65.6589655264622,26.331974123125846,0.0,0.0,0.0,3.502659467540355,4.210548155128803
294,36.629374500039845,68.66127688683136,69.50497096346801,97.47776572099617,82.30100267383702,71.57212066913793,66.71826271804466,26.423388804398908,0.0,0.0,0.0,3.4599350302598793,4.267878116970573
295,37.95922568377517,67.64097999430435,70.61167477681019,95.98147760750493,79.33256586648875,72.13923144062915,66.10513769798649,24.60607783069457,0.0,0.0,0.0,3.379031170883347,4.277190801453784
296,38.72505691928061,71.38777852543296,70.97004105675524,97.39537827457697,78.66609398297356,73.90757116337687,67.97722152728586,23.89944882148546,0.0,0.0,0.0,3.4073783593700293,4.262108181686614
297,38.755564252884554,69.6979052869083,71.21807139947552,100.21356917605821,68.46115816908471,72.03664160802734,68.19615528331502,24.867535554387167,0.0,0.0,0.0,3.46534221859483,4.2199283346544885
298,40.007006439198996,74.00957634913057,73.37882109061076,96.33818789562092,67.55080899105714,71.37161615212591,68.96235405248838,24.452541356008815,0.0,0.0,0.0,3.440631247883754,4.200873501232916
299,40.37266131441567,76.10854487621357,73.3057534562997,95.88137364214293,69.08605755566698,73.9518178705454,71.26832700371959,24.230565316468578,0.0,0.0,0.0,3.4048202003772525,4.24214847904835
300,37.85129490999192,73.34884466051915,68.47310440093975,85.48189132628848,67.24830322603009,68.78050768214733,67.8686082224719,21.97309332125909,0.0,0.0,0.0,0.48817024051293545,1.3060580829851107
301,39.25624445425883,72.533198519745,69.48638772597533,87.49651774511325,63.826343348571456,68.50938489295119,65.24875310101625,22.312723526152666,0.0,0.0,0.0,0.4868236182715512,1.3103089142722728
302,38.15149508944581,71.85762005656017,70.01221749119772,86.61174561098773,67.41047210079114,70.45109253460564,67.72707192456927,22.230925509223816,0.0,0.0,0.0,0.49806610122303374,1.3326357948188932
303,37.04028057946541,73.40724137210181,71.91411882925411,89.21598240388406,71.5301820416209,71.20041298886036,69.05174126114838,22.0686817475322,0.0,0.0,0.0,0.49701981431775943,1.348414372058663
304,38.269828032644746,70.60108043720996,75.44493907470684,89.2445727248647,72.25372392210588,69.05575589361634,68.16887721412685,21.24498284683643,0.0,0.0,0.0,0.4954845685731503,1.3892647018532924
305,39.15390002563355,70.20191003364346,76.4664713239168,84.34206075842599,72.20412753053522,70.34237760031587,67.40993549964223,21.34906495707054,0.0,0.0,0.0,0.4940505196979617,1.4055702249886843
306,40.92810051504819,70.07313247536996,80.20299164542207,81.79233812813438,76.0721187646352,71.47723378398837,67.64395736748715,21.571026528909627,0.0,0.0,0.0,0.5007774104491552,1.4067376115048367
307,40.31991471271648,71.18888292959407,78.97187209546263,78.84224785984398,76.67488584151164,70.8203749478596,62.991635633181154,21.616251201616883,0.0,0.0,0.0,0.5018701272259742,1.3874108342519675
308,42.5533329339421,71.55017863925625,80.13520470315916,78.17989513170767,78.55440747853216,72.82599332098107,61.182663175961224,21.977364216414774,0.0,0.0,0.0,0.5001003870734242,1.395199737558448
309,41.54602131813828,71.80023648148577,82.45396262354119,68.03803132023741,76.56584581507727,73.06054348199224,63.66096821749818,21.555847176656243,0.0,0.0,0.0,0.49515115609939564,1.4334716779658165
310,44.11615276083365,73.97864900729802,79.26536704834749,67.13330859068589,75.85900780343437,73.88139471999062,62.59858178135013,21.761208402346252,0.0,0.0,0.0,0.4929153307370331,1.430928130430242
311,45.367320795415495,73.90498408883583,78.88950831293012,68.65906849187382,78.60143613621618,76.35185124898129,62.03032243102927,22.088419719456194,0.0,0.0,0.0,0.49775838762391306,1.4235233129032965
312,42.568712495095,69.08428065290938,69.88426895708453,66.84395654637476,73.31159754368737,72.94706912701463,60.97136681916574,18.921726781065505,0.0,0.0,0.0,0.0,0.0
313,42.09534435650947,70.10660832769655,71.53129258181686,63.44257202989901,73.02261385519347,70.1311759231768,61.9137793189752,19.173743785577717,0.0,0.0,0.0,0.0,0.0
314,41.703265851383776,70.6371315366863,70.80796214507035,67.00515034157381,75.0922363975322,72.79494197460208,61.68680459027719,19.098650750158658,0.0,0.0,0.0,0.0,0.0
315,42.60260359232394,72.55600883839412,72.93701172082223,71.10008953049152,75.89092023143816,74.2187334475187,61.236607443995084,18.937863797139297,0.0,0.0,0.0,0.0,0.0
316,40.97402091177526,76.11834442849018,72.96038525233847,71.81928094051209,73.60497842707787,73.26980659673184,58.950991709851955,19.12493161900374,0.0,0.0,0.0,0.0,0.0
317,40.742358501486194,77.14899465558067,68.95241982817421,71.76998275923512,74.97635959205014,72.4540749181271,59.239800774175045,18.475463534874912,0.0,0.0,0.0,0.0,0.0
318,40.66762119813347,80.91886635651417,66.86793738052786,75.6147167609974,76.1859772964126,72.70560813529515,59.855704061823054,18.691085118351083,0.0,0.0,0.0,0.0,0.0
319,41.315157782001485,79.67675809735493,64.45614116780786,76.21385955511204,75.48584622352452,67.7051632456479,59.981194363465875,18.692690414081166,0.0,0.0,0.0,0.0,0.0
320,41.524839246808504,80.85047436253545,63.91464594022973,78.0820801139371,77.62358977836995,65.76082929889701,60.98321778213107,19.000005517250504,0.0,0.0,0.0,0.0,0.0
321,41.66996273774117,83.18992901906526,55.62333736796674,76.10547515819579,77.87359152431986,68.42458053702784,59.81358409988654,19.22288082103421,0.0,0.0,0.0,0.0,0.0
322,42.93422554837177,79.97287272327557,54.883696660647466,75.4028871809679,78.74851841322088,67.28269802570156,60.383424424091814,19.304343564429363,0.0,0.0,0.0,0.0,0.0
323,42.891473399384225,79.59365915335503,56.131055763776736,78.12882600044816,81.38172251284037,66.67191705942554,61.291376752478385,19.129592663058755,0.0,0.0,0.0,0.0,0.0
324,38.94568347586076,70.5583204089852,54.14270716717348,72.88198543078884,77.97194667224932,65.78620477330671,57.59409905034734,15.899792163193984,0.0,0.0,0.0,0.0,0.0
325,39.52201212334154,72.22122999320646,51.38763138540497,72.594695210957,74.96208380384408,66.80303849260429,58.36119036755062,16.021181895126333,0.0,0.0,0.0,0.0,0.0
326,39.821090130359075,71.49092285142505,54.27327197664245,74.6521895915436,77.80934041051374,66.55813983345533,58.13262160266156,16.02107056437055,0.0,0.0,0.0,0.0,0.0
327,40.902841106341455,73.64050764889592,57.59011772946884,75.44619307116841,79.33120817199102,66.07239114191768,57.643217025301986,15.920753298422166,0.0,0.0,0.0,0.0,0.0
328,42.911077900811605,73.66410662403617,58.172653113694274,73.1736470775862,78.31691555282373,63.606282990440796,58.21261551552723,16.034476247797055,0.0,0.0,0.0,0.0,0.0
329,43.492098317312106,69.61748335950753,58.13272224887628,74.53699183386446,77.44499310680624,63.91789897081232,56.23575951289297,16.090872103767097,0.0,0.0,0.0,0.0,0.0
330,45.61733185266307,67.51289555136636,61.24690516006692,75.73952107698501,77.7138529092635,64.58243942505433,56.89207016465369,16.365254859963766,0.0,0.0,0.0,0.0,0.0
331,44.917103745099645,65.07783695409069,61.732202777519696,75.04349283092938,72.36895794721619,64.71783954992644,56.89695637627451,16.31362542302017,0.0,0.0,0.0,0.0,0.0
332,45.57877643999026,64.53111886806684,63.24543634217235,77.1687090291736,70.29069072382532,65.79899159303982,57.832364475989486,16.137509502094105,0.0,0.0,0.0,0.0,0.0
333,46.897624370347934,56.15983852726859,61.64441287149197,77.41724574391556,73.13793149680323,64.53699329869116,58.510754058003734,15.966952354122432,0.0,0.0,0.0,0.0,0.0
334,45.08403588052447,55.41306379822893,61.075326044864106,78.2870454878359,71.91739168150127,65.15183325081884,58.75871098954071,16.07219258188381,0.0,0.0,0.0,0.0,0.0
335,44.870257412770336,56.67245399543779,63.28329988250425,80.90481879048963,71.2645377491798,66.13148551901867,58.22680283765111,15.811474689327042,0.0,0.0,0.0,0.0,0.0
336,38.65556007639169,54.721811488875524,58.53321356259051,77.52687025483074,70.55025728386882,62.39341112607551,54.14153480947663,13.004239319006967,0.0,0.0,0.0,0.0,0.0
337,39.566589434260095,51.937267725631465,58.30248412111791,74.53418816797019,71.64072725030877,63.22442410682668,54.55488778475275,13.138189223092937,0.0,0.0,0.0,0.0,0.0
338,39.16648875967327,54.85377280489876,59.95490559771272,77.36519217580076,71.3780937168655,62.9768087234202,54.55450868432631,13.322603993886501,0.0,0.0,0.0,0.0,0.0
339,40.34414440391606,58.20609516778735,60.592588215270574,78.87837287122451,70.85716846693849,62.44662209830282,54.21291109043391,13.59796269469952,0.0,0.0,0.0,0.0,0.0
340,40.357073164067764,58.79486128512903,58.76745379848829,77.86986999752875,68.21247167714684,63.06346852321407,54.600157348688164,13.524682696557758,0.0,0.0,0.0,0.0,0.0
341,38.140120042142385,58.75450332426069,59.86238760561482,77.0029246251269,68.54665401316595,60.921881253976885,54.79219496576976,13.395141012245947,0.0,0.0,0.0,0.0,0.0
342,36.98711611599901,61.901995186495704,60.828166742760835,77.27024973257176,69.25931862398927,61.632882224509174,55.72651557784234,13.231750917563778,0.0,0.0,0.0,0.0,0.0
343,35.65306290511026,62.39248349282022,60.26917030857807,71.95586429097013,69.40452404629495,61.63817560378817,55.55070843968702,12.922352126494719,0.0,0.0,0.0,0.0,0.0
344,35.35354197410389,63.92190243391387,61.97598074826672,69.88946015128695,70.56397008923769,62.65153119226882,54.95100335137811,13.030759635303015,0.0,0.0,0.0,0.0,0.0
345,30.76731418049509,62.303754595806595,62.17558635061341,72.72044841580701,69.21058141656829,63.386450928703276,54.370226843790206,13.252429505047845,0.0,0.0,0.0,0.0,0.0
346,30.358191695229024,61.7285808803258,62.87414270670945,71.50687563815765,69.8699463542552,63.655070093271206,54.728587971798525,13.157927901254546,0.0,0.0,0.0,0.0,0.0
347,31.048151903261783,63.96017095842531,64.976537185633,70.85774830112715,70.92054229315131,63.07883807385637,53.8407985774194,13.020976525994909,0.0,0.0,0.0,0.0,0.0
348,28.712021059662586,59.21621226939051,61.73425635218588,70.16006514173068,67.14211698275918,58.91162887059509,51.150869729626876,10.08193830422133,0.0,0.0,0.0,0.0,0.0
349,27.250997073129014,58.98279054603973,59.35119867781352,71.24450404849026,68.03637760677029,59.36139995960681,51.67774822871626,10.054127181727539,0.0,0.0,0.0,0.0,0.0
350,28.781259924050147,60.65449341285578,61.605512912078474,70.98332306171312,67.76991644141077,59.36098745885842,52.403125214303806,10.28631261643165,0.0,0.0,0.0,0.0,0.0
351,30.540192014622512,61.299616872571995,62.81045107934119,70.46527889184149,67.19937779375785,58.98929369832332,53.48622101780995,10.264704170950814,0.0,0.0,0.0,0.0,0.0
352,30.84911207228117,59.45318575310542,62.00738531992121,67.83520912036903,67.86317183986473,59.410657960124915,53.19798150246528,10.232997500624693,0.0,0.0,0.0,0.0,0.0
353,30.827936628872976,60.56089586839586,61.317041085886245,68.16754319492779,65.55859030850141,59.61961488878449,52.688442293270256,10.203380799144288,0.0,0.0,0.0,0.0,0.0
354,32.479396077578905,61.537944263824095,61.52991072267323,68.87626627326308,66.32370491718777,60.63625302692114,52.04576376027956,10.342307943620588,0.0,0.0,0.0,0.0,0.0
355,32.7367506898905,60.97242514246229,57.29809235921084,69.02066860828091,66.32940117075638,60.4449565497848,50.82877467939223,10.364875282252907,0.0,0.0,0.0,0.0,0.0
356,33.53922245847686,62.699151613615946,55.65262514936341,70.1737021057191,67.41988233277232,59.79241495268036,51.25518473112526,10.328325715008159,0.0,0.0,0.0,0.0,0.0
357,32.69019547012819,62.901086327247924,57.906926847309514,68.82779861660063,68.21073614291122,59.16046962286693,52.12710090800835,10.2261116978631,0.0,0.0,0.0,0.0,0.0
358,32.388407218194935,63.60779383478092,56.94056495612029,69.48351680617645,68.49979966814126,59.550403854490874,51.75538833749247,10.179936303519789,0.0,0.0,0.0,0.0,0.0
359,33.559301594232785,65.73472024391796,56.42366812670188,70.52830221658265,67.87971115304816,58.584396527565985,51.21670385289059,10.27995755980541,0.0,0.0,0.0,0.0,0.0
360,32.49917144106765,65.29173525609328,58.167814929592645,69.52244748256801,66.3458969678678,58.7212931123352,50.49540769983435,10.276105685139543,0.0,0.0,0.0,0.0,0.0
