Date,Mkt,RF,CPI
1980-01-01,0.0,0.017499999999999998,19.3625994386267
1980-02-01,-0.02051305051910901,0.017499999999999998,20.2020781352782
1980-03-01,0.01207258123426924,0.017499999999999998,20.9536811872365
1980-04-01,0.10040540219242114,0.017499999999999998,21.1081292900305
1980-05-01,-0.0034515523091469065,0.017499999999999998,21.7711909727148
1980-06-01,-0.02689488021432505,0.016666666666666666,22.0368150805371
1980-07-01,0.0007988284275147834,0.016666666666666666,22.2138978190853
1980-08-01,-0.006140721472300964,0.016666666666666666,22.589366482774
1980-09-01,-0.015020294078940883,0.015,23.0094386933902
1980-10-01,-0.042957636922173734,0.015,23.6505314649012
1980-11-01,0.012316237102586985,0.013333333333333334,23.7830106565219
1980-12-01,-0.0014025903463530925,0.013333333333333334,24.5346137084802
1981-01-01,-0.014799723396875549,0.013333333333333334,24.9320512833422
1981-02-01,-0.015311303904448069,0.013333333333333334,25.1311029330637
1981-03-01,0.0350580668392826,0.013333333333333334,25.6177476017808
1981-04-01,0.13073418800346132,0.013333333333333334,25.8387681626755
1981-05-01,0.0329479380893491,0.013333333333333334,26.4132884760857
1981-06-01,0.17571214740628077,0.013333333333333334,27.1422568922898
1981-07-01,-0.018066734300102676,0.013333333333333334,27.4078810001121
1981-08-01,-0.055531267930791745,0.013333333333333334,27.6954740191077
1981-09-01,-0.05728438222205117,0.013333333333333334,28.0489737716231
1981-10-01,-0.08680525517090572,0.013333333333333334,27.9824013135223
1981-11-01,0.0875608275529035,0.010833333333333334,27.7394118414542
1981-12-01,-0.008342862194157235,0.009166666666666667,27.8938599442482
1982-01-01,-0.043825357681697354,0.004166666666666667,28.0270048604498
1982-02-01,0.016337524506389867,0.004166666666666667,28.1594840520705
1982-03-01,0.0007043080464873038,0.004583333333333333,28.4244424353118
1982-04-01,-0.05161037755453245,0.004583333333333333,28.4690459822394
1982-05-01,-0.0579048887198635,0.004166666666666667,28.6900665431341
1982-06-01,0.07618812735838107,0.004166666666666667,28.8664835571013
1982-07-01,0.00957869439904394,0.004166666666666667,28.9330560152022
1982-08-01,-0.023423691183289616,0.004166666666666667,29.0215973844762
1982-09-01,-0.018456969216391627,0.004166666666666667,29.1540765760969
1982-10-01,-0.007209957457075561,0.004166666666666667,29.0875041179961
1982-11-01,0.03967367032421971,0.004166666666666667,28.9110871040289
1982-12-01,0.042199017846622215,0.004166666666666667,29.242617945371
1983-01-01,-0.08676473571401933,0.004166666666666667,29.4636385062658
1983-02-01,0.043271009805006394,0.004166666666666667,29.6620244314062
1983-03-01,-0.03041747038668293,0.004166666666666667,29.7725347118536
1983-04-01,0.07993996706779036,0.004166666666666667,29.6846590671605
1983-05-01,-0.03138832406824278,0.004166666666666667,29.7725347118536
1983-06-01,-0.026754214603684708,0.004166666666666667,29.7505658006804
1983-07-01,0.02053261042372382,0.004166666666666667,29.7505658006804
1983-08-01,-0.050543981573340294,0.004166666666666667,29.7725347118536
1983-09-01,-0.009385770503206079,0.004166666666666667,29.8171382587812
1983-10-01,0.031031637277898715,0.004166666666666667,29.7951693476079
1983-11-01,-0.03171150472993812,0.004166666666666667,29.7285968895071
1983-12-01,0.029980473510070625,0.004166666666666667,29.8171382587812
1984-01-01,0.023401940385862678,0.004166666666666667,29.9935552727484
1984-02-01,0.04398912087856631,0.004166666666666667,30.2591793805707
1984-03-01,0.01871926914341322,0.004166666666666667,30.3696896610181
1984-04-01,0.02607446661603242,0.004166666666666667,30.4582310302922
1984-05-01,-0.03848941719353676,0.004166666666666667,30.4136274833646
1984-06-01,0.013474112425650404,0.004166666666666667,30.2591793805707
1984-07-01,0.017167481859051013,0.004166666666666667,30.2591793805707
1984-08-01,0.011601829746522716,0.004166666666666667,30.4136274833646
1984-09-01,-0.014579351672391291,0.004166666666666667,30.767792960461
1984-10-01,-0.03273515506626856,0.004166666666666667,30.6126791330861
1984-11-01,0.043117924102644346,0.004166666666666667,30.5467723995663
1984-12-01,0.04979445884224091,0.004166666666666667,30.5467723995663
1985-01-01,-0.025307008789909654,0.004166666666666667,30.6266593492873
1985-02-01,-0.028998124317602098,0.004166666666666667,30.844351287277
1985-03-01,0.001111070074671052,0.005625000000000001,30.8756403425844
1985-04-01,-0.006908618645733847,0.004166666666666667,30.9069293978918
1985-05-01,-0.0004473605800825157,0.004166666666666667,31.1252870604625
1985-06-01,0.022928499000234095,0.005483333333333333,31.1559103911889
1985-07-01,0.0013110934939506993,0.004166666666666667,31.1559103911889
1985-08-01,-0.007672391587697146,0.004166666666666667,31.2184885018037
1985-09-01,0.01874782421125943,0.005066666666666666,31.561336661023
1985-10-01,0.014153202655887412,0.004166666666666667,31.6545381023641
1985-11-01,0.054892459413236616,0.004166666666666667,31.2810666124185
1985-12-01,0.09314566355999548,0.004516666666666666,31.4674694951008
1986-01-01,-0.018222191099638796,0.004166666666666667,31.7484052682863
1986-02-01,0.09217712467203577,0.004166666666666667,31.9348081509686
1986-03-01,0.12714414536070373,0.004166666666666667,31.9973862615834
1986-04-01,0.015645885008015264,0.004166666666666667,31.966097206276
1986-05-01,0.12300977102235137,0.004166666666666667,32.1531658135393
1986-06-01,0.05876952650909851,0.004166666666666667,32.0905877029246
1986-07-01,0.11767345261972773,0.005833333333333334,32.121876758232
1986-08-01,-0.033315988621199784,0.005833333333333334,32.0905877029246
1986-09-01,-0.04373272759115239,0.005833333333333334,32.2776563101879
1986-10-01,-0.051241380585216205,0.005833333333333334,31.966097206276
1986-11-01,0.10144905927275726,0.005833333333333334,31.9041848202422
1986-12-01,0.022667958769466104,0.005833333333333334,31.9041848202422
1987-01-01,0.11560825691830201,0.005833333333333334,32.0286753168908
1987-02-01,0.08322997336610104,0.005833333333333334,32.0905877029246
1987-03-01,0.1973275705955762,0.005833333333333334,32.3402344208027
1987-04-01,-0.1219167869108878,0.005833333333333334,32.527303028066
1987-05-01,0.06884600554090334,0.005833333333333334,33.0252650146602
1987-06-01,0.06930343345913917,0.005833333333333334,32.9946416839338
1987-07-01,0.16469743689366176,0.005833333333333334,32.9007745180117
1987-08-01,-0.023909673719210295,0.005833333333333334,33.3681131738795
1987-09-01,0.023641861639284875,0.005833333333333334,33.5864708364502
1987-10-01,0.03960893805921924,0.005833333333333334,33.6177598917576
1987-11-01,-0.05992307969420863,0.005833333333333334,33.5551817811428
1987-12-01,0.09905162593085366,0.005833333333333334,33.8354518297473
1988-01-01,0.2011518641227778,0.005833333333333334,34.0225204370107
1988-02-01,-0.04745561410958108,0.005833333333333334,34.5830605342197
1988-03-01,0.06957298135404034,0.005833333333333334,35.0816882453949
1988-04-01,-0.01008926535978719,0.005833333333333334,35.0197758593611
1988-05-01,0.0987761360828494,0.005833333333333334,35.2061787420434
1988-06-01,-0.020448824745227044,0.005833333333333334,35.4245364046142
1988-07-01,0.020072368587465972,0.005833333333333334,35.487114515229
1988-08-01,-0.07625788014491305,0.005833333333333334,35.6735173979113
1988-09-01,0.019539061359709793,0.006666666666666667,35.7673845638335
1988-10-01,0.0742882299228191,0.006666666666666667,35.6735173979113
1988-11-01,0.1300173672380224,0.006666666666666667,35.9544531710968
1988-12-01,0.0875887442112115,0.006666666666666667,36.2660122750087
1989-01-01,-0.025577869835247652,0.006666666666666667,36.3279246610424
1989-02-01,0.03730338908680523,0.006666666666666667,36.452415157691
1989-03-01,0.08897136076539237,0.006666666666666667,36.7020618755691
1989-04-01,-0.07002142607392228,0.006666666666666667,36.8578414275251
1989-05-01,-0.0028904538863865695,0.006666666666666667,37.3251800833929
1989-06-01,-0.08750270850790168,0.006666666666666667,37.3870924694267
1989-07-01,0.04691565215219854,0.006666666666666667,37.3564691387003
1989-08-01,0.08516373258246529,0.006666666666666667,37.6367391873048
1989-09-01,-0.03319183947517617,0.006666666666666667,37.9795873465241
1989-10-01,-0.05380462349378247,0.006666666666666667,38.0727887878652
1989-11-01,0.01367533184693672,0.005833333333333334,38.13536689848
1989-12-01,0.00373338172134397,0.005833333333333334,38.1040778431726
1990-01-01,-0.01501789139469078,0.005833333333333334,38.9854971884276
1990-02-01,-0.03933944900053181,0.005833333333333334,39.2290115968027
1990-03-01,-0.01828380079615046,0.005833333333333334,39.6348689440945
1990-04-01,-0.20574803824233295,0.005833333333333334,40.0818391135794
1990-05-01,0.14729825842268834,0.005833333333333334,40.5277551081364
1990-06-01,-0.10279472683509448,0.005833333333333334,40.7291025193902
1990-07-01,-0.059543609099060264,0.005833333333333334,40.8513868110418
1990-08-01,-0.11139300282833071,0.005833333333333334,41.0147839248865
1990-09-01,-0.015275837916398522,0.005833333333333334,41.2582983332616
1990-10-01,0.1438846926020119,0.005833333333333334,41.3795284499851
1990-11-01,0.009904996672823784,0.005833333333333334,41.4206412721783
1990-12-01,-0.0013207576176655677,0.005833333333333334,41.6620473306973
1991-01-01,-0.09125297198806578,0.005833333333333334,42.5549334947392
1991-02-01,0.0613020571389424,0.005833333333333334,43.1231337809477
1991-03-01,-0.04037062579244419,0.005833333333333334,43.6512754198911
1991-04-01,-0.004990546878973062,0.005833333333333334,43.8536770060729
1991-05-01,-0.05452597971274168,0.005833333333333334,43.9749071227964
1991-06-01,-0.014415999893998171,0.005833333333333334,44.2584801784367
1991-07-01,0.17386405403229316,0.005833333333333334,44.5431074090049
1991-08-01,-0.04393397739954584,0.005833333333333334,44.9078519341035
1991-09-01,0.02712756822280469,0.005833333333333334,45.1524205174066
1991-10-01,-0.013047821829912884,0.005833333333333334,45.233591986865
1991-11-01,-0.06449828859346081,0.005833333333333334,45.4349393981188
1991-12-01,-0.06579914342613424,0.005833333333333334,45.5161108675772
1992-01-01,0.10787649935845349,0.005833333333333334,45.8418509203386
1992-02-01,-0.10123650954897992,0.005833333333333334,46.1254239759789
1992-03-01,-0.01419810800794458,0.005833333333333334,46.612452792729
1992-04-01,0.01579036154509801,0.005833333333333334,46.8960258483692
1992-05-01,-0.07593165085182618,0.005833333333333334,47.1806530789375
1992-06-01,-0.03366421757065299,0.005833333333333334,47.2628787233239
1992-07-01,-0.07928971092986553,0.005833333333333334,47.4642261345777
1992-08-01,0.09861164354370683,0.005833333333333334,47.5453976040361
1992-09-01,-0.09105131567002947,0.005833333333333334,47.7077405429528
1992-10-01,0.17173347769765862,0.005833333333333334,47.6666277207596
1992-11-01,0.08371134197955178,0.005833333333333334,47.4231133123845
1992-12-01,0.02247821575622364,0.005833333333333334,47.5453976040361
1993-01-01,0.002237927906930578,0.004166666666666667,47.9101421291347
1993-02-01,-0.05324888059399443,0.004166666666666667,48.2348280069681
1993-03-01,0.0336300707455492,0.004166666666666667,48.8430869404418
1993-04-01,0.07901423054267687,0.004166666666666667,49.12771417101
1993-05-01,0.041719079442483466,0.004166666666666667,49.2900571099267
1993-06-01,-0.004583069347173389,0.004166666666666667,49.5335715183018
1993-07-01,-0.024836172509356515,0.004166666666666667,49.4935128710366
1993-08-01,-0.09412265794598329,0.004166666666666667,49.6558558099533
1993-09-01,0.07807396145283937,0.004166666666666667,49.8983160434004
1993-10-01,0.03263858838846196,0.004166666666666667,50.1007176295823
1993-11-01,0.0880229110301142,0.004166666666666667,50.0195461601239
1993-12-01,0.06575070504196953,0.004166666666666667,50.3031192157641
1994-01-01,0.08784322898526195,0.004166666666666667,50.953545146359
1994-02-01,-0.02878043102743159,0.004166666666666667,51.5206912576395
1994-03-01,-0.057862843965917975,0.004166666666666667,51.9666072521964
1994-04-01,0.037257613632286926,0.004166666666666667,52.0477787216548
1994-05-01,0.04278686805496434,0.004166666666666667,52.088891543848
1994-06-01,-0.006546196321718126,0.004166666666666667,52.4536360689466
1994-07-01,0.0003213677438719343,0.004166666666666667,52.9006062384315
1994-08-01,0.011257434277428131,0.004166666666666667,53.3064635857233
1994-09-01,0.10666125897938034,0.004166666666666667,53.1430664718786
1994-10-01,0.05113050305854243,0.004166666666666667,52.9817777078899
1994-11-01,-0.028634589888634713,0.004166666666666667,53.0629491773482
1994-12-01,-0.0447695350014819,0.004166666666666667,53.1040619995414
1995-01-01,-0.10435845795079979,0.004166666666666667,53.6016325655719
1995-02-01,-0.044031957486794435,0.004166666666666667,53.8209009506022
1995-03-01,0.050729733071790704,0.004166666666666667,54.3680177382501
1995-04-01,-0.038219261522633656,0.004166666666666667,54.6969203157957
1995-05-01,-0.0161186849888189,0.004166666666666667,54.8065545083109
1995-06-01,0.013405494210664762,0.004166666666666667,54.6431573944661
1995-07-01,0.04285166376183951,0.004166666666666667,54.8065545083109
1995-08-01,-0.02111973196615549,0.004166666666666667,55.1354570858564
1995-09-01,0.0768751366100417,0.004166666666666667,55.6288109521747
1995-10-01,0.0031961834871793654,0.004166666666666667,55.3557796458148
1995-11-01,-0.06179419043455758,0.004166666666666667,55.2450912783716
1995-12-01,-0.05291609635109689,0.004166666666666667,55.6288109521747
1996-01-01,-0.004677149567096447,0.004166666666666667,56.1759277398226
1996-02-01,-0.030019867529032643,0.004166666666666667,56.397304474709
1996-03-01,0.016201890821517604,0.004166666666666667,56.7799699735841
1996-04-01,0.12370839571951416,0.004166666666666667,57.1636896473873
1996-05-01,-0.08264830134570074,0.004166666666666667,57.4925922249328
1996-06-01,-0.09222223739793055,0.004166666666666667,57.4925922249328
1996-07-01,-0.0022124440718611317,0.004166666666666667,57.7666777062208
1996-08-01,-0.04842088064522732,0.004166666666666667,58.0397090125807
1996-09-01,0.008648482562591887,0.004166666666666667,58.1503973800239
1996-10-01,-0.04147279446500238,0.004166666666666667,58.1503973800239
1996-11-01,-0.03231474462410343,0.004166666666666667,58.1503973800239
1996-12-01,-0.11898007083561343,0.004166666666666667,58.3686115901262
1997-01-01,0.051796837623077616,0.004166666666666667,58.808202535115
1997-02-01,-0.013667571844903716,0.004166666666666667,59.1360509377325
1997-03-01,0.0011965699759137523,0.004166666666666667,59.3553193227629
1997-04-01,0.03751064507549535,0.004166666666666667,59.6294048040508
1997-05-01,0.059524049952042295,0.004166666666666667,59.6842219003084
1997-06-01,-0.0012870704838902232,0.004166666666666667,59.7938560928236
1997-07-01,-0.02620569662292762,0.004166666666666667,59.9034902853388
1997-08-01,-0.030553485062957814,0.004166666666666667,60.3409728804715
1997-09-01,-0.08464550985341124,0.004166666666666667,60.6171667116155
1997-10-01,-0.3181041607871222,0.004166666666666667,60.6171667116155
1997-11-01,-0.13360725583408864,0.004166666666666667,60.6709296329451
1997-12-01,-0.0903916070967666,0.004166666666666667,62.2058083281576
1998-01-01,0.3945369136360981,0.004166666666666667,63.6858699271126
1998-02-01,-0.017908768670703255,0.004166666666666667,64.7822118522644
1998-03-01,-0.13109099002196556,0.004166666666666667,64.6725776597492
1998-04-01,-0.13279516421797613,0.004166666666666667,64.8918460447796
1998-05-01,-0.2241708581684526,0.004166666666666667,64.562943467234
1998-06-01,-0.12229368350243981,0.004166666666666667,64.2888579859461
1998-07-01,0.14200136292813276,0.004166666666666667,64.2888579859461
1998-08-01,-0.10160379040790374,0.004166666666666667,64.5070721960484
1998-09-01,0.0005157297690378547,0.0025,64.7822118522644
1998-10-01,0.2149897495872769,0.0025,65.0004260623667
1998-11-01,0.1608228851397395,0.0025,64.7822118522644
1998-12-01,0.21890336258022117,0.0025,64.6725776597492
1999-01-01,0.015821970604640148,0.0025,64.6177605634916
1999-02-01,-0.09419780150902449,0.0025,64.8918460447796
1999-03-01,0.1741287724503402,0.0025,65.0004260623667
1999-04-01,0.19544762881536065,0.0025,65.1648773511395
1999-05-01,-0.022263298527550143,0.0025,65.0552431586243
1999-06-01,0.18206790833124437,0.0025,64.6725776597492
1999-07-01,0.0936821694293966,0.0025,64.4522550997908
1999-08-01,-0.03338536098082158,0.0025,65.11111442981
1999-09-01,-0.11477810813913648,0.0025,65.2755657185827
1999-10-01,-0.003198201194040509,0.0025,65.768919584901
1999-11-01,0.17876398901168244,0.0025,65.6582312174578
1999-12-01,0.031028848351034668,0.0025,65.5485970249427
2000-01-01,-0.08543949766090173,0.0025,65.8395493050791
2000-02-01,-0.13052705311731194,0.0025,66.040896716333
2000-03-01,0.03855282928450888,0.0025,66.3729618186626
2000-04-01,-0.1713153743322457,0.0025,66.1062555618708
2000-05-01,0.00890712484024069,0.0025,65.7731362846132
2000-06-01,0.11517447335486468,0.0025,66.1062555618708
2000-07-01,-0.15121829577868448,0.0025,66.3729618186626
2000-08-01,-0.024883148751913515,0.0025,66.7050269209922
2000-09-01,-0.11596583266881566,0.0025,67.5705045369054
2000-10-01,-0.1755670804252086,0.0025,67.5040915164394
2000-11-01,-0.010256900932249626,0.0025,67.1045592187158
2000-12-01,-0.00909411011812426,0.0025,67.3702113005795
2001-01-01,0.20253714500826203,0.0025,68.1039170504888
2001-02-01,-0.0665959516960655,0.0025,68.4359821528185
2001-03-01,-0.09974483837635356,0.0025,69.0358076868679
2001-04-01,0.09846396305194098,0.0025,69.3014597687316
2001-05-01,0.05852769748787027,0.0025,69.2350467482657
2001-06-01,-0.028213817176195068,0.0025,69.4342858096634
2001-07-01,-0.0943444707939468,0.0025,69.5671118505953
2001-08-01,0.006552210877967884,0.0025,69.8338181073871
2001-09-01,-0.127868394245481,0.0020833333333333333,69.7674050869211
2001-10-01,0.11438612302062381,0.0020833333333333333,69.7674050869211
2001-11-01,0.18002256612682627,0.0020833333333333333,69.3689269641256
2001-12-01,0.07451168632957267,0.0020833333333333333,69.5017530050574
2002-01-01,0.075456966092317,0.0020833333333333333,69.900231127853
2002-02-01,0.09179558857841394,0.0020833333333333333,70.2333504051106
2002-03-01,0.08817940801531839,0.0020833333333333333,70.6328827028342
2002-04-01,-0.061287819865390065,0.0020833333333333333,71.0324150005578
2002-05-01,-0.05608216102187369,0.0020833333333333333,71.2980670824216
2002-06-01,-0.06978244910396897,0.0020833333333333333,71.2316540619556
2002-07-01,-0.03386348171143933,0.0020833333333333333,71.0324150005578
2002-08-01,0.025317807984289783,0.0020833333333333333,71.4983603187474
2002-09-01,-0.13032400203662814,0.0020833333333333333,71.898946791399
2002-10-01,0.019152683756486946,0.0020833333333333333,71.6975993801452
2002-11-01,0.09529362364998799,0.0020833333333333333,71.7650665755391
2002-12-01,-0.14407240562231438,0.0020833333333333333,72.0960775029407
2003-01-01,-0.058553228676274424,0.0020833333333333333,72.5641311709863
2003-02-01,-0.02815253302847448,0.0020833333333333333,72.9626092937819
2003-03-01,-0.07154328451479157,0.0020833333333333333,73.828086909695
2003-04-01,0.11227143176619421,0.0020833333333333333,73.6952608687631
2003-05-01,0.05528797457654961,0.0020833333333333333,73.5624348278313
2003-06-01,0.056039520085247096,0.0020833333333333333,73.3621415915055
2003-07-01,0.0630372380430465,0.0020833333333333333,73.2967827459676
2003-08-01,0.06241035422690702,0.0020833333333333333,73.6288478482972
2003-09-01,-0.08508963446529941,0.0020833333333333333,74.2950864028126
2003-10-01,0.11478380554975756,0.0020833333333333333,74.3604452483504
2003-11-01,0.017510298264649823,0.0020833333333333333,74.2276192074186
2003-12-01,0.018085116002738287,0.0020833333333333333,74.5617926596043
2004-01-01,0.045559677737575854,0.0020833333333333333,75.0277379777938
2004-02-01,0.040330654032638386,0.0020833333333333333,75.3598030801234
2004-03-01,-0.003310810770658597,0.0020833333333333333,76.0914004801767
2004-04-01,-0.020260653809744674,0.0020833333333333333,76.0914004801767
2004-05-01,-0.07082902972679164,0.0020833333333333333,76.0260416346388
2004-06-01,-0.02271066324078894,0.0020833333333333333,76.0260416346388
2004-07-01,-0.06635660387155823,0.0020833333333333333,76.4919869528283
2004-08-01,0.08873132295057214,0.001875,77.1561171574876
2004-09-01,0.03847520323571925,0.001875,77.1561171574876
2004-10-01,-0.00029941375011846333,0.001875,77.1561171574876
2004-11-01,0.050474838706531466,0.0016666666666666668,76.6912260142261
2004-12-01,0.020136194844356137,0.0016666666666666668,76.825106230086
2005-01-01,0.04023248245837989,0.0016666666666666668,77.5809496534839
2005-02-01,0.08096763299117081,0.0016666666666666668,77.895093782037
2005-03-01,-0.04621872233111701,0.0016666666666666668,78.3652557999387
2005-04-01,-0.05796036489079054,0.0016666666666666668,78.444318919541
2005-05-01,0.06264039140908116,0.0016666666666666668,78.3652557999387
2005-06-01,0.038369623282583115,0.0016666666666666668,78.1291206160598
2005-07-01,0.09739461548710891,0.0016666666666666668,78.444318919541
2005-08-01,-0.02548187195299153,0.0016666666666666668,78.6793999284918
2005-09-01,0.11963875435749398,0.0016666666666666668,79.0715530017192
2005-10-01,-0.05288901909938884,0.0016666666666666668,78.9144809374426
2005-11-01,0.11360372621027924,0.0016666666666666668,78.6003368088895
2005-12-01,0.06123378097809775,0.0016666666666666668,78.8364719927684
2006-01-01,0.014723927484530563,0.0016666666666666668,79.30663401067
2006-02-01,-0.02038014985201017,0.0020833333333333333,79.4647602498746
2006-03-01,-0.008780111984904367,0.001875,79.9349222677763
2006-04-01,0.043276173849212805,0.001875,80.0139853873786
2006-05-01,-0.07457892011996725,0.001875,80.1700032767271
2006-06-01,-0.017261274009528177,0.0020833333333333333,80.0139853873786
2006-07-01,0.0020594152216684325,0.0020833333333333333,80.3270753410036
2006-08-01,0.041446231383255434,0.0022916666666666667,80.7972373589053
2006-09-01,0.01370724249565626,0.0022916666666666667,81.0323183678561
2006-10-01,-0.005014703706077956,0.0022916666666666667,80.6401652946287
2006-11-01,0.0483940018773299,0.0022916666666666667,80.2490663963294
2006-12-01,0.0015697659388984732,0.0022916666666666667,80.4841474052802
2007-01-01,-0.05313466867402934,0.0022916666666666667,80.6401652946287
2007-02-01,0.04112807237314903,0.0022916666666666667,81.1893904321327
2007-03-01,0.024538757089983352,0.0022916666666666667,81.6606066249624
2007-04-01,0.0599152724941462,0.0022916666666666667,81.9736965785874
2007-05-01,0.09792749690750754,0.0022916666666666667,82.0527596981897
2007-06-01,0.024788539421072016,0.0022916666666666667,82.0527596981897
2007-07-01,0.1032609283448985,0.0025,82.3669038267428
2007-08-01,-0.031543317794726175,0.0027083333333333334,82.4449127714171
2007-09-01,0.03835306123101495,0.0027083333333333334,82.9161289642468
2007-10-01,0.059034971386170434,0.0027083333333333334,83.0721468535953
2007-11-01,-0.08005077931744778,0.0027083333333333334,83.0721468535953
2007-12-01,-0.004664587370434241,0.0027083333333333334,83.3862909821484
2008-01-01,-0.15503134454869338,0.0027083333333333334,83.7773898804478
2008-02-01,0.0521294171524976,0.0027083333333333334,84.0925881839289
2008-03-01,-0.004467730620077391,0.0027083333333333334,84.8768943303837
2008-04-01,0.0688649282794755,0.0027083333333333334,85.3481105232134
2008-05-01,0.01443944717696797,0.0027083333333333334,86.0522993751378
2008-06-01,-0.1005115323593487,0.0027083333333333334,86.6015245126418
2008-07-01,-0.049098584663358105,0.0027083333333333334,87.229812769748
2008-08-01,-0.07852421551362451,0.002916666666666667,87.0727407054714
2008-09-01,-0.01791787319626873,0.002916666666666667,87.1518038250737
2008-10-01,-0.26311175037294665,0.0020833333333333333,87.0727407054714
2008-11-01,-0.03379746381055955,0.001875,86.8376596965206
2008-12-01,0.043996298151926676,0.0014583333333333334,86.8376596965206
2009-01-01,0.03292550478353643,0.00125,86.9167228161229
2009-02-01,-0.0891139973463557,0.0010416666666666667,87.5439568983011
2009-03-01,0.12640134281738827,0.0010416666666666667,88.1711909804793
2009-04-01,0.12681881361313593,0.0010416666666666667,88.4052178145021
2009-05-01,0.0191887272686924,0.0010416666666666667,88.4052178145021
2009-06-01,-0.004178099087141244,0.0010416666666666667,88.3272088698278
2009-07-01,0.11359302554139554,0.0010416666666666667,88.641352998381
2009-08-01,0.021949730749357868,0.0010416666666666667,88.9554971269341
2009-09-01,0.04980523863433497,0.0010416666666666667,89.0345602465364
2009-10-01,-0.05684063994183765,0.0010416666666666667,88.7984250626575
2009-11-01,-0.016000137270618515,0.0010416666666666667,88.9554971269341
2009-12-01,0.07857992184539019,0.0010416666666666667,89.2696412554872
2010-01-01,-0.048920018033502294,0.0010416666666666667,89.9748842823397
2010-02-01,-0.004910848434105563,0.0010416666666666667,90.1562023699609
2010-03-01,0.059803120430405095,0.0010416666666666667,90.3385746325102
2010-04-01,0.0283677641804924,0.0010416666666666667,90.7022649826808
2010-05-01,-0.05932311665326578,0.0010416666666666667,90.7939782014194
2010-06-01,0.03416371583519973,0.0010416666666666667,90.7022649826808
2010-07-01,0.035311192284091984,0.0010416666666666667,90.8846372452301
2010-08-01,-0.00946872936978958,0.0010416666666666667,91.3410949890674
2010-09-01,0.07197565139439947,0.0010416666666666667,92.0684756894084
2010-10-01,0.005399719171419646,0.0010416666666666667,92.0684756894084
2010-11-01,0.01144806804243139,0.0010416666666666667,91.6141262954273
2010-12-01,0.07403971509762225,0.0010416666666666667,91.9778166455978
2011-01-01,0.00909068489706938,0.0010416666666666667,93.0709960459656
2011-02-01,-0.06509108076725492,0.0010416666666666667,93.707717702496
2011-03-01,0.08279565893022954,0.00125,94.0724622275946
2011-04-01,0.039855847027266564,0.00125,94.1641754463333
2011-05-01,-0.023019220119512233,0.00125,94.3454935339546
2011-06-01,-0.019693506867863746,0.00125,94.5278657965038
2011-07-01,0.015362025336131423,0.00125,94.983269365413
2011-08-01,-0.12629760175783444,0.00125,95.6210451968716
2011-09-01,-0.06054849884888536,0.00125,95.5293319781329
2011-10-01,0.07581347273459019,0.00125,95.3480138905116
2011-11-01,-0.0327564731087171,0.00125,95.4386729343223
2011-12-01,-0.011853402243530816,0.00125,95.8023632844928
2012-01-01,0.06880881958379542,0.00125,96.1850287833679
2012-02-01,0.03736473429465587,0.00125,96.5497733084665
2012-03-01,-0.008016283108051478,0.00125,96.5771818565953
2012-04-01,-0.016041264585941642,0.00125,96.567694282243
2012-05-01,-0.07245172531974342,0.00125,96.7405789704401
2012-06-01,0.0057011957057285,0.00125,96.6035362297961
2012-07-01,0.014978866780415651,0.00125,96.3853220196938
2012-08-01,0.01221527106793714,0.00125,96.8312380142507
2012-09-01,0.046705384055157936,0.00125,97.5238309419668
2012-10-01,-0.043069187885903706,0.0010416666666666667,97.3414586794175
2012-11-01,0.010840270940587328,0.0010416666666666667,96.9956893030235
2012-12-01,0.03264962584600873,0.0010416666666666667,97.1685739912205
2013-01-01,-0.017737312040771728,0.0010416666666666667,97.7515327264214
2013-02-01,0.032371452821910805,0.0010416666666666667,98.0783269541109
2013-03-01,-0.010716036047098386,0.0010416666666666667,97.9876679103003
2013-04-01,-0.020631445050884014,0.0010416666666666667,97.8516793445843
2013-05-01,0.018714291435925644,0.0010416666666666667,97.8516793445843
2013-06-01,-0.07131219995742687,0.0010416666666666667,97.7325575777168
2013-07-01,0.02685112405088439,0.0008333333333333334,97.942338388395
2013-08-01,0.006421244908067939,0.0008333333333333334,98.289161939717
2013-09-01,0.03599381239082033,0.0008333333333333334,98.4799676016906
2013-10-01,0.01645410285829287,0.0008333333333333334,98.1795277472018
2013-11-01,0.007254090745676152,0.0008333333333333334,98.1605525984973
2013-12-01,-0.01653305117783064,0.0008333333333333334,98.2796743653647
2014-01-01,-0.035520585660493084,0.0008333333333333334,98.8078160043081
2014-02-01,0.01981121323498771,0.0008333333333333334,99.0713597363157
2014-03-01,0.0028343775279640027,0.0008333333333333334,99.253731998865
2014-04-01,-0.012068849941084592,0.0008333333333333334,99.3180366694749
2014-05-01,0.01676667823998819,0.0008333333333333334,99.4814337833196
2014-06-01,0.0036275704813100444,0.0008333333333333334,99.3538786170279
2014-07-01,0.036249196604477014,0.0008333333333333334,99.4993547570961
2014-08-01,-0.003657722684623359,0.0008333333333333334,99.6732936202212
2014-09-01,-0.02370097954063218,0.0008333333333333334,99.6089889496113
2014-10-01,-0.027939937970970122,0.0008333333333333334,99.3085490951226
2014-11-01,0.008288579621563954,0.0008333333333333334,99.1082558587968
2014-12-01,-0.03346503735045382,0.0008333333333333334,99.0987682844445
2015-01-01,0.017424144196507972,0.0008333333333333334,99.7702777136
2015-02-01,0.01857204224467001,0.0008333333333333334,99.7112439176303
2015-03-01,0.027432726779445603,0.0008333333333333334,99.7207314919826
2015-04-01,0.0413378754041638,0.000625,99.7513025648954
2015-05-01,-0.005832212421807962,0.000625,100.030658920824
2015-06-01,-0.01938470820566145,0.000625,100.050688244456
2015-07-01,-0.021460929491764973,0.000625,100.230952157149
2015-08-01,-0.0446588881621202,0.000625,100.371157422577
2015-09-01,0.010921400463605528,0.000625,100.110776215354
2015-10-01,0.03339755523834261,0.000625,100.110776215354
2015-11-01,-0.018650576413523447,0.000625,99.9210247283084
2015-12-01,-0.015511481476653334,0.000625,100.220410407869
2016-01-01,-0.02543142244140073,0.000625,100.39118674621
2016-02-01,0.0024028929842487075,0.000625,100.821290116846
2016-03-01,0.04048593689051486,0.0004166666666666667,100.560908909623
2016-04-01,-0.0008521303773773079,0.0004166666666666667,100.750660396668
2016-05-01,-0.005405350617480723,0.0004166666666666667,100.810748367566
2016-06-01,-0.006601351825923812,0.0004166666666666667,100.790719043934
2016-07-01,0.022998399856026197,0.0004166666666666667,100.600967556888
2016-08-01,0.009114222130572456,0.0004166666666666667,100.860294589184
2016-09-01,0.004403824412705619,0.0004166666666666667,101.461174298161
2016-10-01,-0.017493819476174184,0.0004166666666666667,101.600325388661
2016-11-01,-0.012380941131968677,0.0004166666666666667,101.450632548881
2016-12-01,0.02143755069096053,0.0004166666666666667,101.561320916324
2017-01-01,0.020083576232076232,0.0004166666666666667,102.640796042627
2017-02-01,0.011574442606322543,0.0004166666666666667,102.921206573483
2017-03-01,0.03226625024432003,0.0004166666666666667,102.850576853305
2017-04-01,0.020712337968513912,0.0004166666666666667,102.720913337158
2017-05-01,0.06237277710551968,0.0004166666666666667,102.830547529673
2017-06-01,0.01874222700940721,0.0004166666666666667,102.611279144642
2017-07-01,0.004555227399137128,0.0004166666666666667,102.781001308055
2017-08-01,-0.016584865755797144,0.0004166666666666667,103.370285092824
2017-09-01,0.013149510774826022,0.0004166666666666667,103.49046103462
2017-10-01,0.05245717515198844,0.0004166666666666667,103.390314416457
2017-11-01,-0.018825308932393228,0.0004166666666666667,102.620766718995
2017-12-01,-0.0035923385976227695,0.0004166666666666667,102.990782118733
2018-01-01,0.03932607783675792,0.0004166666666666667,103.42088548937
2018-02-01,-0.05572327045149599,0.0004166666666666667,104.210462510465
2018-03-01,0.007588463755293309,0.0004166666666666667,104.10082831795
2018-04-01,0.028031174804663495,0.0004166666666666667,104.290579804995
2018-05-01,-0.037413316636583524,0.0004166666666666667,104.341180201541
2018-06-01,-0.04080462646651967,0.0004166666666666667,104.130345215935
2018-07-01,-0.013359815618442189,0.0004166666666666667,103.931106154537
2018-08-01,0.01196166825828195,0.0004166666666666667,104.850346691779
2018-09-01,0.008654240192093566,0.0004166666666666667,105.650465462155
2018-10-01,-0.14357896327360378,0.0004166666666666667,105.460713975109
2018-11-01,0.03255791561725907,0.0004166666666666667,104.711195601279
2018-12-01,-0.021832018550736618,0.0004166666666666667,104.350667775893
2019-01-01,0.07719999750214564,0.0004166666666666667,104.241033583378
2019-02-01,-0.004276997354504414,0.0004166666666666667,104.691166277647
2019-03-01,-0.025263617874158567,0.0004166666666666667,104.490873041321
2019-04-01,0.028968984432140858,0.0004166666666666667,104.870376015412
2019-05-01,-0.07628546309246843,0.0004166666666666667,105.050639928105
2019-06-01,0.04261063169305182,0.0004166666666666667,104.880917764692
2019-07-01,-0.05106556353676715,0.0004166666666666667,104.560448586571
2019-08-01,-0.02843636802190591,0.0004166666666666667,104.811342219442
2019-09-01,0.04727438472477226,0.0004166666666666667,105.200332767886
2019-10-01,0.009854102258106878,0.0004166666666666667,105.460713975109
2019-11-01,0.00214794014653352,0.0004166666666666667,104.870376015412
2019-12-01,0.05121019547333255,0.0004166666666666667,105.121269648283
2020-01-01,-0.036448709739902975,0.0004166666666666667,105.512368546583
2020-02-01,-0.0643180022125521,0.0004166666666666667,105.586160791545
2020-03-01,-0.1243672885986147,0.00020833333333333335,105.354242307378
2020-04-01,0.10431359934629394,0.00020833333333333335,104.890405339045
2020-05-01,0.04126142228560792,0.00020833333333333335,104.827154843363
2020-06-01,0.03805743561362134,0.00020833333333333335,105.111782073931
2020-07-01,0.06475401209245349,0.00020833333333333335,105.027448079689
2020-08-01,0.03357296126111755,0.00020833333333333335,105.617786039386
2020-09-01,0.0007391396236002628,0.00020833333333333335,106.197582249803
2020-10-01,-0.026438741817072748,0.00020833333333333335,105.607244290105
2020-11-01,0.13365158036011537,0.00020833333333333335,105.512368546583
2020-12-01,0.10334524224470402,0.00020833333333333335,105.76537052931
2021-01-01,0.035130320315941564,0.00020833333333333335,106.513834728212
2021-02-01,0.012268986256996338,0.00020833333333333335,107.083089189348
2021-03-01,0.015959195358494646,0.00020833333333333335,107.357174670636
2021-04-01,0.027843996272243314,0.00020833333333333335,107.504759160561
2021-05-01,0.017652203220223088,0.00020833333333333335,107.578551405523
2021-06-01,0.028540841342341555,0.00020833333333333335,107.578551405523
2021-07-01,-0.02904035432757742,0.00020833333333333335,107.799928140409
2021-08-01,-0.0009528883389228983,0.00020833333333333335,108.316473855144
2021-09-01,-0.0416295358900476,0.00020833333333333335,108.759227324917
2021-10-01,-0.032502240054080506,0.00020833333333333335,108.948978811962
2021-11-01,-0.045335482985425696,0.00020833333333333335,109.497149774538
2021-12-01,0.047678998960489535,0.00020833333333333335,109.676359512304
2022-01-01,-0.11155342457629884,0.00020833333333333335,110.361573215523
2022-02-01,0.013367048943418284,0.00020833333333333335,111.004619921622
2022-03-01,0.02143084458560327,0.00020833333333333335,111.805792866925
2022-04-01,-0.022962110700319532,0.00020833333333333335,112.63859106007
2022-05-01,-0.0034008897384708776,0.000625,113.387055258971
2022-06-01,-0.14101519395170825,0.000625,114.082810711471
2022-07-01,0.049699408734776254,0.0008333333333333334,114.630981674047
2022-08-01,0.00834768381895678,0.0010416666666666667,114.504480682684
2022-09-01,-0.13702969002864424,0.0010416666666666667,114.831274910373
2022-10-01,0.06210891963619948,0.00125,115.126443890222
2022-11-01,0.0751149223736071,0.0014583333333333334,115.010484648138
2022-12-01,-0.10037448773891676,0.0014583333333333334,115.200236135184
