,1988,1989,1990,1991,1992,1993,1994,1995,1996,1997,1998,1999,2000,2001,2002
minimum,"[100.          96.33176611  98.5429594   98.5071093  103.11066121
 101.72622285 102.86215951  98.7215949   99.75265294 104.06348781
 110.30671001 114.5129139  108.72340945 110.7342266  115.24019817
 111.11805717 109.93395335 105.31594983 108.22613299 112.35242399
 109.86156716 107.00964191 107.87613958 108.48115563 101.05139802
  98.74170954  97.12220783  86.43933578  92.0337442   87.1389659
  84.54500063  79.76369117  78.9185487   84.57779666  85.15874343
  84.85632994  75.2526443   76.75387214  74.51581963  74.203156
  72.19699893  71.42658182  77.34674831  75.25702017  76.08294138
  75.67245364  73.12728303  70.80821273  69.62973963  65.9006358
  64.93933282  65.24452324  62.57795165  61.59979671  59.08563351
  62.06509102  59.21836004  64.53157871  67.76700954  68.54954356
  63.85455619  61.86821529  62.25239798  64.46583622  65.72767008
  65.39092576  64.76750529  61.65216835  63.87543312  64.78811015
  67.88448853  69.86157864  67.61022221  66.04304906  63.71843095
  64.93674529  66.40879349  65.86854817  65.45856996  65.46116686
  69.3010539   71.43393136  70.4520743   68.96835992  60.83024719
  59.37485452  60.39068541  59.00549834  58.53555262  59.22642496
  60.43806339  59.56827975  61.43234156  61.96261834  60.29781257
  58.42228287  53.59266338  52.69224412  52.87014352  55.87294001
  53.37334609  51.02343587  50.83096406  49.4723931   49.69461782
  48.76766094  48.08130298  45.15167851  41.74602779  41.31737604
  41.27513094  41.94157528  43.23747172  43.22033334  42.66583688
  41.79767544  39.93297918  33.66474947  31.45805601  29.35908308
  29.40132849  28.70515586  26.92903798  25.11197653  22.46346193
  21.22680403  22.77814409  21.59512583  21.53583236  23.79758331
  25.82763475  28.73542775  24.86471868  23.624492    25.66792576
  28.13719109  27.90609881  30.66174129  32.24615189  31.42692501
  29.5879169   29.35571672  32.07025776  32.66243595  27.25916386
  25.43642019  25.82866767  23.74393976  24.00030593  25.28436065
  23.31019196  22.93457215  21.35633498  19.52748869  19.56756563
  19.42614648  16.73409588  16.119207    15.20220832  15.90842975
  16.40958282  16.15212502  15.38095994  15.39156763  14.43728307
  15.27803432  16.76489751  17.3736846   13.79095275  14.3698113
  14.93338989  14.40981944  13.96852228  13.50827673  13.33091655
  13.42549166  12.49464046  12.66276977  13.26681673  12.26835836
   7.9984012    7.85103214   7.48952573   7.93202793   8.17429644
   8.43481918   8.71722554   8.95774621   8.50897713   8.99827108
   9.10268512   9.15327053   5.30092042   5.3894837    5.3343894
   5.28590695   5.10860331   5.05591489   4.8636268    5.04020366
   5.14189028   5.14594102   5.31210678   5.36065822   1.45870864
   1.51285242   1.47027772   1.42745387   1.47483802   1.50890828
   1.5772822    1.55384401   1.63991521   1.60109556   1.70014298
   1.74836034   0.           0.           0.           0.
   0.           0.           0.           0.           0.
   0.           0.           0.           0.           0.
   0.           0.           0.           0.           0.
   0.           0.           0.           0.           0.
   0.        ]","[100.         101.84947948 105.99391497 102.20251346 101.11341606
  96.86593748  99.54262246 103.337841   101.04683777  98.42373639
  99.22071072  99.77718338  92.5379248   90.42282513  88.93976473
  79.15691332  84.27999877  79.79760035  77.42217391  73.04368471
  72.26974459  77.4522069   77.98420953  77.70727405  68.50933542
  69.87603984  67.83853682  67.55389064  65.72750316  65.0261223
  70.41578901  68.51331917  69.26523046  68.89152609  66.5744255
  64.46316461  62.92439678  59.55440559  58.68567607  58.96147667
  56.55169588  55.66773724  53.39568791  56.08822372  53.51563288
  58.31718868  61.24104757  61.94822358  57.23816112  55.45763821
  55.80201318  57.78610236  58.91718923  58.61533723  58.0565135
  55.26397734  57.25687486  58.07498335  60.85052539  62.62275605
  60.08925011  58.69640956  56.63038234  57.7131712   59.02146851
  58.54132017  58.176948    58.17925602  61.59199341  63.48760923
  62.61497411  61.29630836  53.56902297  52.28735855  53.18193108
  51.96209192  51.54824298  52.15664682  53.22365361  52.45769487
  54.09924614  54.5662245   53.10014434  51.44849408  46.64566994
  45.86196827  46.01680732  48.63036383  46.45478184  44.40948068
  44.24195819  43.05949311  43.25291177  42.44611245  41.84872421
  39.29885474  35.73074798  35.36386164  35.32770373  35.89811859
  37.00728637  36.9926175   36.51801969  35.77495361  34.17894566
  28.81391938  26.92519338  25.12866622  24.39505834  23.81742553
  22.34373364  20.83606979  18.63852732  17.61243962  18.89962741
  17.91804593  17.86884858  19.74548304  21.42987031  23.84254292
  19.88081581  18.88918109  20.52302745  22.49735139  22.31257941
  24.51587885  25.782709    25.12768857  23.65729262  23.47163482
  25.64207122  26.11555277  20.97201076  19.56967134  19.87144943
  18.26755079  18.46478772  19.45268337  17.93384416  17.64485867
  16.43063188  15.02359738  15.05443083  14.94562911  11.80248262
  11.36880426  10.72204921  11.22014402  11.57360502  11.39202119
  10.84812193  10.85560348  10.18255087  10.77552895  11.82420687
  12.25358167   8.46070846   8.81583646   9.16159024   8.84038133
   8.56964684   8.28728756   8.17847762   8.23649917   7.66542473
   7.76857156   8.13915257   7.52660133   3.38139401   3.31909245
   3.16626246   3.35333413   3.45575526   3.56589353   3.68528328
   3.7869655    3.59724444   3.80409774   3.84823969   3.86962511
   0.           0.           0.           0.           0.
   0.           0.           0.           0.           0.
   0.           0.           0.           0.           0.
   0.           0.           0.           0.           0.
   0.           0.           0.           0.           0.
   0.           0.           0.           0.           0.
   0.           0.           0.           0.           0.
   0.           0.           0.           0.           0.
   0.           0.           0.           0.           0.
   0.           0.           0.           0.           0.
   0.           0.           0.           0.           0.
   0.           0.           0.           0.           0.
   0.        ]","[100.          97.71434288  96.11169141  85.53997022  91.07617114
  86.23232098  83.66534486  78.93378294  78.09743383  83.69779965
  84.27270191  83.97343491  74.33838985  75.82137907  73.61051696
  73.30165192  71.31986792  70.55881072  76.40705231  74.34271256
  75.15859954  74.75309887  72.23884988  69.94795428  68.63216053
  64.95648323  64.00895276  64.30977075  61.68140289  60.71726188
  58.23911888  61.17588997  58.36994385  63.60704051  66.7961176
  67.56744034  62.78765453  60.83450203  61.21226568  63.3887211
  64.62947186  64.29835397  63.6853498   60.62206488  62.80818264
  63.70561038  66.75025352  68.6943098   66.31281048  64.77571073
  62.49570106  63.69063646  65.13443667  64.60455843  64.20244753
  64.2049946   67.97119582  70.06314426  69.10012862  67.6448861
  59.50200627  58.0783924   59.07204241  57.71710119  57.25741683
  57.93320382  59.11838588  58.26759415  60.09095379  60.60965186
  58.98119747  57.14662034  52.24353929  51.36578688  51.5392079
  54.46641299  52.02974302  49.73898866  49.55136208  48.22699133
  48.44362185  47.53999987  46.87092006  44.01504499  40.49856678
  40.08272407  40.04174134  40.68827089  41.94544316  41.92881691
  41.39089     40.54867109  38.73969596  32.65877442  30.5180217
  28.48177059  28.2722133   27.60277617  25.89486751  24.14758765
  21.6007854   20.41161955  21.90338265  20.76579648  20.70878009
  22.88367179  24.83576207  27.63188551  23.66568667  22.48526648
  24.43016132  26.78035319  26.56040468  29.18316396  30.69117076
  29.91144882  28.16112176  27.94011879  30.52375864  31.08738067
  25.67670015  23.95977138  24.3292479   22.36554374  22.6070272
  23.81653928  21.9569761   21.60316197  20.11654548  18.39386836
  18.43161874  18.29840933  15.41372883  14.8473564   14.00271149
  14.65321007  15.11482075  14.8776771   14.16735911  14.17712982
  13.29814098  14.07255461  15.44210012  16.0028522   12.29075915
  12.80664889  13.30892084  12.8423049   12.44901249  12.03883291
  11.88076615  11.96505328  11.13546101  11.28530104  11.82363917
  10.93379409   6.63178064   6.50959131   6.20985251   6.57674802
   6.77762211   6.9936315    7.22778542   7.42721032   7.05511869
   7.46081104   7.54738471   7.58932701   3.62820152   3.68881843
   3.65110928   3.61792559   3.49657057   3.46050811   3.32889701
   3.4497546    3.51935374   3.52212627   3.635858     3.66908891
   0.           0.           0.           0.           0.
   0.           0.           0.           0.           0.
   0.           0.           0.           0.           0.
   0.           0.           0.           0.           0.
   0.           0.           0.           0.           0.
   0.           0.           0.           0.           0.
   0.           0.           0.           0.           0.
   0.           0.           0.           0.           0.
   0.           0.           0.           0.           0.
   0.           0.           0.           0.           0.
   0.           0.           0.           0.           0.
   0.           0.           0.           0.           0.
   0.        ]","[100.         101.99491706  99.0208654   98.60538016  95.93948438
  94.91571025 102.78276467 100.00581491 101.10334604 100.55786656
  97.17569888  94.09398619  93.92152741  88.89144788  87.5947743
  88.00643678  84.40957604  83.09017132  79.69888982  83.71779327
  79.87792077  87.04476667  91.40894505  92.46448241  87.52902012
  84.80623129  85.33285205  88.36693593  90.09660235  89.63500803
  88.78045064  84.51008364  87.5576373   88.80869487  93.05307432
  95.76318258  94.21884011  92.03489172  88.795399    90.49319203
  92.54457818  91.79171441  91.22038554  91.22400448  96.57511399
  99.54740477  98.17912894  96.11148527  86.24953837  84.18597704
  85.62629579  83.66227705  82.99595391  83.97552283  85.69347172
  84.46022936  87.10323146  87.85509635  85.49461393  82.83535183
  77.63182812  76.32752284  76.58521961  80.93493031  77.31413534
  73.91016519  73.63135952  71.6633971   71.98530146  70.64255503
  69.64832896  65.40461183  62.27774617  61.63827299  61.57525071
  62.56946869  64.50271872  64.47715127  63.64993987  62.35479539
  59.57299586  50.22189734  46.92989802  43.79859881  46.16410284
  45.07101669  42.28226895  39.4292342   35.27070442  33.32898255
  35.76479841  33.90729809  33.81419925  37.36545726  40.55291539
  45.11854769  41.28465576  39.22541944  42.61827743  46.71817378
  46.33447486  50.90986349  53.54057278  52.18035229  49.12691671
  48.74137828  53.24852329  54.23175872  47.72294936  44.53184987
  45.2185623   41.56880383  42.01762718  44.26563738  40.80943628
  40.1518341   37.38879511  34.1870117   34.25717489  34.00959066
  32.50309235  31.30877684  29.52766522  30.89937844  31.87278174
  31.37271442  29.87485939  29.89546299  28.04192997  29.67494414
  32.56291919  33.74538302  30.57329917  31.85657641  33.10597935
  31.94527084  30.96695483  29.94663192  29.5534404   29.76310488
  27.69949169  28.0722192   29.41133687  27.19784466  22.29502804
  21.88424628  20.87657046  22.11001682  22.78532467  23.51151505
  24.29870458  24.96914045  23.71822554  25.0821009   25.37314831
  25.51415188  21.82470215  22.18933076  21.96249908  21.76288939
  21.03290314  20.81597683  20.02429727  20.75129127  21.16995068
  21.18662822  21.87075812  22.07065184  18.23131472  18.90801752
  18.37590803  17.84068456  18.43290384  18.85872268  19.71327753
  19.42034101  20.49608097  20.01090298  21.24882299  21.85145595
  17.90906108  17.70991062  17.54495947  17.92331939  17.23815921
  17.14069663  17.10925394  17.38167872  17.46989371  17.53094853
  18.06283589  18.04484965  13.73287747  13.93610026  14.04156
  14.42300288  15.13113963  15.33601682  16.08540852  15.83849677
  16.07181326  16.53686035  15.89735974  15.821978    10.96454134
  11.22295227  11.10946483  11.44350356  11.44717077  10.81833822
  10.49129189  10.11289143  10.02793316   8.72706249   8.61101604
   8.80672132   5.04257059   4.78597714   5.05473072   5.36364451
   5.41789883   5.41417987   5.7042187    5.7494168    5.89035152
   5.7412405    5.68823871   5.89387793   1.99626954   1.98840054
   2.04475621   2.06650431   2.00425828   2.04160089   2.0745387
   2.05547418   2.11368478   2.12049231   2.14431651   2.21601847
   2.20108476]","[100.          94.64438062  93.2637881   93.70209281  89.87244817
  88.46765339  84.85689279  89.13589417  85.04751038  92.67818473
  97.32480676  98.44865704  93.44094311  90.53425049  91.0964405
  94.33545378  96.18194609  95.68917456  94.77689829  90.21810031
  93.47149316  94.8070502   99.33810537 102.23126093 100.85093368
  98.51325647  95.04573486  96.86303607  99.05881993  98.25296184
  97.64141696  97.64529063 103.37306641 106.55457767 105.08998847
 102.87680272  92.57386557  90.35899169  91.90492314  89.79689092
  89.08170901  90.13310574  91.97702482  90.65335382  93.49015649
  94.29715257  91.7635856   88.90933064  83.60091487  82.19632198
  82.47383296  87.15799154  83.2587948   79.59309445  79.29285151
  77.17357308  77.52022856  76.07423878  75.00356698  70.43355178
  67.36376734  66.67207047  66.60390137  67.6793139   69.77044618
  69.74279071  68.84802365  67.44710893  64.43812887  54.32335652
  50.76251031  47.37548807  50.30238285  49.11130938  46.07257045
  42.96378164  38.43246956  36.31668629  38.97085552  36.94684366
  36.84539917  40.71500194  44.18819278  49.16310121  45.32643251
  43.06559651  46.79061603  51.29189312  50.87063     55.89395017
  58.78220647  57.28882009  53.93645251  53.51316979  58.46156527
  59.54105966  52.74887729  49.22170812  49.98074146  45.94660979
  46.44270084  48.92745955  45.10726968  44.38041233  41.32638472
  37.78740646  37.86495887  37.59130038  36.36309593  35.02694586
  33.03431291  34.5689281   35.65793088  35.09847654  33.42273918
  33.44578962  31.37213466  33.19908239  36.4300277   37.75291862
  34.6692381   36.12443742  37.54122425  36.22501434  35.11563225
  33.95861553  33.51274771  33.75050117  31.41042343  31.83308565
  33.35160641  30.84157018  25.77298945  25.2981269   24.13325649
  25.559117    26.33977097  27.179245    28.08923388  28.86425585
  27.41820175  28.99483781  29.33128779  29.49428752  25.83257616
  26.26416493  25.99567802  25.75941214  24.8953717   24.63860918
  23.7015461   24.56204481  25.05758655  25.07732675  25.88708982
  26.12369189  22.28771556  23.11498226  22.46448035  21.81017162
  22.53415752  23.0547195   24.09940968  23.74129585  25.05638401
  24.4632557   25.97660838  26.71332498  22.74140341  22.48851684
  22.27905748  22.75950899  21.88947432  21.76571375  21.72578698
  22.07171923  22.18373697  22.26126602  22.93667077  22.91383137
  18.43032363  18.70306049  18.84459362  19.35651224  20.30687312
  20.58183027  21.58755769  21.25618771  21.56931206  22.19343242
  21.33518525  21.23401855  15.90484809  16.27969155  16.11506994
  16.5996169   16.60493644  15.69277005  15.21836605  14.66946924
  14.54623122  12.65922567  12.49089203  12.77477648   9.03530021
   8.57553493   9.05708878   9.61060187   9.707815     9.70115136
  10.22084421  10.30183036  10.55435781  10.28718004  10.19221119
  10.56067645   6.47815592   6.45261997   6.6355015    6.70607695
   6.50408043   6.62526209   6.73214957   6.67028271   6.85918374
   6.88127506   6.9585877    7.19126994   3.3210945    3.19289405
   3.31416854   3.37899014   3.33578792   3.29864973   3.31010139
   3.08244386   2.99392328   3.1151971    3.06321009   3.03540279
   3.129232  ]","[100.          96.88927304  97.49092579 100.95730057 102.9334068
 102.40604534 101.42973212  96.5509308  100.0326945  101.46200055
 106.31111166 109.40735135 108.21368115 105.70533892 101.98466659
 103.93464213 106.29073192 105.42604115 104.76984968 104.77400615
 110.91994531 114.33372674 112.7622134  110.38745128  99.59918522
  97.21622722  98.87947756  96.6114693   95.84201309  96.97319905
  98.95705094  97.53292814 100.58501236 101.45325041  98.72741407
  95.65655313  90.23607172  88.72000044  89.01953665  94.07546302
  89.86679859  85.91016247  85.58609013  83.29861085  83.67277935
  82.11202565  80.9563778   76.02365404  73.02188659  72.27209167
  72.1981968   73.363937    75.63071082  75.60073248  74.63081079
  73.11222832  69.85051347  58.88616589  55.02623171  51.35472158
  54.91147569  53.61126688  50.29409522  46.90045516  41.95394927
  39.64430159  42.54166631  40.33219884  40.22145923  44.44562489
  48.23705631  53.66780427  49.83253088  47.34693532  51.44227527
  56.39104395  55.92790123  61.45061157  64.62600203  62.9841516
  59.29851052  58.83314742  64.27348448  65.46029612  58.35645208
  54.45432014  55.29404404  50.83105593  51.37988493  54.12879088
  49.9024881   49.09836072  45.71966862  41.80447219  41.89026897
  41.58751867  40.67471124  39.18013227  36.95123048  38.66780681
  39.88593393  39.26014443  37.38571291  37.41149647  35.09196578
  37.13553687  40.74957919  42.22932684  39.24901466  40.89644455
  42.50038771  41.0103076   39.75437709  38.44451946  37.93975288
  38.20891337  35.55971336  36.03820891  37.75732495  34.91571509
  29.66611498  29.11952232  27.77869301  29.41993615  30.31851139
  31.28479173  32.33223851  33.22433103  31.55984397  33.37463798
  33.76191023  33.9495318   30.32343385  30.83005206  30.51489012
  30.23755065  29.22330132  28.92190198  27.82193541  28.83202729
  29.41371638  29.4368883   30.38742442  30.66515852  26.83750056
  27.8336444   27.05034988  26.26247142  27.13425085  27.76107968
  29.01903153  28.58781281  30.17136135  29.4571526   31.27943911
  32.16654807  28.16600443  27.85279578  27.5933732   28.1884288
  27.11086117  26.95757947  26.9081288   27.33657771  27.4753155
  27.57133787  28.40784971  28.37956233  23.7078339   24.05866877
  24.24072981  24.89923597  26.12173202  26.47542297  27.76913973
  27.34288218  27.74566947  28.54850626  27.44450061  27.3143649
  21.45931353  21.96506392  21.74295135  22.39671711  22.4038944
  21.17317127  20.5330907   19.79250213  19.62622557  17.08021925
  16.8530983   17.23612398  13.52889646  12.84047254  13.56152131
  14.39031738  14.53587827  14.52590056  15.3040563   15.42531993
  15.80343881  15.40338344  15.261183    15.81289996  11.52659518
  11.48115901  11.80656048  11.93213549  11.5727227   11.78834146
  11.97852656  11.86844674  12.2045587   12.24386584  12.38142836
  12.79544031   8.84889531   8.50731141   8.83044142   9.00315544
   8.8880452    8.7890923    8.81960471   8.21302224   7.97716345
   8.30029166   8.1617748    8.08768359   4.40203966   4.47008041
   4.45369318   4.42118963   4.25617166   4.27702324   4.32149052
   4.33055072   4.40289529   4.31844952   4.35959112   4.42514389
   4.36203374]","[100.          97.68204704  94.24378277  96.04575043  98.22300729
  97.42394865  96.8175637   96.82140469 102.50085214 105.65551927
 104.20328761 102.0087757   91.6708455   89.4775768   91.00842833
  88.9209591   88.21275349  89.25389428  91.07982668  89.76906755
  92.57819837  93.37732254  90.86846947  88.0420566   82.65256232
  81.26390285  81.5382658   86.1692882   82.31432319  78.69020583
  78.39336879  76.29813104  76.64085413  75.21126738  74.15274107
  69.63456724  66.45720896  65.77482071  65.707569    66.768509
  68.83149954  68.80421626  67.92149066  66.53942897  63.57094272
  53.59229149  50.07936592  46.73792507  49.44997119  48.27908136
  45.29183614  42.23572809  37.7812025   35.70127276  38.31046511
  36.32075164  36.22102621  40.02505565  43.43939067  48.32999553
  44.39708247  42.1826015   45.83124512  50.24023032  49.82760456
  54.74792914  57.57696611  56.11419937  52.83056701  52.41596306
  57.26289917  58.32026016  51.50122098  48.05747908  48.79855919
  44.85984585  45.34420298  47.7701903   44.04035845  43.33069327
  40.34890184  36.89363016  36.96934824  36.70216254  35.29924633
  34.00218706  32.06785118  33.55756921  34.61471179  34.07162502
  32.44491353  32.4672896   30.4543021   32.22780011  35.36421992
  36.64840794  33.44065517  34.84428621  36.210866    34.94129896
  33.87123033  32.75521512  32.32514764  32.55447577  30.29732397
  30.70500821  32.16971675  29.74862933  24.63645176  24.18252971
  23.06902777  24.43201066  25.17823934  25.98069423  26.8505544
  27.59139944  26.20911346  27.716223    28.0378362   28.19364797
  24.42441769  24.83248014  24.57862872  24.35524191  23.53830114
  23.29553499  22.40955213  23.22314422  23.69167351  23.71033765
  24.47595976  24.69966442  20.76429783  21.5350189   20.92898033
  20.31939513  20.9938949   21.47887524  22.45215839  22.11852248
  23.34372128  22.79113468  24.20104615  24.88740644  20.82958515
  20.59795818  20.40610759  20.84616863  20.0492758   19.9359195
  19.89934928  20.2161998   20.31880046  20.38981182  21.00843682
  20.98751747  16.47828277  16.7221328   16.84867551  17.30637446
  18.15607822  18.40191339  19.30111956  19.00484651  19.28480641
  19.8428233   19.07547705  18.98502539  13.76333267  14.08770516
  13.9452491   14.36455402  14.36915731  13.57980998  13.16928232
  12.69429196  12.58764738  10.95471854  10.80905026  11.05471096
   7.20731525   6.84056781   7.22469565   7.66622424   7.74376961
   7.73845413   8.15300484   8.21760621   8.41904334   8.20591988
   8.13016475   8.42408362   4.33293945   4.31585963   4.43818065
   4.48538531   4.35027916   4.43133198   4.50282408   4.46144419
   4.58779137   4.60256724   4.65427809   4.8099085    0.87818474
   0.84428517   0.87635334   0.89349387   0.88207007   0.87224976
   0.87527788   0.81507924   0.79167207   0.82374005   0.80999332
   0.80264034   0.           0.           0.           0.
   0.           0.           0.           0.           0.
   0.           0.           0.           0.           0.
   0.           0.           0.           0.           0.
   0.           0.           0.           0.           0.
   0.        ]","[100.          97.60745231  99.27739603  97.00026068  96.22770796
  97.36344613  99.35528159  97.92542773 100.98979438 101.86152646
  99.1247206   96.04150166  90.52652289  89.0055717   89.30607205
  94.3782724   90.15606115  86.18668944  85.86157398  83.56673178
  83.94210465  82.3763272   81.21695956  76.26835839  73.17927868
  72.42786765  72.35381351  73.52206636  75.79372601  75.76368305
  74.79167078  73.26981514  70.00106995  59.01308971  55.14483579
  51.46541206  54.93456127  53.63380583  50.31523958  46.92017279
  41.97158732  39.66096862  42.55955144  40.34915508  40.23836891
  44.46431048  48.25733587  53.69036699  49.76653268  47.28422903
  51.37414512  56.31635965  55.85383031  61.36922638  64.54041135
  62.90073538  59.21997557  58.7552288   64.18836067  65.3736005
  58.19022986  54.29921274  55.13654477  50.68626901  51.23353473
  53.97461071  49.76034611  48.9585092   45.58944094  41.68539655
  41.77094894  41.469061    40.45044615  38.96410773  36.74749527
  38.45460704  39.66601786  39.04367873  37.17958212  37.20522352
  34.89848185  36.93078546  40.5249013   41.99649019  38.91985212
  40.55346582  42.14395748  40.66637396  39.42097632  38.12210384
  37.62157049  37.88847366  35.26149122  35.73597385  37.4406725
  34.62289385  29.30126907  28.76139862  27.43705938  29.05811784
  29.94564204  30.90003867  31.93460352  32.81572473  31.17170821
  32.96418314  33.34669257  33.53200669  29.81295526  30.31104483
  30.00118846  29.72851785  28.73134286  28.43501742  27.3535682
  28.34665573  28.91855239  28.94133422  29.87586859  30.14892718
  26.2310216   27.20465438  26.43906091  25.66898707  26.52106587
  27.13372949  28.36325391  27.94177996  29.48954317  28.79147424
  30.57258037  31.43964227  27.35481009  27.050622    26.79867092
  27.37658863  26.33005546  26.18118835  26.13316188  26.54927126
  26.68401333  26.77727022  27.58969011  27.56221743  22.83368814
  23.17158717  23.34693533  23.98116131  25.15858198  25.49923177
  26.74524713  26.33470638  26.72264226  27.49587718  26.43257798
  26.30724058  20.45898595  20.94116075  20.72940197  21.35269239
  21.35953511  20.18618223  19.57593907  18.86987309  18.71134753
  16.28402349  16.0674898   16.43266072  12.63151913  11.98875865
  12.66197996  13.43580164  13.57170742  13.56239153  14.28893187
  14.40215203  14.75519014  14.38167061  14.24890238  14.76402372
  10.43396573  10.39283655  10.68739255  10.80106405  10.47572074
  10.67090055  10.84305762  10.74341249  11.04766371  11.08324484
  11.20776753  11.58253445   7.56578313   7.27372976   7.5500051
   7.69767515   7.59925619   7.51465171   7.54073974   7.02211326
   6.82045459   7.0967284    6.97829683   6.91494903   3.1131444
   3.16126316   3.14967403   3.12668736   3.00998582   3.02473216
   3.05617964   3.06258707   3.1137495    3.05402903   3.08312458
   3.12948383   0.           0.           0.           0.
   0.           0.           0.           0.           0.
   0.           0.           0.           0.           0.
   0.           0.           0.           0.           0.
   0.           0.           0.           0.           0.
   0.        ]","[100.          98.31988334  98.65183065 104.25482984  99.59076994
  95.2060089   94.84687055  92.31187624  92.72653137  90.99689746
  89.71620358  84.24973804  81.27582131  80.44127429  80.35902681
  81.65653495  84.17953063  84.14616372  83.06660818  81.37637471
  77.74597612  65.54228766  61.2460508   57.15953627  61.55100536
  60.09358396  56.37532201  52.57134562  47.0267412   44.43782631
  47.68552107  45.20889952  45.08477001  49.81969364  54.06955967
  60.15695747  56.25283233  53.44699871  58.06997225  63.65632819
  63.13351528  69.36775812  72.95225812  71.0988757   66.93838564
  66.41306629  72.55432308  73.89404063  66.27886006  61.84697897
  62.80070286  57.73182439  58.35516181  61.47725622  56.6771952
  55.76390037  51.92652073  47.47980153  47.57724598  47.23339463
  46.68900689  44.97343459  42.4149601   44.38535501  45.78359839
  45.06527761  42.91368652  42.94328252  40.28077845  42.62651863
  46.77494505  48.47349303  45.56460287  47.47712193  49.33915678
  47.60930677  46.15128354  44.63065575  44.0446668   44.35713811
  41.28165335  41.83714397  43.83288426  40.53402884  34.9667648
  34.32250865  32.7421041   34.67659949  35.73572939  36.87466171
  38.10926304  39.1607519   37.19885943  39.33791523  39.7943841
  40.01552931  36.36622021  36.97379617  36.59582945  36.26322239
  35.04685571  34.68539419  33.36622873  34.57760947  35.27521626
  35.30300583  36.44296268  36.77604301  32.8881289   34.10885759
  33.148966    32.183457    33.2517828   34.01993284  35.56149528
  35.03305647  36.97362275  36.0983926   38.33152133  39.41863277
  35.30953502  34.91688963  34.59167167  35.33764672  33.98678376
  33.79462638  33.73263392  34.26974708  34.44367188  34.56404769
  35.61271769  35.577256    30.58969912  31.04237367  31.27728305
  32.12693913  33.70429903  34.16065871  35.82991314  35.27992235
  35.79962997  36.83551272  35.41103839  35.24312712  28.63807467
  29.31301319  29.01659754  29.88906687  29.89864517  28.25620955
  27.40200351  26.41366664  26.19176576  22.79404668  22.4909472
  23.00210606  19.26606543  18.2857031   19.31252543  20.49278719
  20.70007577  20.68586683  21.79401333  21.96670096  22.50516788
  21.93546192  21.73295886  22.51864119  17.9045898   17.8340125
  18.3394679   18.53452717  17.976241    18.31116778  18.60658774
  18.43559761  18.95768992  19.01874682  19.23242661  19.87552321
  15.76310079  15.15461564  15.7302277   16.03789418  15.83284099
  15.65656988  15.71092359  14.6303796   14.21022932  14.78583817
  14.53908927  14.40710588  10.79633475  10.96320981  10.92301889
  10.84330149  10.43858246  10.48972252  10.59878188  10.62100272
  10.79843322  10.5913236   10.69222649  10.85299961   6.850949
   6.94219626   6.91500748   6.8567917    6.92452294   6.68937143
   6.76744107   6.7680223    6.87929122   6.9599872    6.98948224
   6.92621056   2.99546157   3.01833094   3.01830996   2.99941057
   3.02083555   3.03146031   3.083153     3.07342621   3.04024663
   3.0081143    3.02794116   2.97882288   0.           0.
   0.           0.           0.           0.           0.
   0.           0.           0.           0.           0.
   0.        ]","[100.          98.97319153  98.87199602 100.46842177 103.57266069
 103.53160678 102.20334516 100.12371871  95.65695538  80.64180294
  75.3558067   70.32784825  76.92275561  75.10135774  70.45449692
  65.70051533  58.77120121  55.53573063  59.59450478  56.49937168
  56.34424207  62.26166568  67.57289341  75.18055816  71.38140325
  67.82097202  73.68724266  80.77598663  80.11256903  88.02344185
  92.57195309  90.22012416  84.94071677  84.27411865  92.06699786
  93.76701748  85.20072442  79.50359144  80.72959271  74.2136068
  75.0149      79.02831702  72.85789292  71.68386275  66.75095465
  61.03474745  61.16001119  60.71799418  61.34711702  59.09293726
  55.73122442  58.32022888  60.15745365  59.21361458  56.38652703
  56.42541475  52.92701203  56.00920218  61.46003565  63.69184627
  61.23738927  63.80775458  66.3102707   63.98540684  62.0258696
  59.9821938   59.19464314  59.61459472  55.4812402   56.22780207
  58.91001408  54.47645644  48.38602809  47.49452451  45.30760503
  47.98450548  49.45009971  51.02612231  52.73452899  54.18954977
  51.47473802  54.43470342  55.06635223  55.37236677  51.9473178
  52.81520952  52.27530306  51.80019059  50.06267193  49.5463423
  47.66198076  49.39237726  50.38887349  50.4285695   52.05694056
  52.53272907  48.77482393  50.58522875  49.16165907  47.72975846
  49.31414179  50.45334868  52.7395668   51.95586428  54.83382607
  53.53581376  56.84766105  58.45990446  54.35065676  53.74627228
  53.24567634  54.39392805  52.31459483  52.01881411  51.92339141
  52.75014977  53.01786576  53.20315577  54.81733459  54.76274973
  49.21072731  49.93896083  50.31686782  51.68373952  54.22129399
  54.9554559   57.64084433  56.75605476  57.59212674  59.25858782
  56.96698576  56.69686099  48.32726537  49.46623626  48.96602952
  50.43833717  50.45450074  47.68286112  46.2413731   44.57353687
  44.19907515  38.46536318  37.95387735  38.81646711  35.29453407
  33.49855598  35.37964663  37.54183119  37.9215742   37.89554408
  39.92561684  40.24197253  41.22841883  40.18474406  39.81376789
  41.25310131  36.00781175  35.86587417  36.88239245  37.27467496
  36.15190905  36.82547826  37.41959554  37.07571832  38.125695
  38.24848616  38.67821629  39.97154396  35.68350816  34.30605806
  35.60909214  36.30556803  35.84138161  35.44235025  35.56539272
  33.11932576  32.16821618  33.47124302  32.9126685   32.61389286
  29.52495206  29.98130863  29.87139772  29.65339295  28.54659973
  28.68645348  28.98470028  29.04546806  29.5306908   28.96430398
  29.24024512  29.6799146   25.37049855  25.70840624  25.60772052
  25.39213527  25.64295825  24.77214295  25.06125119  25.06340359
  25.4754557   25.77428982  25.88351613  25.64920784  21.25726916
  21.41956148  21.41941263  21.2852932   21.4373354   21.51273399
  21.87957074  21.81054463  21.57508598  21.34705915  21.48776035
  21.13919288  17.31266919  17.49099799  17.73651116  18.10309885
  18.00554048  17.83308039  17.61555758  17.20365199  17.34797595
  17.64308718  17.51727629  17.3349516   13.3355325   13.29874631
  13.6058615   13.57727968  13.53534079  13.49616633  13.67992737
  13.70977753  13.66143286  13.52623283  13.46515594  13.59745557
  13.59236064]","[100.          97.63217287  91.59122857  85.41102669  76.40288071
  72.19675138  77.47317983  73.44948999  73.24782064  80.94050348
  87.84512836  97.73513384  94.11592778  89.42152176  97.15616242
 106.50262642 105.62791452 116.0583502  122.05553343 118.9546619
 111.99379672 111.11489132 121.38975316 123.63121826 113.65672544
 106.05681965 107.69229036  99.00004476 100.06896011 105.42280938
  97.19153901  95.62539712  89.04495797  81.41960741  81.58670771
  80.99706241  83.41505941  80.35000032  75.77900351  79.2993313
  81.79744728  80.514088    76.67003326  76.72290977  71.96605264
  76.15697615  83.56859742  86.60324069  84.85546219  88.41716753
  91.88485556  88.66333682  85.94804408  83.11616218  82.0248685
  82.60678726  76.87927811  77.91377441  81.63046355  75.48696873
  68.62908039  67.36460232  64.26275086  68.05957451  70.13832303
  72.37369936  74.79684472  76.86059622  73.01000047  77.20831373
  78.10422271  78.53826323  75.47340236  76.73434794  75.94992674
  75.25964366  72.73523142  71.98506461  69.24730676  71.76137133
  73.20916429  73.26683797  75.63267146  76.32393676  72.78400508
  75.48557328  73.36125802  71.22451098  73.58879966  75.28877586
  78.70037426  77.5308978   81.82552295  79.8885701   84.83065888
  87.23652163  83.14829177  82.22367484  81.45783872  83.21449031
  80.03342469  79.5809249   79.43494258  80.69975793  81.10932295
  81.39278866  83.86223833  83.77873174  77.39339232  78.53868045
  79.13301234  81.2826826   85.27347809  86.42808977  90.65138278
  89.25987996  90.57476494  93.1955975   89.59160977  89.16678629
  78.145743    79.987472    79.17863196  81.55937034  81.58550701
  77.10373392  74.77283124  72.07592091  71.47041201  62.19893391
  61.37185547  62.766673    59.58992457  56.55766471  59.73362531
  63.384174    64.0253174   63.98136915  67.40886538  67.94298807
  69.60846582  67.84636575  67.22002395  69.65013876  63.46797437
  63.21779282  65.00952502  65.70096876  63.7219627   64.90920712
  65.95640821  65.35028446  67.200991    67.41742475  68.17487432
  70.45451541  65.92046286  63.37580979  65.78298931  67.06963446
  66.21211273  65.47495618  65.70226053  61.18348211  59.42643559
  61.83360173  60.80171074  60.24976308  57.97370697  58.86978572
  58.65397021  58.22590703  56.05266369  56.32727344  56.91289582
  57.03221638  57.98497528  56.87284669  57.41467079  58.2779836
  53.52145613  54.23430423  54.02189822  53.56710083  54.09623553
  52.25916865  52.86906971  52.8736104   53.74287313  54.37329185
  54.60371504  54.10941963  49.03588346  49.41025645  49.4099131
  49.10052882  49.45125701  49.62518511  50.47139748  50.3121693
  49.76901756  49.2430094   49.56757638  48.76350724  44.96238372
  45.42551785  46.06313513  47.01519263  46.76182576  46.31393313
  45.74900904  44.67925733  45.05407818  45.82050561  45.49376467
  45.02025291  40.5930034   40.48102722  41.41587763  41.32887534
  41.20121447  41.08196847  41.64133214  41.73219523  41.58503536
  41.1734901   40.98757367  41.3902902   37.53335606  37.65551599
  38.29714347  38.75058652  39.92453888  40.39312524  40.42667347
  39.87126263  40.0950993   41.19495418  41.12185799  40.90905914
  41.5484663 ]","[100.          95.01210249 103.23030831 113.16110772 112.23170935
 123.31424971 129.6863733  126.3916371  118.99558274 118.06172871
 128.97896884 131.36056901 120.98912628 112.89892345 114.63990421
 105.38689084 106.52476573 112.22401092 103.46171193 101.79453264
  94.78956589  86.67227676  86.85015729  86.22247188  89.06437032
  85.79172915  80.91116015  84.66990324  87.33720491  85.96692972
  81.86253517  81.91899276  76.839976    81.31473111  89.22830674
  92.46847217  90.86696801  94.68099903  98.39435218  94.94460795
  92.03695284  89.00444891  87.83584356  88.45898781  82.32571862
  83.43350285  87.41349735  80.8347724   73.74940539  72.39058628
  69.05730977  73.13740942  75.37125063  77.77340542  80.37733846
  82.59506373  78.45718012  82.96872399  83.93147555  84.39789926
  81.39055466  82.750359    81.9044388   81.16003718  78.43770975
  77.6287295   74.67633007  77.38749856  78.94879921  79.01099453
  81.56231054  82.30777138  78.7894393   81.71391486  79.41432159
  77.10127079  79.66063777  81.50087961  85.19397022  83.92799984
  88.57697604  86.48020451  91.83006681  94.43443815  90.31892549
  89.31457044  88.48268929  90.39083294  86.93543509  86.44391212
  86.28534042  87.6592323   88.10411784  88.41202938  91.09444217
  91.00373404  84.37971127  85.62838482  86.27636718  88.62008866
  92.97113417  94.2299729   98.83450352  97.31738942  98.75096937
 101.60838508  97.67906456  97.21589217  85.50826041  87.52350829
  86.63846323  89.24350336  89.2721025   84.36807823  81.81756907
  78.86656878  78.20401173  68.0590194   67.15401758  68.68024814
  65.55674272  62.22085865  65.71483241  69.73091537  70.43625731
  70.38790846  74.15860444  74.74620954  76.57845378  74.6399123
  73.95085406  76.62429948  70.18160151  69.90495581  71.88621703
  72.65080152  70.46245667  71.77528751  72.93326129  72.26302191
  74.30949575  74.54882381  75.38639621  77.90717719  73.28189866
  70.45308041  73.12907324  74.55939996  73.60611751  72.78664159
  73.03932935  68.01593225  66.06267375  68.73865169  67.5915279
  66.97794343  64.86806349  65.87070583  65.62922508  65.15025571
  62.71856566  63.02583259  63.68109842  63.81460884  64.88067185
  63.63628656  64.24254554  65.20852534  60.31350611  61.116817
  60.87745595  60.36494327  60.96122692  58.89103017  59.57832969
  59.58344661  60.56302166  61.2734426   61.53310726  60.97608412
  55.70849064  56.13380681  56.13341674  55.78193268  56.18038656
  56.3779821   57.33934367  57.15844835  56.54138669  55.94380144
  56.3125342   55.39905054  51.5738864   52.10512218  52.83649802
  53.928551    53.63792775  53.12417466  52.47618119  51.24912763
  51.67906409  52.558191    52.18340437  51.64026497  47.08146903
  46.95159435  48.03587309  47.93496419  47.78689775  47.64859123
  48.2973647   48.40275152  48.23206933  47.75474186  47.53910819
  48.00619572  44.10798034  44.25153872  45.00555848  45.53843002
  46.91802069  47.46868815  47.50811294  46.85541217  47.11845774
  48.41097147  48.32507119  48.0749969   44.94839779  43.37428092
  43.59375193  44.13338116  43.29598091  42.5075548   42.3134249
  42.20204491  42.07239357  39.13108395  40.06096626  39.76893358
  41.35574926]","[100.          93.31328106  94.75223745  87.10443168  88.04490867
  92.75545198  85.51323174  84.13527378  78.34552477  71.63641843
  71.78344035  71.26464545  72.70051875  70.02916196  66.0453029
  69.11344981  71.2906865   70.17217282  66.8218812   66.86796581
  62.72211992  66.37472552  72.83433503  75.47918287  73.27274855
  76.3482835   79.34263444  76.56085085  74.21619375  71.77086182
  70.828529    71.33101624  66.38530824  67.27859649  70.48796006
  65.18304816  58.59431592  57.51472653  54.86641966  58.10808169
  59.88288106  61.79140651  63.86024589  65.62224105  62.33466934
  65.91911623  66.68402774  67.05460398  63.69912421  64.76335514
  64.10130809  63.51871308  61.38812344  60.7549869   58.44433478
  60.56619105  61.7881201   61.83679636  63.83354643  64.41697042
  60.65710257  62.90854915  61.13817655  59.35744348  61.32780635
  62.74454112  65.58771627  64.61309205  68.1921685   66.57794093
  70.69660389  72.70161397  68.49420444  67.73254237  67.1016775
  68.54873613  65.92830275  65.5555517   65.43529737  66.47720116
  66.81458428  67.04809189  69.08232479  69.01353543  62.94819244
  63.87971664  64.36311861  66.1115606   69.35748839  70.29659593
  73.7316264   72.5998426   73.66930901  75.80097254  72.86965623
  72.52412453  62.76430989  64.24353122  63.59389524  65.50603268
  65.52702486  61.92739955  60.05528864  57.88921139  57.40288486
  49.95631257  49.29202804  50.41230353  46.95077806  44.56166679
  47.06399957  49.94025931  50.44541487  50.41078814  53.11130531
  53.53213947  54.84436594  53.45601095  52.96251754  54.87719996
  49.08085973  48.88739009  50.27296696  50.80767212  49.27727321
  50.19538942  51.00520777  50.536482    51.96766472  52.13503661
  52.72078519  54.48367026  49.97482548  48.04570382  49.8706057
  50.84602159  50.19592756  49.63708334  49.80940457  46.38368283
  45.05165193  46.87654366  46.09425892  45.67582303  42.86523509
  43.52778762  43.36821558  43.05170953  41.44483304  41.64787702
  42.08088091  42.16910546  42.87356678  42.05126894  42.45188879
  43.09021448  38.4705895   38.98297629  38.83030136  38.50339838
  38.88373414  37.5632722   38.00166186  38.00492566  38.62974142
  39.08287894  39.2485044   38.89321071  34.08531256  34.34554282
  34.34530415  34.13024817  34.3740427   34.49494179  35.08315212
  34.97247108  34.5949211   34.22928779  34.4548974   33.89598124
  29.98062436  30.28943917  30.71459822  31.34942395  31.18048057
  30.88182869  30.50514099  29.79183752  30.04176562  30.55281444
  30.33494571  30.01921115  25.72620691  25.65524093  26.24771138
  26.19257284  26.11166654  26.03609323  26.39059535  26.44818071
  26.35491672  26.09409595  25.97626962  26.2314951   22.30224443
  22.37483161  22.75608537  23.02552031  23.72308044  24.00151351
  24.0214478   23.6914238   23.82442709  24.47795864  24.43452503
  24.30808039  20.77083339  20.04342772  20.14484615  20.39421097
  20.00724497  19.64291014  19.55320194  19.5017328   19.4418204
  18.08262953  18.51233184  18.37738238  15.16063975  15.06631797
  14.907663    15.07195848  14.47533085  14.8106765   14.47984823
  14.24281197  14.52851904  14.56707362  14.66785938  15.01057561
  14.68550799]","[100.          96.32553269  90.84571065  95.06596514  98.06076728
  96.52224499  91.91389876  91.97728841  86.2746525   91.29883344
 100.1840651  103.82206918 102.49932374 106.80160882 110.99032772
 107.09896369 103.81908445 100.39837384  99.0801692   99.7830854
  92.86466436  94.11426183  98.60375625  91.18285431  83.65321434
  82.11191939  78.33101712  82.95903342  85.49285721  88.21759741
  91.17121266  93.68675629  88.99319623  94.1105954   95.20263489
  95.73169464  92.8312884   94.38223481  93.4174071   92.56836803
  89.46337429  88.54067902  85.17327302  88.26553925  90.04630547
  90.11724333  93.02718729  93.87743448  90.39657731  93.75188207
  91.11351629  88.45971042  91.39611938  93.50746279  97.74461378
  96.29214261 101.62599878  99.22033412 105.35832983 108.34637312
 104.17390642 103.01548265 102.05599041 104.25684451 100.27138642
  99.70446351  99.52156682 101.10621459 101.61934586 101.97449122
 105.06838784 104.96376503  97.87449685  99.32286985 100.07448355
 102.7930347  107.83993973 109.30010363 114.64103346 112.88128842
 114.54413976 117.85853987 113.30080599 112.76355878  99.7258738
 102.0762006  101.04399749 104.08218237 104.11553674  98.39611147
  95.42152453  91.97985607  91.20713446  79.37531587  78.31983776
  80.09983745  77.07494359  73.15295074  77.26080935  81.9825108
  82.81178005  82.7549364   87.18813682  87.87898307  90.03314931
  87.7540096   86.94388507  90.08705001  83.137401    82.80968542
  85.15669523  86.06242503  83.47010312  85.0252877   86.39702799
  85.60305978  88.02732073  88.3108297   89.30302125  92.28914831
  87.483698    84.10666375  87.3012555   89.008775    87.87074943
  86.89246168  87.19411953  81.19720402  78.86541021  82.05998419
  80.69055145  79.95805626  78.16453604  79.37269718  79.08171839
  78.50457124  75.57444021  75.94468985  76.73427023  76.89514724
  78.17972883  76.68027296  77.41080119  78.57478481  73.40863351
  74.38635738  74.09502683  73.47123859  74.19698595  71.67731292
  72.51383731  72.5200652   73.71232329  74.57698917  74.89303161
  74.21506891  68.56934833  69.09285296  69.09237284  68.6597452
  69.15018611  69.39339854  70.57669997  70.35404317  69.5945267
  68.85898297  69.31284134  68.18847092  64.3128976   64.9753513
  65.88738068  67.24917628  66.88676762  66.24611491  65.43806377
  63.90792177  64.44405471  65.54033041  65.07296959  64.39567201
  59.57944318  59.41509272  60.78719782  60.65950222  60.47213093
  60.29711036  61.11810347  61.25146567  61.03547518  60.43143912
  60.15856458  60.74964247  56.76786781  56.95263036  57.92306913
  58.60888564  60.38444689  61.09316711  61.14390762  60.30386846
  60.64241346  62.30590491  62.19534951  61.87349881  58.88383049
  56.82168733  57.10920135  57.8161328   56.71911183  55.68624856
  55.43193222  55.28602089  55.1161735   51.26296438  52.48113977
  52.09856768  50.18743105  49.87519041  49.34998268  49.89386262
  47.91880033  49.02892081  47.93375455  47.14907522  48.09487327
  48.22250348  48.55614232  49.69066218  44.88062115  43.41629125
  40.81067062  43.1333765   44.05430721  44.77561819  46.26710411
  46.78561302  46.55222538  46.1984946   49.33487946  51.76515639
  52.30963503]","[100.         104.19737899 108.28396097 104.48748322 101.28757992
  97.95027925  96.66421746  97.34999389  90.60027029  91.81939782
  96.19942127  88.95946918  81.46226441  79.9613373   76.27946013
  80.78626468  83.25372544  85.90710234  88.78335986  91.23301923
  86.66238756  91.64575763  92.70919565  93.22439887  90.2340233
  91.74157682  90.80374338  89.97845901  86.96033783  86.06345804
  82.79026646  85.79601622  87.52695957  87.59591271  90.42444127
  91.25089995  87.69554979  90.95059887  88.39106681  85.81655602
  88.66522579  90.71348279  94.82402875  93.41495705  98.58943891
  96.25565492 102.21024883 105.10901012 100.8847881   99.76293964
  98.83374178 100.96510756  97.1054837   96.55646044  96.37933841
  97.91395356  98.41088355  98.75481579 101.75102776 101.64970824
  94.60828047  96.00831912  96.73485037  99.36267945 104.24116181
 105.65259789 110.81529302 109.11427326 110.7216328  113.92542648
 109.51979091 109.00047243  96.22558757  98.49342007  97.49744633
 100.42899372 100.46117739  94.94249867  92.07231699  88.75144792
  88.00584812  76.58931546  75.57088366  77.288407    74.17444176
  70.40004224  74.35331298  78.89732629  79.69538829  79.64068379
  83.907053    84.57190118  86.64500134  84.45163073  83.671993
  86.69687364  79.81286673  79.49825598  81.75141256  82.62092364
  80.13226462  81.6252598   82.94214635  82.17992769  84.50724624
  84.77941813  85.7319335   88.59865002  83.77581217  80.54190925
  83.60110227  85.23625072  84.14645892  83.20963466  83.49850712
  77.75576328  75.52279961  78.58197561  77.27058455  76.56913523
  74.62777564  75.78127034  75.50345766  74.95242504  72.15487552
  72.50837224  73.26222597  73.41582367  74.64228099  73.21067195
  73.9081455   75.01946162  69.86315129  70.79365316  70.51639326
  69.92273268  70.61342797  68.21544984  69.01157186  69.01749896
  70.1521735   70.97507784  71.27585609  70.63063757  65.02582261
  65.52227358  65.52181827  65.11154795  65.57664386  65.80728757
  66.92943836  66.71828802  65.99802183  65.30048952  65.73089341
  64.66462818  60.74006386  61.36571566  62.22707823  63.51322074
  63.1709453   62.56588337  61.80272264  60.35758603  60.86393468
  61.89930797  61.45791087  60.81823983  56.01290458  55.85839245
  57.14836073  57.02830923  56.85215435  56.68761084  57.45945775
  57.58483663  57.38177574  56.81389843  56.55735868  57.11305351
  53.09265146  53.26545227  54.17306374  54.8144797   56.47508909
  57.13792597  57.18538147  56.3997274   56.71635461  58.27214973
  58.16875182  57.8677381   54.77549272  52.85722574  53.12467984
  53.78228853  52.76180695  51.80100679  51.56443415  51.42870308
  51.27070599  47.68633611  48.81951914  48.46363918  46.36716351
  46.07869063  45.59346172  46.09594151  44.27122097  45.29683908
  44.28503688  43.56008735  44.43389124  44.55180624  44.86004849
  45.90820869  41.1423635   39.80000256  37.41141282  39.54065273
  40.38487602  41.04610659  42.41336164  42.8886822   42.6747342
  42.35046685  45.22561169  47.45346268  44.08295341  44.12216466
  44.36528229  44.92579731  45.29590521  45.94701516  45.19164647
  44.95939039  43.84901752  43.06585278  41.8833991   42.81616567
  40.18144327]"
proper,"[100.          96.33176611  98.5429594   98.5071093  103.11066121
 101.72622285 102.86215951  98.7215949   99.75265294 104.06348781
 110.30671001 114.5129139  106.53158688 108.50186672 112.91699961
 108.87795941 107.71772667 103.19282035 106.04433532 110.08744186
 107.64679976 104.85236824 105.70139764 106.2942168   96.74316142
  94.53194446  92.98148877  82.75407147  88.10996726  83.42387349
  80.94049963  76.36303705  75.55392647  80.97189742  81.52807605
  81.23855568  69.78596404  71.17813614  69.10266552  68.81271514
  66.95229407  66.23784342  71.72794319  69.79002203  70.55594471
  70.17527659  67.81499828  65.66439536  61.96300606  58.6445033
  57.78904667  58.06063345  55.68767051  54.81721743  52.57988163
  55.23127951  52.69799401  57.42618922  60.30537591  61.00174733
  54.2078747   52.52161573  52.8477589   54.726807    55.79801219
  55.51214075  54.9829021   52.33820759  54.2255977   55.00039413
  57.62899421  59.30739994  54.51031495  53.24679149  51.37258281
  52.35484106  53.54167063  53.10610125  52.7755589   52.77765264
  55.87353733  57.59315632  56.80154026  55.60530491  46.27556479
  45.16839983  45.94117572  44.88741847  44.52991534  45.05548459
  45.9772177   45.31554475  46.73359773  47.13699667  45.8705243
  44.44374732  37.69190587  37.05863788  37.18375515  39.29563233
  37.53765926  35.88495926  35.74959317  34.7941055   34.95039692
  34.29846494  33.815747    31.75533196  25.97883542  25.71208254
  25.68579313  26.10052594  26.90697106  26.89630574  26.55123884
  26.0109761   24.85056301  20.94980127  19.57656101  18.27035595
  13.98677252  13.65558992  12.81065678  11.94624601  10.68629712
  10.09799538  10.83599742  10.27321308  10.24500605  11.32096409
  12.28669827  13.66999084   7.62887005   7.24834983   7.87530607
   8.63291385   8.56201126   9.40748386   9.89360489   9.64225375
   9.07801837   9.00677586   9.83963792  10.02132711   3.75388291
   3.50287131   3.55688805   3.26979837   3.30510278   3.48193106
   3.21006659   3.15833966   2.94099926   2.68914727   2.6946663
   2.67519134   0.           0.           0.           0.
   0.           0.           0.           0.           0.
   0.           0.           0.           0.           0.
   0.           0.           0.           0.           0.
   0.           0.           0.           0.           0.
   0.           0.           0.           0.           0.
   0.           0.           0.           0.           0.
   0.           0.           0.           0.           0.
   0.           0.           0.           0.           0.
   0.           0.           0.           0.           0.
   0.           0.           0.           0.           0.
   0.           0.           0.           0.           0.
   0.           0.           0.           0.           0.
   0.           0.           0.           0.           0.
   0.           0.           0.           0.           0.
   0.           0.           0.           0.           0.
   0.           0.           0.           0.           0.
   0.        ]","[100.         101.84947948 105.99391497 102.20251346 101.11341606
  96.86593748  99.54262246 103.337841   101.04683777  98.42373639
  99.22071072  99.77718338  90.33534093  88.27058478  86.82282411
  77.27282374  82.27396971  77.89826116  75.57937452  71.30510193
  70.54958311  75.60869267  76.12803259  75.85768872  64.67883894
  65.96912813  64.04554605  63.77681502  62.05254458  61.39037936
  66.47869882  64.68259995  65.39247035  65.03966055  62.85211377
  60.85889778  56.85026303  53.80557932  53.02070884  53.26988622
  51.09272317  50.29409364  48.24136675  50.67399028  48.34973335
  52.68779178  55.32940863  55.96832047  49.13087988  47.60255235
  47.89814964  49.60121007  50.57208845  50.31299113  49.83331986
  47.43632183  49.14694298  49.84917361  52.23158457  53.75279438
  48.70632057  47.57733097  45.90267895  46.78035109  47.8408128
  47.45162074  47.15627294  47.15814374  49.92439363  51.46091591
  50.7535873   49.6847213   40.64263437  39.67023996  40.34894908
  39.42346129  39.10947551  39.57106942  40.38060383  39.79947355
  41.04491288  41.39920776  40.28689777  39.03379637  32.272297
  31.73008476  31.83721178  33.64542832  32.14022906  30.72516595
  30.60926376  29.79116286  29.9249816   29.36678901  28.95347967
  27.18932568  21.25529107  21.03703994  21.01553054  21.35485548
  22.0146705   22.00594437  21.7236185   21.28158784  20.33216429
  17.14064994  16.01709605  14.94838885  10.02024365   9.7829816
   9.17766426   8.55839298   7.6557548    7.23429039   7.76300138
   7.35981786   7.3396101    8.11043566   8.8022959    9.79329854
   3.65094001   3.46883486   3.76887662   4.13144415   4.09751238
   4.50212928   4.73477169   4.61448284   4.34445734   4.31036289
   4.70894477   4.79589557   0.           0.           0.
   0.           0.           0.           0.           0.
   0.           0.           0.           0.           0.
   0.           0.           0.           0.           0.
   0.           0.           0.           0.           0.
   0.           0.           0.           0.           0.
   0.           0.           0.           0.           0.
   0.           0.           0.           0.           0.
   0.           0.           0.           0.           0.
   0.           0.           0.           0.           0.
   0.           0.           0.           0.           0.
   0.           0.           0.           0.           0.
   0.           0.           0.           0.           0.
   0.           0.           0.           0.           0.
   0.           0.           0.           0.           0.
   0.           0.           0.           0.           0.
   0.           0.           0.           0.           0.
   0.           0.           0.           0.           0.
   0.           0.           0.           0.           0.
   0.           0.           0.           0.           0.
   0.           0.           0.           0.           0.
   0.           0.           0.           0.           0.
   0.        ]","[100.          97.71434288  96.11169141  85.53997022  91.07617114
  86.23232098  83.66534486  78.93378294  78.09743383  83.69779965
  84.27270191  83.97343491  72.2201504   73.6608825   71.51301792
  71.21295385  69.28763991  68.54826869  74.22986723  72.22434993
  73.01698857  72.62304246  70.18043588  67.95481834  64.22550756
  60.78583383  59.89914128  60.1806447   57.72103599  56.81879941
  54.4997701   57.24798045  54.62219521  59.52303454  62.50735112
  63.22914967  56.29294832  54.5418284   54.88051647  56.83184103
  57.9442495   57.64738218  57.09778669  54.35136558  56.31135302
  57.11595153  59.84565915  61.58862376  56.72930679  55.41434815
  53.46384466  54.48608842  55.72123114  55.26793072  54.92393274
  54.92611171  58.14802288  59.93764367  59.11380272  57.86887132
  48.28285903  47.1276686   47.93396517  46.83449912  46.46148858
  47.00985544  47.97157055  47.28119622  48.76076006  49.18165723
  47.86024911  46.37158286  39.4724053   38.80922285  38.94025043
  41.15188898  39.31087236  37.5801017   37.43834116  36.43771793
  36.60139229  35.91866418  35.4131435   33.25539807  27.37897587
  27.09784623  27.07013993  27.50722495  28.35713378  28.34589364
  27.98222921  27.41284879  26.18989473  22.07889977  20.63164813
  19.2550446   14.98972815  14.6347973   13.72927617  12.80288071
  11.45258412  10.82209676  11.61301904  11.00987888  10.97964919
  12.13276143  13.16774593  14.65023087   8.4934897    8.06984314
   8.76785561   9.61132703   9.53238868  10.4736831   11.01489876
  10.73506068  10.10687757  10.02756077  10.95481544  11.1570964
   4.71978656   4.4041877    4.47210337   4.11114326   4.15553177
   4.37785936   4.03604202   3.97100534   3.69774155   3.38108605
   3.38802517   3.36353916   0.           0.           0.
   0.           0.           0.           0.           0.
   0.           0.           0.           0.           0.
   0.           0.           0.           0.           0.
   0.           0.           0.           0.           0.
   0.           0.           0.           0.           0.
   0.           0.           0.           0.           0.
   0.           0.           0.           0.           0.
   0.           0.           0.           0.           0.
   0.           0.           0.           0.           0.
   0.           0.           0.           0.           0.
   0.           0.           0.           0.           0.
   0.           0.           0.           0.           0.
   0.           0.           0.           0.           0.
   0.           0.           0.           0.           0.
   0.           0.           0.           0.           0.
   0.           0.           0.           0.           0.
   0.           0.           0.           0.           0.
   0.           0.           0.           0.           0.
   0.           0.           0.           0.           0.
   0.           0.           0.           0.           0.
   0.           0.           0.           0.           0.
   0.        ]","[100.         101.99491706  99.0208654   98.60538016  95.93948438
  94.91571025 102.78276467 100.00581491 101.10334604 100.55786656
  97.17569888  94.09398619  91.58297654  86.6781409   85.41375318
  85.81516567  82.30786312  81.02131025  77.71446822  81.63330504
  77.88904148  84.87744018  89.13295494  90.16221048  83.03932621
  80.4561995   80.95580789  83.83426215  85.47520746  85.03729005
  84.22656614  80.17524239  83.06647551  84.25336162  88.28003082
  90.85112739  86.87791023  84.86412113  81.87702899  83.44254084
  85.33409609  84.63989065  84.11307608  84.11641305  89.0505983
  91.79130718  90.52963866  88.62309258  77.16284644  75.31668855
  76.60526465  74.8481622   74.25203853  75.12840643  76.66536337
  75.56204743  77.92659996  78.59925325  76.48745595  74.10835645
  66.86702188  65.7435779   65.96554118  69.71209988  66.59338192
  63.6614228   63.42127768  61.72620248  62.00347002  60.84691533
  59.99055347  56.33529077  50.86115886  50.33891217  50.28744296
  51.0994036   52.67825549  52.65737499  51.98180574  50.92408363
  48.65223603  41.0153555   38.32683656  35.76955862  34.25969565
  33.44848528  31.37887615  29.2615578   26.1753944   24.73438729
  26.54207562  25.16357173  25.09448042  27.72997015  30.09547362
  33.4837594   27.45200364  26.08272584  28.338788    31.06499141
  30.80985294  33.85223232  35.60150792  34.69703682  32.66667171
  32.41031006  35.40731122  36.06110819  28.42567313  26.52492826
  26.9339613   24.76002103  25.02735795  26.36636159  24.30771174
  23.91601791  22.27024278  20.36313415  20.40492612  20.25745517
  15.27584237  14.71453653  13.87744756  14.52212698  14.97960824
  14.744586    14.04062229  14.05030559  13.17917992  13.94666588
  15.30395986  15.85969563  10.02134158  10.44197526  10.8515056
  10.4710476   10.15037436   9.81593206   9.68705142   9.75577541
   9.07936256   9.20153549   9.6404726    8.91493227   2.7177138
   2.66764043   2.54480701   2.69516135   2.77747986   2.86600083
   2.96195747   3.04368209   2.89119838   3.05745172   3.09292974
   3.11011776   0.           0.           0.           0.
   0.           0.           0.           0.           0.
   0.           0.           0.           0.           0.
   0.           0.           0.           0.           0.
   0.           0.           0.           0.           0.
   0.           0.           0.           0.           0.
   0.           0.           0.           0.           0.
   0.           0.           0.           0.           0.
   0.           0.           0.           0.           0.
   0.           0.           0.           0.           0.
   0.           0.           0.           0.           0.
   0.           0.           0.           0.           0.
   0.           0.           0.           0.           0.
   0.           0.           0.           0.           0.
   0.           0.           0.           0.           0.
   0.           0.           0.           0.           0.
   0.           0.           0.           0.           0.
   0.        ]","[100.          94.64438062  93.2637881   93.70209281  89.87244817
  88.46765339  84.85689279  89.13589417  85.04751038  92.67818473
  97.32480676  98.44865704  91.22111182  88.3834721   88.93230643
  92.09437204  93.89699812  93.41593313  92.52532936  88.07483255
  91.25093611  92.55476498  96.97817805  99.80260232  96.05157579
  93.82514545  90.52263844  92.25345677  94.34474629  93.57723788
  92.99479558  92.99848491  98.45368368 101.48379117 100.08889977
  97.9810365   85.90645843  83.85110545  85.28569495  83.32948861
  82.66581594  83.64148838  85.35260368  84.12426686  86.75675573
  87.50562988  85.1545369   82.5058527   75.11494448  73.85292579
  74.10226782  78.31095755  74.80755155  71.51394073  71.24417416
  69.34001459  69.65148256  68.352269    67.39027651  63.28414396
  57.88421258  57.28985258  57.23127636  58.15535483  59.95221909
  59.92845535  59.15960158  57.95582618  55.3702754   46.67887264
  43.61911534  40.70872118  39.96861204  39.02222441  36.60774281
  34.1376019   30.53717098  28.85603947  30.96495468  29.3567417
  29.27613726  32.35079582  35.11047856  39.06337648  33.02319742
  31.37603418  34.08994851  37.369416    37.06249895  40.72230813
  42.82658708  41.73855984  39.29614621  38.98775775  42.59297951
  43.37946004  35.34905814  32.98536597  33.4940235   30.79059619
  31.12304595  32.78817864  30.228122    29.74102684  27.6944051
  25.3227992   25.37477006  25.19138095  20.58811672  19.8316131
  18.70342094  19.57229186  20.18886522  19.87211246  18.92334076
  18.93639149  17.76232615  18.79671039  20.62601225  21.37500878
  15.65358873  16.31062918  16.95032591  16.3560409   15.8551412
  15.33273388  15.13141905  15.23876767  14.1821937   14.37303091
  15.05866177  13.92534944   7.49576521   7.35765712   7.01886852
   7.43356297   7.66060682   7.90475778   8.16941715   8.394823
   7.97425549   8.4328012    8.53065365   8.57806017   2.52273358
   2.56488127   2.53866163   2.51558859   2.43120894   2.40613427
   2.31462344   2.39865721   2.44705037   2.44897814   2.52805722
   2.55116308   0.           0.           0.           0.
   0.           0.           0.           0.           0.
   0.           0.           0.           0.           0.
   0.           0.           0.           0.           0.
   0.           0.           0.           0.           0.
   0.           0.           0.           0.           0.
   0.           0.           0.           0.           0.
   0.           0.           0.           0.           0.
   0.           0.           0.           0.           0.
   0.           0.           0.           0.           0.
   0.           0.           0.           0.           0.
   0.           0.           0.           0.           0.
   0.           0.           0.           0.           0.
   0.           0.           0.           0.           0.
   0.           0.           0.           0.           0.
   0.           0.           0.           0.           0.
   0.           0.           0.           0.           0.
   0.        ]","[100.          96.88927304  97.49092579 100.95730057 102.9334068
 102.40604534 101.42973212  96.5509308  100.0326945  101.46200055
 106.31111166 109.40735135 105.8991385  103.44444628  99.80335404
 101.71162227 104.01731852 103.17112231 102.52896587 102.53303345
 108.54751937 111.88828468 110.35038386 108.02641465  95.29636882
  93.01635775  94.60775348  92.43772617  91.70151149  92.78382872
  94.68197559  93.31937677  96.23960692  97.07033594  94.46225934
  91.52406364  83.97671625  82.56580945  82.8445679   87.54978263
  83.63305828  79.95087994  79.64928735  77.52048238  77.86869614
  76.41620637  75.34072171  70.75016346  65.43425465  64.76237018
  64.69615365  65.74076295  67.77199855  67.74513522  66.87599714
  65.51520907  62.59241577  52.76736269  49.30851045  46.01850331
  46.11092153  45.01909462  42.23355954  39.3838115   35.23007237
  33.29058738  35.72359716  33.86823669  33.7752451   37.32241205
  40.50619821  45.06657088  39.02156188  37.07520637  40.28207864
  44.15723168  43.79456592  48.11914626  50.60564841  49.31999089
  46.43393496  46.06953053  50.32960814  51.25894573  42.80731914
  39.94491403  40.56089268  37.28707206  37.68966504  39.70612235
  36.60592202  36.01605516  33.53761882  30.66563026  30.7285664
  30.50648421  26.31542316  25.34847154  23.90643318  25.01701101
  25.80510586  25.40023721  24.1875314   24.20421266  22.70353989
  24.02567436  26.36386067  27.32121684  21.73023619  22.64233655
  23.53036047  22.70537689  22.01003034  21.28482703  21.00536276
  21.1543836   19.68765272  19.95257201  20.90436145  19.33110276
  12.65491154  12.42174715  11.84977888  12.54989707  12.93320949
  13.34540341  13.79222114  14.17276817  13.46273464  14.23688581
  14.40208763  14.48212286   8.46722239   8.60868556   8.52068278
   8.44324119   8.16003202   8.07587218   7.76872816   8.05077645
   8.21320168   8.21967198   8.4850905    8.56264228   2.46913414
   2.5607825    2.48871695   2.41622966   2.4964361    2.55410632
   2.66984183   2.63016835   2.77585978   2.71015034   2.87780641
   2.95942321   0.           0.           0.           0.
   0.           0.           0.           0.           0.
   0.           0.           0.           0.           0.
   0.           0.           0.           0.           0.
   0.           0.           0.           0.           0.
   0.           0.           0.           0.           0.
   0.           0.           0.           0.           0.
   0.           0.           0.           0.           0.
   0.           0.           0.           0.           0.
   0.           0.           0.           0.           0.
   0.           0.           0.           0.           0.
   0.           0.           0.           0.           0.
   0.           0.           0.           0.           0.
   0.           0.           0.           0.           0.
   0.           0.           0.           0.           0.
   0.           0.           0.           0.           0.
   0.           0.           0.           0.           0.
   0.        ]","[100.          97.68204704  94.24378277  96.04575043  98.22300729
  97.42394865  96.8175637   96.82140469 102.50085214 105.65551927
 104.20328761 102.0087757   89.56894955  87.42596972  88.92172076
  86.88211454  86.1901472   87.20741594  88.99148204  87.71077695
  90.45549798  91.23629924  88.78497098  86.02336417  78.46398204
  77.14569561  77.40615468  81.80249096  78.14288384  74.70242572
  74.42063148  72.431574    72.75692892  71.39978928  70.39490586
  66.10569933  60.62731738  60.00479095  59.94343883  60.91130894
  62.79332572  62.76843583  61.96314645  60.70232472  57.99424594
  48.89096181  45.6862041   42.63788776  42.07182647  41.07563835
  38.53410275  35.93397894  32.14408739  30.37449196  32.59438178
  30.90154197  30.81669599  34.05314817  36.95804997  41.11895591
  34.96878267  33.22457563  36.09838216  39.57106182  39.24606253
  43.12149198  45.34974603  44.19761689  41.61130671  41.28474932
  45.1023753   45.93519189  37.66518556  35.14662047  35.68860606
  32.80804583  33.16227823  34.93651311  32.20871742  31.68970699
  29.50898728  26.98198993  27.03736601  26.84196095  22.24848008
  21.43096695  20.21178984  21.15073232  21.81703027  21.47473245
  20.44944546  20.46354869  19.19479888  20.31260277  22.28943177
  23.09883238  17.30361308  18.0299113   18.73703763  18.08010981
  17.52641092  16.94893733  16.72640217  16.84506627  15.67712022
  15.88807333  16.64597564  15.39320234   8.79218155   8.63018723
   8.23280407   8.71922123   8.98553304   9.27191069   9.58234372
   9.84673424   9.35342824   9.89128089  10.00605722  10.06166285
   3.90625557   3.97151798   3.93091891   3.89519213   3.76453683
   3.72571066   3.5840133    3.71413303   3.78906604   3.79205104
   3.91449882   3.95027644   0.           0.           0.
   0.           0.           0.           0.           0.
   0.           0.           0.           0.           0.
   0.           0.           0.           0.           0.
   0.           0.           0.           0.           0.
   0.           0.           0.           0.           0.
   0.           0.           0.           0.           0.
   0.           0.           0.           0.           0.
   0.           0.           0.           0.           0.
   0.           0.           0.           0.           0.
   0.           0.           0.           0.           0.
   0.           0.           0.           0.           0.
   0.           0.           0.           0.           0.
   0.           0.           0.           0.           0.
   0.           0.           0.           0.           0.
   0.           0.           0.           0.           0.
   0.           0.           0.           0.           0.
   0.           0.           0.           0.           0.
   0.           0.           0.           0.           0.
   0.           0.           0.           0.           0.
   0.           0.           0.           0.           0.
   0.           0.           0.           0.           0.
   0.        ]","[100.          97.60745231  99.27739603  97.00026068  96.22770796
  97.36344613  99.35528159  97.92542773 100.98979438 101.86152646
  99.1247206   96.04150166  88.31434226  86.83055828  87.12371536
  92.07196725  87.95293342  84.08056055  83.76338988  81.52462633
  81.89082628  80.36331147  79.23227509  74.40460201  69.02577724
  68.31701471  68.24716372  69.34910901  71.49183405  71.46349626
  70.54665336  69.11117504  66.02795693  55.66363126  52.01493127
  48.54434387  48.91154341  47.75340261  44.79868352  41.7758514
  37.36982816  35.31254539  37.89332798  35.92527918  35.82663959
  39.58924949  42.96640809  47.80376241  41.65426796  39.57659577
  42.99982924  47.13643104  46.74929695  51.365648    54.01990944
  52.6475112   49.5667389   49.17774883  53.72524529  54.71728341
  45.98355793  42.90876665  43.57044999  40.0537168   40.48618158
  42.65225699  39.32202645  38.68839236  36.02605976  32.94097397
  33.00857987  32.77001952  28.64288819  27.59041462  26.02083532
  27.2296381   28.08743593  27.64675871  26.32679525  26.34495188
  24.71155225  26.15062278  28.69560975  29.73763919  24.09429267
  25.10562145  26.09025447  25.17552001  24.40452595  23.60042696
  23.29055946  23.45579244  21.82949429  22.12323444  23.17857011
  21.43415486  14.56339067  14.2950629   13.63683647  14.44253903
  14.88365855  15.35801517  15.87221721  16.31015429  15.49304105
  16.38394147  16.57405726  16.66616256  10.5621407   10.73860399
  10.628828    10.5322262   10.17894681  10.07396456   9.69082848
  10.04265976  10.24527144  10.2533426   10.58442965  10.68116891
   4.48533475   4.65181965   4.52090812   4.38923049   4.53493044
   4.63969195   4.84993266   4.77786335   5.04252083   4.92315556
   5.22771317   5.37597514   0.           0.           0.
   0.           0.           0.           0.           0.
   0.           0.           0.           0.           0.
   0.           0.           0.           0.           0.
   0.           0.           0.           0.           0.
   0.           0.           0.           0.           0.
   0.           0.           0.           0.           0.
   0.           0.           0.           0.           0.
   0.           0.           0.           0.           0.
   0.           0.           0.           0.           0.
   0.           0.           0.           0.           0.
   0.           0.           0.           0.           0.
   0.           0.           0.           0.           0.
   0.           0.           0.           0.           0.
   0.           0.           0.           0.           0.
   0.           0.           0.           0.           0.
   0.           0.           0.           0.           0.
   0.           0.           0.           0.           0.
   0.           0.           0.           0.           0.
   0.           0.           0.           0.           0.
   0.           0.           0.           0.           0.
   0.           0.           0.           0.           0.
   0.        ]","[100.          98.31988334  98.65183065 104.25482984  99.59076994
  95.2060089   94.84687055  92.31187624  92.72653137  90.99689746
  89.71620358  84.24973804  79.0011594   78.1899688   78.11002318
  79.37121803  81.82360277  81.7911697   80.74182762  79.09889862
  75.57010379  63.70795929  59.53196097  55.5598155   57.04964479
  55.69880783  52.25247056  48.72668734  43.58757205  41.18799021
  44.1981739   41.90267314  41.78762149  46.17626973  50.1153337
  55.75754669  49.62077296  47.14573966  51.22367691  56.15141634
  55.69024169  61.18948387  64.35138085  62.71650729  59.04652794
  58.58314235  64.00036129  65.18212971  55.90714417  52.16879057
  52.97326999  48.6976002   49.22339402  51.85692426  47.80800575
  47.03762881  43.80074548  40.04987573  40.13207149  39.84202807
  36.28421788  34.95096616  32.96265559  34.49394192  35.58058246
  35.02234168  33.35023929  33.37323973  31.30408289  33.12706765
  36.35100446  37.67102579  32.22140831  33.57386293  34.8906172
  33.6673386   32.63628469  31.56095942  31.1465722   31.36753902
  29.19268302  29.58550308  30.99680832  28.6639938   21.48184671
  21.08604767  20.11512547  21.30358352  21.95426042  22.65396398
  23.41244183  24.05842445  22.85313499  24.16726482  24.44769666
  24.58355731  18.55320233  18.8631735   18.67034364  18.50065523
  17.88009316  17.69568387  17.02267624  17.64069461  17.99659741
  18.01077501  18.59235456  18.76228442  12.5915941   13.05896396
  12.69145855  12.32180245  12.73082314  13.02491811  13.61512282
  13.41280401  14.15577188  13.82068007  14.67565879  15.09187177
   8.89086293   8.79199568   8.71010652   8.89794139   8.55779708
   8.50941228   8.49380271   8.62904662   8.6728405    8.70315086
   8.96720365   8.95827448   2.74730907   2.78796449   2.80906207
   2.88537102   3.0270362    3.06802258   3.21794095   3.16854541
   3.21522117   3.30825543   3.18032115   3.16524078   0.
   0.           0.           0.           0.           0.
   0.           0.           0.           0.           0.
   0.           0.           0.           0.           0.
   0.           0.           0.           0.           0.
   0.           0.           0.           0.           0.
   0.           0.           0.           0.           0.
   0.           0.           0.           0.           0.
   0.           0.           0.           0.           0.
   0.           0.           0.           0.           0.
   0.           0.           0.           0.           0.
   0.           0.           0.           0.           0.
   0.           0.           0.           0.           0.
   0.           0.           0.           0.           0.
   0.           0.           0.           0.           0.
   0.           0.           0.           0.           0.
   0.           0.           0.           0.           0.
   0.           0.           0.           0.           0.
   0.           0.           0.           0.           0.
   0.           0.           0.           0.           0.
   0.        ]","[100.          98.97319153  98.87199602 100.46842177 103.57266069
 103.53160678 102.20334516 100.12371871  95.65695538  80.64180294
  75.3558067   70.32784825  74.26889544  72.51033639  68.02379378
  63.43382611  56.74357558  53.61972979  57.53847492  54.55012492
  54.40034733  60.1136179   65.24160653  72.58680436  66.55098143
  63.23148668  68.70078331  75.30982778  74.69130405  82.06684342
  86.30755421  84.11487494  79.19272817  78.57123915  85.8367696
  87.42174789  77.06669334  71.91346016  73.02241626  67.12850525
  67.85329976  71.48355973  65.90222006  64.84027343  60.37830531
  55.20781891  55.32112384  54.92130577  52.65787768  50.72298118
  47.83742319  50.05971964  51.63671889  50.8265657   48.39990838
  48.43328803  45.43040098  48.07602804  52.75480246  54.6704982
  49.71174129  51.79833148  53.82984254  51.94254734  50.35181969
  48.69278942  48.05346571  48.39437711  45.03897198  45.6450215
  47.82240743  44.22330117  36.44175369  35.77032114  34.12325102
  36.13934845  37.24315519  38.43013064  39.71681066  40.81265404
  38.76800386  40.99729059  41.47301449  41.70348819  35.90685386
  36.50675512  36.13356276  35.80515708  34.60415515  34.24725949
  32.94475731  34.14083628  34.82963112  34.85706967  35.98262695
  36.31149992  30.26948516  31.39301606  30.5095537   29.62092119
  30.60418394  31.31117175  32.72999072  32.24362768  34.0296807
  33.2241388   35.27945965  36.28001227  30.06303056  29.7287268
  29.4518317   30.08696526  28.93682169  28.77321622  28.72043497
  29.17774061  29.32582261  29.42831225  30.32116452  30.29097194
  23.43720724  23.78403731  23.96402011  24.61500937  25.82355054
  26.17320408  27.45215297  27.03076118  27.42895063  28.22262298
  27.13121963  27.00256943  19.1738449   19.62573165  19.42727461
  20.01141274  20.01782563  18.91817748  18.34626704  17.68455293
  17.53598523  15.26113472  15.0582027   15.40043522   9.4850299
   9.00237993   9.507903    10.08896705  10.19101894  10.18402363
  10.72958404  10.81460126  11.0796982   10.79922172  10.69952583
  11.08633135   4.87961159   4.86037687   4.99813071   5.05129102
   4.89913899   4.99041797   5.07092998   5.02432934   5.16661731
   5.18325739   5.24149243   5.41675819   0.           0.
   0.           0.           0.           0.           0.
   0.           0.           0.           0.           0.
   0.           0.           0.           0.           0.
   0.           0.           0.           0.           0.
   0.           0.           0.           0.           0.
   0.           0.           0.           0.           0.
   0.           0.           0.           0.           0.
   0.           0.           0.           0.           0.
   0.           0.           0.           0.           0.
   0.           0.           0.           0.           0.
   0.           0.           0.           0.           0.
   0.           0.           0.           0.           0.
   0.           0.           0.           0.           0.
   0.           0.           0.           0.           0.
   0.        ]","[100.          97.63217287  91.59122857  85.41102669  76.40288071
  72.19675138  77.47317983  73.44948999  73.24782064  80.94050348
  87.84512836  97.73513384  91.88291144  87.29988599  94.85101277
 103.97572039 103.12176211 113.30472285 119.15961552 116.13231599
 109.33660591 108.47855363 118.50963171 120.69791529 108.75771725
 101.48539438 103.05037049  94.73279153  95.75563283 100.8787122
  93.00223879  91.50360317  85.20680431  77.91013341  78.07003109
  77.5058016   77.21630298  74.37901517  70.14769918  73.40642367
  75.71889917  74.53090913  70.97251455  71.02146169  66.61809707
  70.49758384  77.35843124  80.1675635   75.97811776  79.16720731
  82.27211539  79.38762305  76.95639675  74.42077852  73.44365298
  73.964693    68.83638006  69.76265021  73.09050958  67.58973025
  58.9387811   57.85284499  55.18896922  58.44968839  60.23492147
  62.15466679  64.2356685   66.0080221   62.70112336  66.30664255
  67.07605083  67.44880563  62.03586025  63.07230278  62.42754261
  61.86015988  59.78520261  59.16859806  56.91827996  58.9847319
  60.17475486  60.22216012  62.16677254  62.7349626   56.91861457
  59.03129742  57.37003845  55.69905756  57.54798076  58.87739771
  61.54533904  60.63078398  63.98927069  62.47453303  66.33934985
  68.22078485  62.01104679  61.32147804  60.7503262   62.06041691
  59.68801448  59.3505453   59.24167336  60.18495821  60.49040712
  60.70181261  62.54349999  62.48122172  54.68756116  55.49684233
  55.91680792  57.43580354  60.25577132  61.07164067  64.05589537
  63.07263448  64.00175583  65.85368319  63.30704072  63.00685282
  52.22358143  53.4543802   52.91384502  54.50485535  54.52232208
  51.52722301  49.9695171   48.16721398  47.76256182  41.5665776
  41.01385397  41.94598878  36.39736191  34.54526593  36.48513393
  38.71487902  39.10648764  39.07964417  41.17314944  41.49939011
  42.51665933  41.44037346  41.05780561  42.54211305  35.2825562
  35.14347748  36.13952143  36.52390273  35.42375115  36.08375359
  36.66590438  36.32895341  37.35778186  37.4780998   37.89917448
  39.16645243  32.87196895  31.60304951  32.80341624  33.4450161
  33.01740339  32.64981211  32.76315994  30.50982103  29.63365033
  30.83401038  30.31944651  30.0442117   24.82470486  25.2084114
  25.11599785  24.93269851  24.00210209  24.1196917   24.37045888
  24.42155269  24.82953003  24.35330959  24.58532207  24.95499803
  18.76744739  19.01740955  18.94292879  18.78345283  18.96899538
  18.32482277  18.53868627  18.54027848  18.84508787  19.06614595
  19.14694448  18.97361842  12.82392932  12.92183584  12.92174604
  12.84083546  12.93255836  12.97804426  13.19934685  13.15770528
  13.01565952  12.87809717  12.96297835  12.75269712   6.9661673
   7.03792216   7.13671027   7.28421561   7.24496066   7.17556721
   7.0880417    6.92230161   6.98037381   7.09911889   7.04849586
   6.97513316   1.24159749   1.23817253   1.26676633   1.26410523
   1.26020053   1.25655322   1.27366219   1.27644137   1.27194027
   1.25935254   1.25366601   1.2659837    0.           0.
   0.           0.           0.           0.           0.
   0.           0.           0.           0.           0.
   0.        ]","[100.          95.01210249 103.23030831 113.16110772 112.23170935
 123.31424971 129.6863733  126.3916371  118.99558274 118.06172871
 128.97896884 131.36056901 118.86814286 110.91976424 112.63022497
 103.53942029 104.65734782 110.25668317 101.64799046 100.01003743
  93.1278703   85.1528802   85.32764242  84.71096056  85.00065746
  81.87733609  77.21945133  80.80669539  83.3522969   82.04454284
  78.12741824  78.18129986  73.33402185  77.60460868  85.157114
  88.24944139  84.25655549  87.79312245  91.23633566  88.03755428
  85.34142598  82.52953139  81.44594002  82.02375162  76.33666701
  77.36386188  81.05431877  74.95418451  65.98531209  64.76954496
  61.78718477  65.43774503  67.43641483  69.58567872  71.9154783
  73.89972879  70.19746788  74.23405134  75.0954476   75.51276777
  70.17407149  71.34648035  70.61713694  69.97532177  67.62815999
  66.9306658   64.38513839  66.72267905  68.06881588  68.12244003
  70.32215759  70.964886    65.17336707  67.59244659  65.69025973
  63.77694101  65.89400854  67.41622723  70.47109286  69.42390235
  73.26946129  71.53504534  75.96036607  78.11466049  71.86261681
  71.06349767  70.40160808  71.91983026  69.17052904  68.77944681
  68.6532786   69.74642121  70.10039618  70.34538724  72.47965977
  72.40748749  64.28128009  65.23253167  65.7261709   67.51164059
  70.82630914  71.78530466  75.29308062  74.13732842  75.22944349
  77.40625041  74.41285604  74.06000683  62.32953547  63.79851009
  63.1533742   65.05226608  65.07311285  61.49842248  59.63927987
  57.48820725  57.00524954  49.61026038  48.95057741  50.06309264
  44.58276425  42.31415042  44.69027531  47.42146775  47.90114523
  47.86826494  50.43257858  50.83218751  52.0782304   50.75989861
  50.29129507  52.10940839  44.48786886  44.31250413  45.5684186
  46.05308601  44.66590195  45.49810078  46.23213626  45.80727389
  47.10452641  47.25623562  47.7871698   49.38508394  42.96082274
  41.30245469  42.87123028  43.70974585  43.15089299  42.67048295
  42.81861877  39.87369954  38.72862015  40.29738701  39.62489649
  39.26518838  34.26861359  34.79829123  34.67072136  34.41769059
  33.13307313  33.29539664  33.64156161  33.71209273  34.27527436
  33.61788833  33.93816387  34.44847337  28.06662391  28.44044109
  28.32905549  28.09055997  28.36803794  27.40468101  27.72451281
  27.72689395  28.18273487  28.51332612  28.63415993  28.37495167
  21.95504198  22.12266157  22.12250784  21.98398592  22.14101892
  22.21889248  22.5977707   22.52647879  22.28329118  22.04777934
  22.19309908  21.83308983  16.00902772  16.17392839  16.40095445
  16.73993814  16.6497259   16.49025203  16.28910866  15.9082195
  16.04167588  16.31456529  16.19822793  16.02963227  10.11165784
  10.08376473  10.3166346   10.29496246  10.26316233  10.23345832
  10.37279499  10.39542886  10.35877155  10.25625622  10.20994471
  10.31026081   4.5418326    4.55661492   4.63425691   4.6891271
   4.83118461   4.88788726   4.89194686   4.82473777   4.85182377
   4.9849149    4.97606968   4.95031934   0.           0.
   0.           0.           0.           0.           0.
   0.           0.           0.           0.           0.
   0.        ]","[100.          93.31328106  94.75223745  87.10443168  88.04490867
  92.75545198  85.51323174  84.13527378  78.34552477  71.63641843
  71.78344035  71.26464545  70.26092584  67.67921109  63.82903738
  66.79422726  68.89840297  67.81742297  64.57955624  64.6240944
  60.61736961  64.14740565  70.39025168  72.94634703  68.38116439
  71.25138102  74.04583337  71.44975767  69.26162653  66.97954148
  66.10011745  66.56905936  61.95351977  62.78717337  65.78228441
  60.83152086  52.2854512   51.32210146  48.95893846  51.85156993
  53.4352762   55.13831023  56.98439717  58.55667786  55.62307982
  58.82158841  59.50414171  59.83481792  54.15508712  55.05986438
  54.49701181  54.00170699  52.1903435   51.65206979  49.68762257
  51.4915612   52.53040868  52.57179178  54.26936887  54.76537847
  48.72923193  50.53794448  49.11570548  47.68514334  49.26804567
  50.40618769  52.69026878  51.90729882  54.78257045  53.48577145
  56.79452301  58.40525938  52.04459196  51.46585114  50.98649518
  52.08602728  50.09491888  49.81168796  49.72031398  50.51199349
  50.76835046  50.94577873  52.49146894  52.43920008  44.79615705
  45.45906257  45.80306848  47.04732156  49.35723842  50.02554051
  52.47002952  51.66461219  52.42568226  53.94264932  51.8566211
  51.61072854  41.62855813  42.60965473  42.17878233  43.44701143
  43.46093454  41.07347562  39.83179419  38.39513899  38.07258191
  33.13362746  32.69303938  33.43606441  27.6234705   26.21783789
  27.69008433  29.38233053  29.67953859  29.65916597  31.24801411
  31.49561171  32.2676596   31.45082153  31.16047489  32.28697748
  25.23126597  25.13180798  25.84409906  26.11897786  25.33223732
  25.80421835  26.22052609  25.97956567  26.7153016   26.80134338
  27.10246236  28.00871833  21.66698218  20.83059617  21.62179686
  22.04469616  21.76284274  21.52055139  21.59526263  20.11001378
  19.53250121  20.32369751  19.98453175  19.80311554  14.14220606
  14.36079706  14.30815065  14.20372818  13.67358345  13.74057223
  13.88342996  13.91253723  14.14495487  13.87366031  14.00583381
  14.21643183   8.06362548   8.17102428   8.13902286   8.07050238
   8.15022264   7.87344729   7.96533593   7.96602004   8.09698451
   8.19196437   8.22668028   8.15220897   2.13088245   2.14715104
   2.14713612   2.13369165   2.14893274   2.15649089   2.19326353
   2.18634418   2.16274121   2.13988322   2.15398747   2.11904618
   0.           0.           0.           0.           0.
   0.           0.           0.           0.           0.
   0.           0.           0.           0.           0.
   0.           0.           0.           0.           0.
   0.           0.           0.           0.           0.
   0.           0.           0.           0.           0.
   0.           0.           0.           0.           0.
   0.           0.           0.           0.           0.
   0.           0.           0.           0.           0.
   0.           0.           0.           0.           0.
   0.           0.           0.           0.           0.
   0.           0.           0.           0.           0.
   0.        ]","[100.          96.32553269  90.84571065  95.06596514  98.06076728
  96.52224499  91.91389876  91.97728841  86.2746525   91.29883344
 100.1840651  103.82206918 100.20078986 104.40659676 108.50138418
 104.69728349 101.4909551   98.14695348  96.85830941  97.5454628
  90.78218645  92.00376186  96.39257995  89.13809077  79.55023537
  78.08453704  74.48907849  78.89010227  81.29964839  83.89074697
  86.69949485  89.09165742  84.62830462  89.49470829  90.53318599
  91.0362967   85.83351975  87.26755338  86.3754559   85.59041873
  82.71948431  81.86634326  78.75277762  81.61194396  83.25847322
  83.32406367  86.01465148  86.80080569  81.05008167  84.05846687
  81.69289321  79.31347589  81.94627674  83.83931917  87.63837267
  86.33607881  91.11844437  88.96151186  94.46487347  97.14396996
  90.80367894  89.79393338  88.95758742  90.87597233  87.4020289
  86.90786787  86.7484451   88.12971083  88.57698413  88.88654827
  91.58335791  91.49216295  82.71996016  83.94407227  84.5793088
  86.87692922  91.14238954  92.37646689  96.89042627  95.40315384
  96.80853524  99.6097455   95.75771482  95.30365304  81.74644927
  83.67303926  82.82693047  85.31736566  85.34470663  80.65642774
  78.21812452  75.39694917  74.76354035  65.06486215  64.19967457
  65.65876085  60.30279663  57.23426195  60.44821646  64.14243651
  64.79124989  64.74677589  68.21527513  68.75578751  70.44118931
  68.65800931  68.0241746   70.48336078  62.16006742  61.91504145
  63.66985079  64.34704571  62.40882172  63.57160017  64.59722123
  64.00358808  65.81615646  66.02813008  66.76997061  69.00263434
  62.32248962  59.91672504  62.19251945  63.40893884  62.59822109
  61.90129893  62.11619689  57.84405575  56.18290975  58.4586915
  57.48312166  56.96129959  52.38564545  53.19535154  53.0003384
  52.61353605  50.64977073  50.89791097  51.42708545  51.53490475
  52.39582761  51.39089663  51.88049453  52.66059299  45.89940529
  46.5107359   46.32857886  45.93854968  46.39232971  44.8168816
  45.33992596  45.34382     46.08929005  46.62993013  46.82753849
  46.40363625  39.45901729  39.76027403  39.75999774  39.51103721
  39.79326705  39.93322643  40.6141708   40.48604039  40.04896793
  39.62569086  39.88686887  39.23983702  33.33716206  33.68055082
  34.15330935  34.85920821  34.67135046  34.33926243  33.92040194
  33.12723924  33.40514851  33.97341276  33.73115213  33.38006891
  27.10216921  27.02740762  27.65156627  27.59347865  27.50824509
  27.42862976  27.80209236  27.86275767  27.76450547  27.48973474
  27.36560649  27.63448266  21.74251909  21.81328453  22.18496986
  22.44764272  23.127696    23.39914116  23.41857515  23.09683386
  23.22649913  23.86362883  23.82128528  23.69801405  18.19016613
  17.5531368   17.64195453  17.86033707  17.52144957  17.20238143
  17.12381901  17.07874464  17.02627604  15.83595752  16.21227157
  16.09408887  10.80873694  10.74149048  10.62837785  10.74551187
  10.32014782  10.55923159  10.32336847  10.15437412  10.35806819
  10.38555558  10.45741051  10.70174912   4.92274961   4.76213397
   4.47633539   4.73110235   4.83211502   4.91123231   5.07482657
   5.13169943   5.10610021   5.06730111   5.41131678   5.67788272
   5.73760409]","[100.         104.19737899 108.28396097 104.48748322 101.28757992
  97.95027925  96.66421746  97.34999389  90.60027029  91.81939782
  96.19942127  88.95946918  79.31199575  77.85068694  74.26599618
  78.65383963  81.05616957  83.63950825  86.43984439  88.82484284
  84.37485703  89.22668663  90.26205427  90.76365825  85.48750835
  86.91576112  86.02725985  85.24538732  82.38602618  81.53632431
  78.43531005  81.28295054  82.92284233  82.98816837  85.6679099
  86.45089497  80.62858581  83.62132609  81.26805445  78.90101114
  81.52012027  83.40331805  87.18261482  85.88709346  90.64458863
  88.4988731   93.97361483  96.63877885  90.2311471   89.22776815
  88.39669549  90.30298467  86.85094502  86.35989974  86.20148216
  87.57403879  88.01849196  88.32610425  91.00591007  90.9152901
  82.09546809  83.31033879  83.94077962  86.22105422  90.45431257
  91.67907328  96.15895465  94.68291035  96.07768185  98.85774446
  95.03479458  94.58416073  81.02538574  82.9349818   82.0963363
  84.56480403  84.59190383  79.944979    77.52818339  74.73189288
  74.10407119  64.49094243  63.63338644  65.07960251  59.64945762
  56.61416838  59.79330192  63.44749767  64.0892816   64.04528945
  67.4762099   68.01086621  69.67800784  67.91414736  67.28717981
  69.71972241  61.35896896  61.1171008   62.84929474  63.51776219
  61.6045174   62.75231034  63.76471353  63.17873093  64.96793952
  65.17718131  65.90946124  68.11335113  61.37642011  59.00717558
  61.24842291  62.44637678  61.64796591  60.96162319  61.17325895
  56.96596988  55.33004045  57.57127532  56.61051485  56.09661416
  51.43022695  52.22516548  52.03370903  51.65396124  49.72601142
  49.96962603  50.48914933  50.59500221  51.44022341  50.45362054
  50.93428907  51.70015994  44.89196102  45.48987355  45.31171467
  44.93024623  45.37406626  43.83319759  44.34476167  44.34857025
  45.077678    45.60645159  45.79972266  45.38512463  38.40396367
  38.69716541  38.69689651  38.45459267  38.72927626  38.86549342
  39.52823072  39.40352626  38.97814023  38.56618073  38.82037536
  38.19064383  32.224968    32.55690063  33.013887    33.69623566
  33.51464522  33.19363631  32.78874984  32.02204862  32.29068629
  32.83999211  32.60581378  32.26644339  25.94556247  25.87399139
  26.47151357  26.41590489  26.33430873  26.25809105  26.61561584
  26.67369221  26.579633    26.31658833  26.19775735  26.45515902
  20.50422714  20.57096232  20.92147922  21.16919219  21.81051469
  22.06650036  22.08482754  21.78141023  21.90369073  22.50453427
  22.4646023   22.34835168  16.76003235  16.17308707  16.25492183
  16.45613486  16.14389113  15.84990853  15.77752278  15.73599222
  15.68764877  14.59091458  14.93764235  14.82875132   9.43303736
   9.37434981   9.27563377   9.37785936   9.00663422   9.21528821
   9.00944496   8.86195963   9.03972821   9.0637171    9.12642658
   9.33966659   3.53413145   3.41882256   3.21364257   3.3965444
   3.46906323   3.52586297   3.64331026   3.68414033   3.66576218
   3.6379076    3.88488271   4.07625524   0.           0.
   0.           0.           0.           0.           0.
   0.           0.           0.           0.           0.
   0.        ]"
